accident_type,driver_age,previous_claims,days_to_report,police_report_status,driver_authorised,third_party_involved,third_party_injury,third_party_damage,estimated_damage,claim_amount,claim_to_damage_ratio,claim_to_insured_value_ratio,risk_level
Collision,27,0,4,not_reported,True,True,False,True,151331,148304,0.98,0.14,medium
Collision,36,2,12,reported,True,True,False,True,138360,140539,1.016,0.133,high
Hail/Weather,38,2,5,not_required,True,False,False,False,213988,180323,0.843,0.409,medium
Collision,33,1,3,reported,True,False,False,False,63833,45168,0.708,0.07,low
Hail/Weather,45,0,4,not_required,True,False,False,False,158582,141740,0.894,0.234,low
Collision,22,1,2,not_reported,True,False,False,False,169515,93233,0.55,0.109,low
Collision,25,1,0,not_required,True,False,False,False,78264,71967,0.92,0.081,medium
Theft,49,0,5,reported,True,False,False,False,70628,58552,0.829,0.041,medium
Collision,28,0,4,reported,True,True,False,True,62893,60208,0.957,0.082,low
Hit & Run,31,1,4,reported,True,True,False,True,140604,101502,0.722,0.088,high
Collision,21,0,30,not_required,True,False,False,False,63168,52843,0.837,0.045,low
Vandalism,73,3,2,not_required,True,False,False,False,38093,28774,0.755,0.021,medium
Theft,24,2,3,not_reported,True,False,False,False,92350,60316,0.653,0.086,high
Collision,39,0,2,not_reported,True,False,False,False,111751,87276,0.781,0.163,low
Vandalism,21,1,5,not_required,True,False,False,False,66069,66595,1.008,0.152,high
Hail/Weather,51,0,0,not_required,True,False,False,False,108240,91930,0.849,0.103,low
Hail/Weather,43,0,5,not_required,True,False,False,False,101283,77833,0.768,0.067,low
Hit & Run,46,1,2,reported,True,False,False,False,249158,168975,0.678,0.203,medium
Other,45,0,1,not_reported,True,True,False,True,124333,140086,1.127,0.234,high
Collision,69,0,10,reported,True,True,False,True,187529,135733,0.724,0.152,high
Hit & Run,19,2,11,not_reported,True,False,False,False,109531,111052,1.014,0.141,high
Vandalism,47,4,1,not_required,True,False,False,False,44626,47240,1.059,0.06,high
Fire,55,0,4,reported,True,False,False,False,18768,13097,0.698,0.015,low
Other,60,2,3,not_reported,True,False,False,False,35172,32874,0.935,0.052,medium
Vandalism,27,0,4,not_reported,False,False,False,False,60053,48447,0.807,0.046,high
Hail/Weather,41,1,0,not_required,True,False,False,False,53598,52526,0.98,0.064,low
Collision,52,0,17,reported,True,False,False,False,123273,93028,0.755,0.091,low
Collision,27,0,0,reported,True,False,False,False,134789,108042,0.802,0.238,low
Collision,74,1,4,not_required,False,False,False,False,55474,54511,0.983,0.077,high
Collision,34,3,4,reported,True,False,False,False,91884,99234,1.08,0.069,high
Theft,25,1,1,reported,True,True,True,True,96736,94801,0.98,0.132,high
Hail/Weather,66,0,3,reported,True,False,False,False,50285,58384,1.161,0.077,low
Vandalism,31,0,0,reported,True,True,False,True,140884,114987,0.816,0.243,medium
Vandalism,36,0,1,not_reported,True,True,False,True,69733,74106,1.063,0.049,medium
Other,38,0,3,not_reported,True,False,False,False,66883,53363,0.798,0.123,medium
Natural Disaster,35,1,12,not_required,True,True,False,False,152761,128148,0.839,0.194,medium
Hit & Run,46,0,0,not_required,True,True,False,True,207596,207732,1.001,0.366,high
Hit & Run,49,3,5,reported,True,False,False,False,181805,188484,1.037,0.207,high
Other,71,0,14,not_reported,True,False,False,False,63521,57646,0.908,0.042,high
Collision,22,0,5,reported,True,False,False,False,43087,45516,1.056,0.052,medium
Collision,33,1,5,reported,True,True,False,True,74549,62352,0.836,0.087,medium
Collision,41,0,4,not_reported,True,False,False,False,51474,43418,0.844,0.048,low
Collision,44,1,5,reported,True,False,False,False,33426,22220,0.665,0.031,low
Vandalism,42,0,0,not_required,True,True,False,False,174912,156065,0.892,0.234,low
Natural Disaster,48,0,4,not_reported,True,True,False,True,108095,114433,1.059,0.15,medium
Other,40,1,1,not_required,False,False,False,False,28035,21844,0.779,0.024,medium
Theft,25,0,5,reported,True,True,False,True,63421,52258,0.824,0.069,medium
Theft,34,0,0,not_reported,True,True,False,False,162754,152689,0.938,0.174,medium
Natural Disaster,40,2,1,reported,True,True,False,True,148751,145776,0.98,0.078,high
Theft,27,1,2,reported,False,False,False,False,82237,60833,0.74,0.07,medium
Collision,33,0,4,reported,True,False,False,False,67242,48164,0.716,0.062,low
Collision,50,2,1,not_reported,True,True,False,False,49855,42622,0.855,0.082,medium
Collision,43,0,6,not_reported,True,True,False,False,161259,137188,0.851,0.125,high
Theft,51,0,5,reported,True,False,False,False,69323,63655,0.918,0.098,high
Collision,53,1,5,reported,True,False,False,False,64042,54292,0.848,0.053,low
Hit & Run,19,1,0,reported,True,True,False,True,105373,85997,0.816,0.052,medium
Hit & Run,42,1,2,not_reported,True,True,False,False,107986,101534,0.94,0.098,high
Hit & Run,43,1,17,reported,True,True,False,False,114780,117065,1.02,0.247,high
Collision,26,1,13,reported,True,False,False,False,74651,65640,0.879,0.063,medium
Collision,48,0,4,reported,True,False,False,False,80356,66768,0.831,0.075,low
Vandalism,37,1,4,not_reported,True,False,False,False,53770,46000,0.856,0.039,high
Collision,69,0,2,reported,True,False,False,False,211965,218485,1.031,0.332,low
Vandalism,39,1,9,not_required,True,False,False,False,85734,66570,0.776,0.099,medium
Natural Disaster,36,0,15,not_required,True,True,False,True,151422,107326,0.709,0.277,medium
Vandalism,33,2,3,reported,True,False,False,False,64506,49520,0.768,0.06,low
Collision,61,0,0,reported,True,False,False,False,27838,26286,0.944,0.023,low
Collision,37,0,1,not_reported,True,True,False,True,304295,255976,0.841,0.33,high
Collision,41,1,0,reported,True,False,False,False,113275,106626,0.941,0.169,low
Other,40,1,3,not_reported,True,True,False,True,22297,22480,1.008,0.013,medium
Collision,33,0,3,reported,False,False,False,False,16475,16030,0.973,0.011,high
Theft,35,0,3,reported,True,False,False,False,52122,54825,1.052,0.073,medium
Theft,41,0,14,not_reported,True,False,False,False,79594,65976,0.829,0.062,high
Fire,52,0,0,reported,True,False,False,False,39816,34316,0.862,0.047,low
Collision,48,0,13,not_reported,True,True,False,True,69634,47874,0.688,0.043,high
Natural Disaster,64,0,1,not_required,True,True,True,False,209671,221360,1.056,0.338,medium
Hit & Run,48,3,0,reported,True,True,False,False,280812,210607,0.75,0.262,high
Collision,24,1,1,reported,True,False,False,False,147755,151396,1.025,0.159,low
Collision,22,0,3,reported,False,True,False,False,70617,72665,1.029,0.122,high
Theft,45,0,4,reported,True,False,False,False,141406,146387,1.035,0.151,medium
Collision,32,1,1,reported,True,True,False,True,197810,213793,1.081,0.276,medium
Hail/Weather,25,0,2,not_required,True,False,False,False,260933,209350,0.802,0.415,low
Collision,31,0,4,reported,True,False,False,False,125313,129569,1.034,0.083,low
Collision,20,0,4,reported,True,False,False,False,106430,75941,0.714,0.173,low
Hail/Weather,48,2,1,reported,True,True,False,False,77262,83443,1.08,0.098,high
Hit & Run,68,0,2,reported,True,False,False,False,113844,109973,0.966,0.202,medium
Collision,45,0,1,reported,True,True,False,False,108156,93909,0.868,0.279,low
Collision,45,2,4,not_reported,True,True,True,True,66724,57976,0.869,0.059,high
Hit & Run,39,1,12,reported,True,True,False,True,154553,160400,1.038,0.166,high
Other,25,0,8,reported,True,True,False,True,88577,96875,1.094,0.13,medium
Collision,48,1,4,reported,True,False,False,False,96356,94428,0.98,0.128,low
Collision,44,0,0,reported,True,False,False,False,100819,80659,0.8,0.047,low
Collision,37,0,2,reported,True,False,False,False,303411,203746,0.672,0.196,low
Collision,25,0,9,reported,True,False,False,False,140082,125891,0.899,0.127,low
Collision,29,0,5,not_reported,True,False,False,False,35379,27008,0.763,0.036,low
Collision,61,2,3,reported,True,True,False,True,59392,40347,0.679,0.027,medium
Collision,37,0,2,reported,True,False,False,False,112506,106979,0.951,0.098,low
Collision,46,1,25,reported,True,False,False,False,86162,92138,1.069,0.076,medium
Natural Disaster,71,1,0,not_required,True,True,False,True,210188,154586,0.735,0.329,medium
Collision,33,3,7,reported,True,True,False,True,113605,115466,1.016,0.08,high
Theft,48,0,3,reported,False,True,False,True,103952,103606,0.997,0.147,high
Fire,20,0,4,not_reported,True,False,False,False,98733,95539,0.968,0.119,medium
Other,71,1,3,reported,True,True,False,True,31072,22122,0.712,0.032,low
Hit & Run,66,1,13,reported,True,True,False,False,88991,87211,0.98,0.1,high
Collision,30,2,4,reported,True,False,False,False,40083,35841,0.894,0.037,low
Collision,48,1,12,not_required,True,True,False,True,77035,60515,0.786,0.125,high
Hit & Run,40,1,1,not_reported,True,False,False,False,301923,187812,0.622,0.189,medium
Collision,73,1,11,reported,True,False,False,False,276827,256988,0.928,0.246,low
Collision,32,1,10,reported,True,True,False,True,48679,44074,0.905,0.044,medium
Theft,30,2,2,not_reported,True,False,False,False,275036,192215,0.699,0.21,high
Natural Disaster,67,1,8,not_required,True,False,False,False,41977,34333,0.818,0.061,medium
Vandalism,45,1,5,not_required,True,False,False,False,85496,73701,0.862,0.073,low
Collision,35,0,11,reported,False,False,False,False,142050,131899,0.929,0.197,high
Vandalism,30,1,23,not_reported,True,False,False,False,36616,28115,0.768,0.025,high
Natural Disaster,43,1,1,reported,True,True,False,False,42620,36935,0.867,0.049,medium
Vandalism,46,0,5,reported,True,False,False,False,81164,71094,0.876,0.087,low
Collision,40,0,7,reported,True,True,False,False,68568,74582,1.088,0.06,high
Hail/Weather,24,1,2,not_required,True,False,False,False,50267,39082,0.777,0.063,medium
Fire,40,3,7,not_required,True,False,False,False,69935,79628,1.139,0.073,high
Vandalism,55,1,0,not_required,True,False,False,False,94347,88627,0.939,0.101,low
Collision,44,2,3,not_reported,True,False,False,False,60311,46432,0.77,0.029,medium
Natural Disaster,75,1,14,not_reported,True,False,False,False,81350,75904,0.933,0.204,high
Vandalism,28,0,0,not_required,True,False,False,False,164725,161630,0.981,0.18,low
Collision,42,0,14,not_reported,False,True,False,True,57932,49402,0.853,0.072,high
Vandalism,39,0,13,not_required,True,True,False,False,73682,62618,0.85,0.14,medium
Hail/Weather,19,0,1,reported,True,False,False,False,101097,79657,0.788,0.183,low
Collision,41,1,2,reported,True,True,False,False,91507,66501,0.727,0.185,medium
Natural Disaster,68,0,8,not_reported,True,False,False,False,286182,180174,0.63,0.296,medium
Vandalism,69,2,5,reported,True,False,False,False,197046,171504,0.87,0.161,low
Collision,22,3,4,not_reported,True,True,False,True,88751,83681,0.943,0.115,high
Fire,68,0,0,reported,True,False,False,False,24417,18517,0.758,0.06,low
Vandalism,64,1,4,reported,True,False,False,False,65082,68761,1.057,0.107,low
Collision,45,0,0,not_reported,True,False,False,False,128831,136078,1.056,0.28,low
Fire,38,2,5,reported,True,False,False,False,116653,107441,0.921,0.126,medium
Hail/Weather,41,1,4,not_reported,True,False,False,False,96437,79517,0.825,0.099,low
Hit & Run,41,0,5,reported,True,False,False,False,59293,51499,0.869,0.053,medium
Vandalism,47,0,3,not_reported,True,True,False,True,116003,101293,0.873,0.153,high
Natural Disaster,56,1,3,reported,False,False,False,False,150203,121159,0.807,0.184,high
Hail/Weather,47,2,1,reported,True,False,False,False,36938,34700,0.939,0.033,medium
Collision,43,1,2,not_required,True,True,False,True,292746,195453,0.668,0.265,high
Natural Disaster,25,1,1,not_required,True,True,False,True,39462,32767,0.83,0.056,low
Collision,21,1,14,reported,True,True,False,True,55360,41324,0.746,0.022,medium
Hail/Weather,63,1,8,not_required,False,False,False,False,74316,80239,1.08,0.194,high
Collision,54,2,1,not_required,True,True,False,False,146928,145646,0.991,0.103,high
Collision,53,1,3,not_required,True,True,False,True,88360,81232,0.919,0.092,high
Collision,20,1,4,not_required,True,False,False,False,49037,32383,0.66,0.042,low
Collision,34,0,2,reported,True,False,False,False,81754,67238,0.822,0.094,low
Collision,28,0,3,reported,True,True,False,True,25419,20321,0.799,0.014,low
Other,25,1,2,reported,True,True,False,False,70456,67293,0.955,0.095,low
Natural Disaster,31,1,13,not_reported,True,False,False,False,73796,56875,0.771,0.03,medium
Hail/Weather,49,2,12,not_reported,True,False,False,False,56303,40284,0.715,0.028,medium
Theft,30,2,5,not_reported,False,True,False,True,194174,198727,1.023,0.304,high
Collision,53,2,4,reported,True,False,False,False,48385,51724,1.069,0.041,low
Theft,38,0,4,reported,True,True,False,True,39964,39101,0.978,0.063,medium
Hit & Run,23,0,13,reported,True,False,False,False,45911,43648,0.951,0.044,medium
Theft,55,1,5,reported,True,True,True,False,86354,88208,1.021,0.115,high
Collision,57,1,5,reported,True,True,False,False,49155,54913,1.117,0.107,medium
Collision,37,1,4,reported,True,True,False,True,112238,108594,0.968,0.254,medium
Collision,73,0,12,not_reported,True,False,False,False,96165,94242,0.98,0.259,high
Collision,33,1,2,reported,True,True,False,False,281890,233066,0.827,0.289,low
Natural Disaster,43,2,1,not_required,True,False,False,False,160298,133727,0.834,0.091,medium
Theft,29,0,1,reported,True,False,False,False,86084,72880,0.847,0.097,low
Collision,21,1,5,reported,True,True,False,True,188910,122914,0.651,0.147,low
Hail/Weather,44,0,10,not_required,True,False,False,False,123140,113289,0.92,0.052,low
Natural Disaster,20,0,0,reported,True,True,False,False,47279,46333,0.98,0.029,low
Collision,68,0,1,reported,True,False,False,False,319013,344534,1.08,0.361,medium
Other,25,0,0,reported,True,False,False,False,47220,50998,1.08,0.062,low
Collision,52,0,2,reported,False,False,False,False,81536,74398,0.912,0.097,high
Collision,45,1,1,not_required,True,True,False,True,84869,90996,1.072,0.071,high
Collision,20,0,3,reported,True,False,False,False,212845,194348,0.913,0.195,low
Collision,49,0,13,not_reported,True,False,False,False,42451,41602,0.98,0.051,high
Hail/Weather,48,2,2,reported,True,False,False,False,136558,122446,0.897,0.112,low
Theft,22,2,2,reported,True,False,False,False,115151,88906,0.772,0.063,high
Collision,33,0,0,not_required,True,False,False,False,111405,96624,0.867,0.195,low
Collision,43,0,0,reported,True,True,False,True,56148,59349,1.057,0.08,medium
Collision,36,0,0,not_reported,True,False,False,False,52917,53447,1.01,0.046,medium
Collision,35,4,1,reported,True,False,False,False,152527,167634,1.099,0.237,high
Collision,25,0,7,not_reported,True,False,False,False,35843,29834,0.832,0.071,medium
Collision,45,3,10,not_reported,True,True,False,False,44457,40901,0.92,0.038,high
Collision,25,1,8,reported,True,False,False,False,29648,25780,0.87,0.043,low
Hail/Weather,30,1,1,not_required,False,False,False,False,72223,66400,0.919,0.05,high
Collision,19,5,1,reported,True,False,False,False,40309,44292,1.099,0.036,high
Theft,69,1,0,reported,True,False,False,False,51430,37764,0.734,0.111,medium
Collision,65,1,1,reported,True,False,False,False,58731,37460,0.638,0.067,low
Collision,31,2,5,reported,True,False,False,False,71498,53227,0.744,0.056,low
Collision,28,0,4,reported,False,True,False,False,141690,107902,0.762,0.117,high
Hit & Run,51,0,3,not_reported,True,True,False,True,171003,167582,0.98,0.496,high
Collision,32,0,13,reported,True,False,False,False,25078,20256,0.808,0.03,low
Collision,43,0,3,not_required,True,False,False,False,85291,58721,0.688,0.045,low
Collision,65,0,3,not_reported,True,False,False,False,29740,30147,1.014,0.02,low
Collision,25,0,1,reported,True,True,False,True,31557,22944,0.727,0.036,low
Hit & Run,48,1,2,reported,True,False,False,False,279105,277223,0.993,0.315,high
Collision,25,0,9,reported,True,False,False,False,24431,23750,0.972,0.019,low
Hail/Weather,18,0,1,reported,True,False,False,False,112174,109930,0.98,0.114,low
Hail/Weather,36,2,2,not_required,True,True,False,True,16003,12245,0.765,0.008,medium
Vandalism,48,0,0,reported,False,False,False,False,89098,73761,0.828,0.045,medium
Collision,75,0,13,not_required,True,False,False,False,58850,46856,0.796,0.097,low
Natural Disaster,25,0,5,not_required,True,False,False,False,116673,74581,0.639,0.046,low
Other,49,2,2,not_required,True,True,False,True,57226,45106,0.788,0.074,low
Collision,28,0,0,reported,True,False,False,False,58306,46299,0.794,0.052,low
Vandalism,44,0,10,not_reported,True,True,False,True,94597,71163,0.752,0.11,high
Fire,56,0,10,not_required,True,True,False,False,144553,157296,1.088,0.371,medium
Other,54,0,2,not_required,True,False,False,False,104651,69657,0.666,0.076,low
Vandalism,33,1,1,reported,True,False,False,False,52951,51892,0.98,0.025,low
Hail/Weather,34,2,11,reported,True,False,False,False,104709,86629,0.827,0.162,low
Vandalism,33,1,2,reported,True,True,False,True,44114,42609,0.966,0.027,medium
Collision,28,0,1,not_reported,True,True,False,True,72227,81149,1.124,0.137,high
Collision,49,0,18,reported,True,False,False,False,202091,198049,0.98,0.164,medium
Hail/Weather,29,0,0,not_required,True,False,False,False,96667,101620,1.051,0.095,low
Vandalism,46,2,3,not_required,True,True,False,True,108558,82162,0.757,0.078,medium
Natural Disaster,22,1,4,reported,True,True,False,True,66559,42849,0.644,0.065,medium
Hit & Run,43,0,1,reported,True,False,False,False,44900,43978,0.979,0.038,low
Collision,72,3,15,reported,True,False,False,False,161443,123780,0.767,0.112,high
Fire,75,1,10,not_required,True,False,False,False,82764,75645,0.914,0.05,medium
Collision,18,1,8,not_reported,True,True,False,True,119357,114772,0.962,0.199,high
Theft,44,3,4,not_reported,True,False,False,False,103634,105352,1.017,0.113,high
Collision,31,1,3,reported,True,False,False,False,190399,122926,0.646,0.17,low
Hail/Weather,66,0,5,reported,True,False,False,False,146379,111870,0.764,0.147,low
Vandalism,41,0,11,not_reported,True,True,True,False,50550,44065,0.872,0.033,high
Collision,28,0,0,not_required,True,False,False,False,68146,57902,0.85,0.096,low
Collision,50,2,2,reported,True,True,False,True,72941,72890,0.999,0.062,medium
Natural Disaster,24,1,3,not_required,True,False,False,False,106050,86756,0.818,0.154,medium
Collision,46,0,1,reported,True,True,False,True,60634,42748,0.705,0.023,low
Hit & Run,25,1,0,not_reported,True,True,False,True,116920,98107,0.839,0.127,high
Hit & Run,40,0,2,reported,False,False,False,False,103396,92343,0.893,0.101,high
Hit & Run,23,0,0,reported,True,True,False,True,69529,61550,0.885,0.089,medium
Collision,52,2,5,reported,True,True,False,True,154765,126800,0.819,0.188,medium
Collision,40,0,11,reported,True,False,False,False,74251,72766,0.98,0.087,low
Other,60,0,13,not_reported,False,False,False,False,55981,49414,0.883,0.047,high
Vandalism,47,0,4,not_reported,False,True,False,True,55588,39369,0.708,0.035,high
Hail/Weather,57,1,2,reported,True,False,False,False,112406,89271,0.794,0.101,low
Other,46,1,5,reported,True,False,False,False,98372,87788,0.892,0.082,medium
Hit & Run,68,0,1,reported,True,False,False,False,26094,22428,0.859,0.047,low
Theft,44,0,2,reported,True,False,False,False,45287,49021,1.082,0.028,medium
Collision,41,1,2,not_reported,True,True,False,False,25009,23313,0.932,0.04,high
Hit & Run,43,0,3,reported,False,False,False,False,144520,123414,0.854,0.146,medium
Collision,73,1,5,not_required,True,True,False,True,129322,135036,1.044,0.133,high
Other,31,1,4,not_required,True,True,False,True,177244,119162,0.672,0.222,high
Collision,64,0,2,reported,True,False,False,False,101800,70639,0.694,0.093,low
Other,41,0,8,reported,True,False,False,False,186823,197147,1.055,0.477,medium
Theft,53,0,9,reported,True,False,False,False,44183,51178,1.158,0.103,high
Vandalism,19,0,4,not_reported,True,True,False,True,94079,95304,1.013,0.125,high
Vandalism,29,0,3,not_reported,True,False,False,False,104166,90474,0.869,0.227,medium
Other,41,1,5,reported,True,False,False,False,44221,51248,1.159,0.024,low
Other,22,4,1,not_required,True,True,False,False,62479,43290,0.693,0.031,high
Other,69,0,7,reported,True,True,True,True,205135,143799,0.701,0.268,medium
Collision,22,2,5,reported,True,False,False,False,142778,104062,0.729,0.174,medium
Natural Disaster,46,2,0,not_required,False,False,False,False,39477,29891,0.757,0.062,high
Collision,44,0,2,reported,True,True,False,True,70804,62206,0.879,0.098,medium
Fire,42,1,0,not_required,True,False,False,False,92250,96098,1.042,0.171,low
Collision,25,0,23,reported,True,False,False,False,44714,43820,0.98,0.064,high
Collision,64,1,5,reported,True,True,False,True,67440,50722,0.752,0.041,low
Collision,21,1,0,reported,True,True,False,True,128161,107356,0.838,0.127,medium
Other,23,1,17,not_reported,True,False,False,False,28511,29738,1.043,0.028,high
Natural Disaster,75,1,5,not_required,False,True,False,False,62117,67087,1.08,0.055,high
Collision,26,0,10,not_reported,False,False,False,False,133540,144609,1.083,0.167,high
Natural Disaster,43,2,11,not_required,True,False,False,False,46547,41828,0.899,0.028,medium
Hit & Run,43,0,9,reported,True,False,False,False,99343,89164,0.898,0.201,medium
Collision,46,2,2,reported,True,True,False,True,23176,17660,0.762,0.05,medium
Collision,51,0,6,reported,True,False,False,False,162480,117649,0.724,0.14,low
Collision,25,3,11,reported,True,True,False,True,78880,77303,0.98,0.081,high
Hail/Weather,38,1,2,not_required,True,False,False,False,68523,69163,1.009,0.075,low
Hit & Run,20,0,0,reported,True,False,False,False,73953,54425,0.736,0.06,low
Collision,43,3,12,reported,True,False,False,False,247497,232723,0.94,0.206,high
Collision,46,1,0,reported,True,False,False,False,74936,73437,0.98,0.079,low
Hail/Weather,44,1,5,not_required,True,True,False,True,50449,36239,0.718,0.032,medium
Collision,41,0,1,not_required,False,True,False,True,125295,126241,1.008,0.32,high
Other,53,1,3,not_required,True,True,False,True,137151,114197,0.833,0.13,medium
Collision,49,1,5,reported,True,True,False,False,127631,113633,0.89,0.142,medium
Vandalism,46,1,13,not_reported,True,True,False,True,76584,67931,0.887,0.069,high
Vandalism,71,2,0,not_reported,True,False,False,False,50592,48481,0.958,0.042,high
Hit & Run,66,1,0,reported,True,True,False,False,206113,162722,0.789,0.186,medium
Collision,63,2,6,reported,True,False,False,False,23146,23604,1.02,0.031,medium
Natural Disaster,51,1,2,not_required,True,False,False,False,41999,35045,0.834,0.057,low
Collision,31,1,10,reported,True,False,False,False,80468,74465,0.925,0.156,medium
Hail/Weather,40,0,5,reported,True,True,False,True,53290,44952,0.844,0.05,low
Collision,42,1,1,reported,True,True,False,False,67029,43331,0.646,0.022,medium
Other,25,0,2,not_reported,False,True,True,True,130904,103139,0.788,0.054,high
Collision,51,3,14,not_required,True,False,False,False,28520,23422,0.821,0.025,medium
Collision,35,0,5,not_required,True,False,False,False,167633,120851,0.721,0.309,low
Hit & Run,74,0,4,reported,True,True,True,True,88694,85881,0.968,0.11,high
Other,45,0,29,reported,True,False,False,False,48877,42161,0.863,0.025,medium
Collision,35,0,4,reported,True,True,False,False,72987,69263,0.949,0.068,medium
Collision,71,1,6,not_required,True,True,False,True,157501,136047,0.864,0.355,high
Collision,61,3,4,reported,True,False,False,False,152421,124834,0.819,0.17,medium
Natural Disaster,51,1,1,not_reported,True,False,False,False,340548,289301,0.85,0.446,medium
Vandalism,42,1,1,reported,True,True,False,False,15174,14167,0.934,0.019,low
Collision,42,1,5,reported,True,False,False,False,46027,40370,0.877,0.045,medium
Vandalism,50,0,5,not_reported,True,False,False,False,63890,51503,0.806,0.071,medium
Collision,59,1,1,reported,True,False,False,False,53362,59116,1.108,0.067,medium
Hit & Run,71,0,2,reported,True,True,False,False,81906,67861,0.829,0.14,medium
Theft,40,1,2,not_reported,True,True,False,True,96727,69576,0.719,0.085,medium
Collision,71,0,0,reported,True,False,False,False,139553,136762,0.98,0.367,low
Vandalism,22,2,0,reported,True,True,False,True,32407,27456,0.847,0.044,medium
Fire,73,0,1,reported,True,True,False,False,521146,413180,0.793,0.283,medium
Collision,41,1,7,reported,True,False,False,False,39868,43332,1.087,0.059,low
Collision,35,1,6,reported,False,False,False,False,77631,53082,0.684,0.066,high
Natural Disaster,21,1,4,reported,True,False,False,False,86598,74374,0.859,0.044,low
Collision,44,1,1,not_required,True,False,False,False,284795,249189,0.875,0.461,medium
Theft,33,1,3,reported,True,False,False,False,56326,32996,0.586,0.057,low
Vandalism,75,0,1,reported,True,False,False,False,90956,89137,0.98,0.146,low
Other,18,0,1,not_reported,True,True,True,False,400909,391446,0.976,0.252,high
Collision,30,0,4,reported,True,False,False,False,20024,12038,0.601,0.017,low
Hit & Run,19,2,4,reported,True,False,False,False,190975,135128,0.708,0.104,medium
Fire,25,0,5,not_reported,True,True,False,True,85391,77810,0.911,0.093,high
Collision,71,0,4,reported,True,True,False,True,91324,83553,0.915,0.169,low
Other,48,0,6,not_required,True,True,True,True,367206,391106,1.065,0.38,high
Vandalism,35,0,5,not_reported,True,False,False,False,246125,204868,0.832,0.339,medium
Theft,55,0,5,reported,True,False,False,False,34198,28652,0.838,0.039,medium
Hit & Run,25,1,5,reported,True,True,True,False,115144,67607,0.587,0.118,high
Collision,59,0,5,not_reported,True,True,False,True,397342,322157,0.811,0.535,high
Collision,44,0,8,not_required,True,False,False,False,61829,56883,0.92,0.057,medium
Vandalism,50,0,1,reported,True,False,False,False,95017,82038,0.863,0.167,medium
Theft,41,1,0,reported,True,False,False,False,186257,125558,0.674,0.087,low
Collision,47,0,5,reported,True,False,False,False,111031,81288,0.732,0.085,low
Vandalism,48,0,12,not_required,True,True,True,True,105255,103769,0.986,0.086,high
Theft,45,1,9,not_required,True,False,False,False,71684,81483,1.137,0.087,high
Theft,42,0,6,not_required,True,False,False,False,119311,96845,0.812,0.096,medium
Fire,42,1,3,not_required,True,False,False,False,118679,126220,1.064,0.118,medium
Vandalism,53,0,4,not_required,True,False,False,False,90346,69317,0.767,0.092,low
Collision,75,0,1,reported,True,False,False,False,59086,35004,0.592,0.032,low
Collision,44,1,14,not_reported,True,True,False,False,107098,115406,1.078,0.114,high
Collision,37,2,2,reported,True,False,False,False,27850,27993,1.005,0.022,high
Collision,22,2,0,not_reported,True,False,False,False,23879,18811,0.788,0.024,medium
Other,61,0,4,not_reported,True,False,False,False,44409,31918,0.719,0.024,low
Other,47,0,4,not_reported,True,False,False,False,276014,245415,0.889,0.782,high
Other,25,1,4,not_required,True,False,False,False,105859,96718,0.914,0.109,low
Natural Disaster,58,0,0,not_required,True,True,False,True,430579,335029,0.778,0.495,high
Collision,35,0,0,reported,True,False,False,False,100457,92617,0.922,0.132,low
Vandalism,48,1,9,not_reported,True,False,False,False,64892,69543,1.072,0.097,high
Collision,19,0,2,not_required,True,True,True,True,51550,45533,0.883,0.065,medium
Collision,45,5,25,not_reported,False,True,False,False,73758,52709,0.715,0.038,high
Natural Disaster,48,1,20,not_required,True,True,False,True,32421,29832,0.92,0.018,high
Other,30,0,3,not_required,True,False,False,False,99153,105371,1.063,0.201,low
Collision,52,1,3,reported,True,True,False,False,64810,64564,0.996,0.07,low
Fire,43,1,5,not_required,True,False,False,False,164668,133921,0.813,0.26,medium
Hit & Run,37,1,0,reported,False,False,False,False,50810,43582,0.858,0.056,high
Collision,44,1,5,not_required,True,False,False,False,52348,40668,0.777,0.03,low
Collision,43,0,4,reported,True,True,False,True,84334,62736,0.744,0.052,low
Collision,41,0,0,reported,True,True,False,False,85062,55357,0.651,0.065,low
Collision,45,1,3,reported,True,True,False,True,17358,16818,0.969,0.012,medium
Collision,34,1,3,not_reported,True,False,False,False,29796,28645,0.961,0.021,medium
Hit & Run,44,2,4,reported,True,False,False,False,73855,59437,0.805,0.077,medium
Collision,25,0,3,reported,True,True,False,True,444814,340663,0.766,0.391,medium
Theft,25,0,4,reported,True,False,False,False,96062,72980,0.76,0.06,low
Vandalism,30,1,5,reported,False,True,False,True,105579,89690,0.85,0.043,high
Collision,42,1,5,not_required,True,False,False,False,80049,83111,1.038,0.149,medium
Other,43,1,4,not_required,True,False,False,False,410918,364783,0.888,0.394,medium
Hit & Run,27,0,1,reported,True,False,False,False,250566,195099,0.779,0.248,low
Natural Disaster,61,1,11,not_required,True,False,False,False,118954,108495,0.912,0.189,low
Hit & Run,18,2,2,reported,True,True,False,True,74586,64879,0.87,0.078,high
Collision,19,0,15,not_reported,True,True,False,True,146668,153591,1.047,0.241,high
Collision,25,0,0,not_required,False,False,False,False,90220,89373,0.991,0.132,high
Collision,44,0,5,reported,True,False,False,False,110223,97637,0.886,0.087,low
Natural Disaster,28,1,4,reported,True,False,False,False,14027,11495,0.819,0.015,medium
Collision,39,1,2,not_reported,True,True,False,False,122044,118966,0.975,0.113,high
Collision,40,0,2,reported,True,False,False,False,40438,34402,0.851,0.032,low
Collision,40,0,2,reported,True,False,False,False,34261,28732,0.839,0.035,low
Collision,38,0,6,reported,True,True,False,True,261829,213762,0.816,0.341,medium
Hail/Weather,32,0,4,not_required,True,False,False,False,24902,15210,0.611,0.045,low
Other,28,1,13,not_reported,True,False,False,False,55540,57399,1.033,0.09,medium
Collision,35,1,12,reported,True,True,True,True,135142,145932,1.08,0.408,high
Collision,40,1,1,not_required,True,False,False,False,110098,97392,0.885,0.065,medium
Theft,44,2,2,reported,True,True,False,True,99411,87139,0.877,0.058,high
Vandalism,34,0,5,not_reported,True,False,False,False,70738,69323,0.98,0.086,high
Collision,38,1,2,reported,False,True,False,True,191002,161328,0.845,0.113,high
Hit & Run,54,0,4,reported,True,False,False,False,237531,198071,0.834,0.178,low
Vandalism,51,0,2,reported,True,True,False,False,98641,98386,0.997,0.172,low
Collision,51,1,12,not_required,True,False,False,False,62693,52510,0.838,0.045,medium
Collision,22,0,4,reported,True,False,False,False,93153,99865,1.072,0.157,medium
Collision,30,0,0,not_required,True,False,False,False,103326,90643,0.877,0.101,low
Collision,43,2,4,not_reported,True,False,False,False,222635,209686,0.942,0.255,high
Vandalism,25,1,6,reported,True,True,False,False,133322,123934,0.93,0.179,medium
Collision,40,0,3,not_reported,True,True,False,False,41224,28591,0.694,0.029,low
Hit & Run,35,0,3,reported,True,True,False,True,75314,59397,0.789,0.03,low
Collision,49,0,4,reported,True,True,True,False,144457,146880,1.017,0.293,medium
Theft,29,1,2,not_reported,True,False,False,False,240813,263728,1.095,0.169,high
Vandalism,36,0,2,not_reported,True,False,False,False,65458,51627,0.789,0.03,low
Fire,47,0,3,reported,True,True,False,True,43319,35343,0.816,0.052,low
Hail/Weather,31,2,1,not_required,False,True,False,True,244913,157371,0.643,0.184,high
Vandalism,69,0,5,reported,True,False,False,False,89203,77968,0.874,0.097,low
Collision,38,0,7,reported,True,False,False,False,41183,28750,0.698,0.032,low
Theft,54,0,2,reported,True,False,False,False,185780,133409,0.718,0.243,medium
Hit & Run,49,0,2,reported,True,True,False,True,131947,124240,0.942,0.082,medium
Hit & Run,34,1,3,reported,True,False,False,False,55619,35347,0.636,0.074,low
Collision,70,3,3,reported,True,True,False,True,42694,44549,1.043,0.087,high
Vandalism,38,1,4,not_reported,True,True,False,True,61065,50634,0.829,0.025,high
Collision,46,4,0,reported,True,False,False,False,119219,113668,0.953,0.134,high
Vandalism,22,1,5,not_reported,True,True,False,True,109518,85637,0.782,0.089,medium
Collision,51,2,3,not_required,True,False,False,False,69165,81578,1.179,0.188,high
Hail/Weather,40,1,4,reported,True,False,False,False,38483,34499,0.896,0.108,low
Hail/Weather,46,0,2,not_required,True,False,False,False,173481,211646,1.22,0.321,low
Collision,44,1,1,not_reported,True,False,False,False,61959,50586,0.816,0.055,medium
Collision,20,0,7,not_reported,True,True,False,True,153551,135883,0.885,0.137,high
Collision,41,0,4,not_required,True,True,True,True,362589,400601,1.105,0.322,medium
Collision,45,0,0,reported,True,False,False,False,81718,74487,0.912,0.126,low
Hit & Run,54,2,3,reported,True,False,False,False,194206,198660,1.023,0.17,high
Collision,72,2,3,not_required,True,False,False,False,112066,70883,0.633,0.101,medium
Collision,23,4,1,not_reported,True,True,True,True,58750,60821,1.035,0.062,high
Vandalism,69,2,5,not_reported,True,True,False,False,94943,68987,0.727,0.188,high
Hit & Run,54,0,1,reported,True,False,False,False,56642,63046,1.113,0.13,medium
Other,68,0,4,reported,True,False,False,False,95553,64572,0.676,0.098,low
Collision,60,1,3,reported,False,False,False,False,13787,14080,1.021,0.018,high
Hit & Run,47,0,1,not_reported,True,True,False,True,54092,47480,0.878,0.036,high
Collision,49,0,3,reported,True,False,False,False,73840,70262,0.952,0.089,low
Theft,40,1,8,not_reported,True,True,False,True,71968,48918,0.68,0.081,high
Collision,53,2,2,reported,True,True,True,False,75232,78115,1.038,0.103,high
Hit & Run,34,1,11,reported,True,False,False,False,85414,56692,0.664,0.065,medium
Other,47,0,5,not_reported,True,False,False,False,81940,70989,0.866,0.077,medium
Collision,41,2,3,not_reported,True,False,False,False,126697,98300,0.776,0.152,high
Collision,21,1,14,not_required,True,True,False,True,98998,83988,0.848,0.138,high
Hit & Run,35,1,5,not_reported,True,False,False,False,83566,69449,0.831,0.057,high
Other,23,0,0,not_required,False,False,False,False,71648,51768,0.723,0.051,medium
Vandalism,43,2,2,reported,True,False,False,False,73776,60268,0.817,0.051,medium
Collision,26,2,5,reported,True,True,False,True,26073,23624,0.906,0.023,medium
Collision,43,0,11,reported,True,False,False,False,20588,16768,0.814,0.014,low
Theft,25,2,11,reported,True,False,False,False,57853,50336,0.87,0.043,high
Collision,46,1,6,reported,True,False,False,False,301888,221287,0.733,0.324,low
Theft,35,3,3,reported,True,False,False,False,90325,65036,0.72,0.174,high
Hail/Weather,31,1,2,not_required,True,False,False,False,138099,142945,1.035,0.245,medium
Collision,25,2,5,not_required,True,False,False,False,72399,65033,0.898,0.146,medium
Theft,44,2,20,not_required,True,False,False,False,50089,44076,0.88,0.108,high
Theft,55,0,10,reported,True,True,False,True,106802,102707,0.962,0.076,high
Theft,46,0,2,not_required,True,False,False,False,71927,45288,0.63,0.056,low
Collision,18,0,9,reported,True,False,False,False,105707,97323,0.921,0.113,low
Vandalism,54,0,2,not_reported,True,False,False,False,79668,81696,1.025,0.068,low
Hit & Run,49,1,5,reported,True,False,False,False,82793,68832,0.831,0.055,medium
Hail/Weather,62,1,7,not_required,True,False,False,False,82290,87673,1.065,0.112,low
Collision,74,0,5,not_reported,True,False,False,False,55943,45065,0.806,0.07,low
Collision,20,0,1,not_reported,True,False,False,False,83327,70533,0.846,0.087,high
Collision,69,1,8,not_reported,True,False,False,False,60210,59605,0.99,0.055,high
Vandalism,41,3,3,not_reported,True,True,False,False,144979,120587,0.832,0.079,high
Hit & Run,29,3,5,reported,True,True,False,False,36957,35053,0.948,0.017,high
Theft,41,0,0,reported,True,False,False,False,64460,66305,1.029,0.055,low
Natural Disaster,46,1,5,not_required,True,False,False,False,52490,43903,0.836,0.041,low
Other,52,2,1,reported,True,False,False,False,21111,21392,1.013,0.018,medium
Natural Disaster,18,2,0,not_required,True,True,False,True,110305,81397,0.738,0.046,medium
Vandalism,18,0,3,not_reported,True,False,False,False,56086,41739,0.744,0.042,medium
Hail/Weather,32,0,5,reported,True,True,False,False,35013,36715,1.049,0.029,low
Collision,36,1,1,reported,True,False,False,False,44083,45670,1.036,0.109,medium
Collision,25,1,14,not_required,False,False,False,False,138839,109153,0.786,0.138,high
Hit & Run,39,0,6,reported,False,True,False,False,72986,57498,0.788,0.055,high
Collision,25,4,11,reported,True,False,False,False,124340,106938,0.86,0.198,high
Collision,25,3,2,not_reported,True,False,False,False,80248,61322,0.764,0.063,medium
Vandalism,42,1,2,reported,True,False,False,False,148266,150046,1.012,0.274,low
Other,25,1,3,reported,True,True,True,False,83110,63326,0.762,0.078,high
Theft,53,0,1,not_reported,True,False,False,False,132391,142296,1.075,0.186,high
Collision,25,1,4,not_reported,True,True,False,True,260766,169054,0.648,0.327,high
Hit & Run,39,0,14,reported,True,False,False,False,113452,90300,0.796,0.072,medium
Vandalism,41,0,4,not_required,True,False,False,False,32613,21660,0.664,0.036,low
Other,33,0,2,not_reported,True,True,False,True,88510,80530,0.91,0.056,medium
Collision,69,1,2,not_required,True,False,False,False,124003,114083,0.92,0.255,low
Collision,73,0,24,reported,True,False,False,False,88471,64690,0.731,0.141,medium
Hit & Run,30,1,14,reported,True,False,False,False,63777,62502,0.98,0.072,medium
Vandalism,18,0,12,reported,True,False,False,False,109289,103093,0.943,0.121,low
Theft,68,3,3,reported,True,False,False,False,186314,131486,0.706,0.068,high
Collision,22,3,3,not_reported,True,True,False,False,126225,116554,0.923,0.096,medium
Theft,70,1,2,not_reported,True,True,True,True,30331,21739,0.717,0.025,high
Collision,45,0,3,not_required,True,False,False,False,61926,55169,0.891,0.134,low
Other,45,1,2,reported,True,False,False,False,22207,14955,0.673,0.013,low
Hit & Run,37,0,6,not_required,True,True,False,False,100299,105044,1.047,0.372,high
Hail/Weather,64,0,2,reported,True,True,False,False,35555,35347,0.994,0.02,low
Collision,46,0,2,not_required,True,False,False,False,124937,118753,0.951,0.106,low
Collision,42,1,1,reported,True,False,False,False,225501,226010,1.002,0.193,low
Hit & Run,41,0,0,not_reported,True,True,True,True,78814,79641,1.01,0.184,high
Hit & Run,41,3,5,reported,True,True,False,True,167689,131554,0.785,0.292,high
Hail/Weather,31,0,0,reported,True,True,False,True,125614,138479,1.102,0.097,medium
Theft,37,1,5,reported,True,True,False,False,411402,390492,0.949,0.527,high
Vandalism,65,0,3,not_required,True,False,False,False,105718,87928,0.832,0.076,medium
Hit & Run,30,2,2,not_reported,True,True,True,False,66387,50048,0.754,0.048,high
Other,37,0,5,not_required,True,False,False,False,65202,42652,0.654,0.103,low
Collision,25,0,5,not_reported,True,False,False,False,29583,20836,0.704,0.02,low
Other,39,0,4,reported,True,False,False,False,163161,159898,0.98,0.214,low
Collision,25,0,3,not_reported,True,False,False,False,117982,129781,1.1,0.19,medium
Hail/Weather,69,2,4,not_required,True,False,False,False,122952,98074,0.798,0.113,low
Hail/Weather,62,0,12,not_required,True,False,False,False,44482,37135,0.835,0.033,low
Fire,25,1,7,reported,True,False,False,False,84083,69082,0.822,0.063,medium
Collision,41,1,3,reported,True,True,False,False,50208,37300,0.743,0.073,low
Collision,40,2,12,reported,True,True,False,False,73083,78334,1.072,0.159,high
Collision,48,0,1,reported,True,False,False,False,75084,77091,1.027,0.077,low
Hail/Weather,22,1,18,reported,True,False,False,False,69914,56297,0.805,0.067,medium
Fire,53,2,5,not_required,True,False,False,False,223843,172631,0.771,0.206,medium
Theft,53,2,4,reported,True,False,False,False,127239,95799,0.753,0.082,high
Natural Disaster,73,2,8,not_required,True,True,False,True,25360,26965,1.063,0.037,high
Natural Disaster,54,0,5,not_required,True,False,False,False,41403,40575,0.98,0.052,low
Natural Disaster,40,1,1,not_required,True,False,False,False,31150,24132,0.775,0.016,medium
Fire,28,0,7,reported,True,False,False,False,41085,37450,0.912,0.06,medium
Hit & Run,37,1,4,reported,True,False,False,False,104918,80900,0.771,0.086,medium
Other,18,0,1,reported,True,False,False,False,121889,99508,0.816,0.079,low
Theft,18,2,4,reported,True,True,False,True,160530,173335,1.08,0.412,high
Theft,21,0,2,reported,True,True,False,False,77686,58960,0.759,0.054,low
Hit & Run,72,0,2,reported,False,False,False,False,40391,33719,0.835,0.04,high
Theft,40,3,3,reported,True,False,False,False,54586,36889,0.676,0.028,high
Hit & Run,43,4,13,reported,True,False,False,False,93295,83821,0.898,0.116,high
Other,38,2,26,reported,True,False,False,False,76842,65592,0.854,0.068,high
Hit & Run,38,0,1,reported,True,False,False,False,75764,56308,0.743,0.113,low
Natural Disaster,44,0,13,not_required,True,True,False,True,165904,161528,0.974,0.107,medium
Hit & Run,49,1,12,not_required,False,False,False,False,317708,228895,0.72,0.545,high
Theft,48,0,9,reported,True,False,False,False,51885,33930,0.654,0.036,medium
Hail/Weather,47,0,3,not_required,True,False,False,False,80110,64489,0.805,0.069,low
Hit & Run,75,1,8,reported,True,False,False,False,86875,77347,0.89,0.073,high
Hit & Run,34,2,5,not_reported,True,True,False,True,50551,44971,0.89,0.053,high
Fire,23,0,13,not_required,True,False,False,False,71836,42359,0.59,0.037,low
Theft,51,0,12,reported,True,False,False,False,117721,86358,0.734,0.073,medium
Vandalism,37,1,2,reported,True,False,False,False,69149,59275,0.857,0.051,low
Collision,28,0,13,reported,True,True,False,True,92589,70935,0.766,0.163,low
Other,36,3,10,not_reported,True,True,False,True,97955,91558,0.935,0.08,high
Theft,53,1,0,reported,True,True,False,True,76769,51209,0.667,0.088,medium
Hit & Run,19,1,2,reported,True,False,False,False,87393,74948,0.858,0.119,medium
Hail/Weather,55,0,4,reported,True,False,False,False,600000,535997,0.893,0.479,low
Fire,45,0,10,reported,True,False,False,False,42269,41424,0.98,0.03,medium
Hit & Run,40,2,17,not_reported,True,True,False,True,80236,73817,0.92,0.077,high
Other,28,0,5,reported,False,False,False,False,32074,25517,0.796,0.029,medium
Vandalism,66,0,9,reported,True,False,False,False,240963,263397,1.093,0.29,medium
Fire,37,2,1,reported,True,False,False,False,40665,29525,0.726,0.03,low
Other,55,3,8,reported,True,True,False,False,36184,26751,0.739,0.054,medium
Other,19,0,4,reported,True,False,False,False,363193,271611,0.748,0.316,low
Hit & Run,25,1,5,not_reported,True,False,False,False,106579,86038,0.807,0.154,high
Vandalism,45,0,4,not_required,False,True,False,False,99215,63629,0.641,0.08,high
Theft,37,1,16,not_required,True,True,False,False,38896,29033,0.746,0.022,high
Hit & Run,35,1,1,reported,True,True,False,True,164298,133464,0.812,0.092,high
Fire,23,0,3,not_required,True,False,False,False,22296,16848,0.756,0.037,low
Collision,41,1,0,not_required,True,True,False,False,53493,55105,1.03,0.072,medium
Vandalism,21,1,4,not_required,True,False,False,False,93500,68612,0.734,0.091,low
Hit & Run,46,0,3,reported,True,False,False,False,109508,92737,0.847,0.09,low
Hit & Run,60,1,0,reported,True,False,False,False,226297,187406,0.828,0.164,medium
Vandalism,67,0,1,reported,True,True,False,True,94132,75119,0.798,0.086,low
Natural Disaster,48,0,3,reported,True,False,False,False,35260,33853,0.96,0.073,low
Collision,21,3,3,not_required,True,False,False,False,49985,46679,0.934,0.084,medium
Collision,19,1,9,reported,True,False,False,False,311425,236104,0.758,0.344,medium
Other,30,0,3,not_required,True,True,False,True,55547,50546,0.91,0.032,medium
Theft,56,1,5,reported,False,False,False,False,183823,180147,0.98,0.172,high
Other,25,2,6,reported,True,False,False,False,418285,322741,0.772,0.408,medium
Vandalism,52,2,1,not_required,False,True,False,False,175189,181246,1.035,0.208,high
Natural Disaster,68,1,9,reported,True,True,False,True,76795,72019,0.938,0.061,high
Collision,41,2,13,reported,True,True,False,True,139153,159260,1.144,0.172,high
Hail/Weather,41,1,10,not_required,True,False,False,False,130179,87060,0.669,0.126,low
Collision,25,1,4,reported,True,False,False,False,45780,44950,0.982,0.084,low
Collision,25,1,1,reported,True,True,False,True,79070,79298,1.003,0.089,medium
Theft,35,1,6,reported,True,True,False,True,42365,34128,0.806,0.045,high
Hit & Run,18,0,3,reported,True,True,False,True,109174,97987,0.898,0.116,high
Theft,43,2,0,reported,True,False,False,False,33207,29864,0.899,0.018,low
Theft,43,1,2,reported,True,False,False,False,56814,42501,0.748,0.058,medium
Hail/Weather,40,4,4,not_required,True,True,False,False,83555,62010,0.742,0.078,high
Collision,19,2,5,reported,True,False,False,False,65876,68838,1.045,0.046,high
Fire,35,1,3,reported,True,True,False,False,74980,55751,0.744,0.033,low
Collision,41,1,3,not_reported,True,False,False,False,126383,102745,0.813,0.082,medium
Collision,70,0,4,reported,True,False,False,False,84431,82742,0.98,0.16,low
Theft,25,0,19,not_required,True,True,False,False,322319,212330,0.659,0.388,high
Hit & Run,49,1,0,reported,True,False,False,False,96212,101254,1.052,0.086,medium
Fire,38,0,0,reported,True,True,False,True,168015,171938,1.023,0.351,medium
Collision,71,4,3,not_reported,True,False,False,False,127246,104859,0.824,0.065,high
Natural Disaster,50,0,5,not_required,False,False,False,False,182288,179973,0.987,0.384,high
Collision,25,0,2,reported,True,False,False,False,180027,180377,1.002,0.237,low
Collision,57,2,10,not_reported,True,False,False,False,74884,60687,0.81,0.085,high
Hit & Run,68,1,5,reported,True,True,True,True,73758,53049,0.719,0.041,high
Vandalism,36,1,2,reported,True,False,False,False,101669,93331,0.918,0.198,medium
Collision,67,3,4,reported,True,False,False,False,54484,53054,0.974,0.073,high
Vandalism,50,1,3,reported,True,False,False,False,35221,35908,1.02,0.07,low
Collision,33,0,2,not_reported,True,True,False,True,64311,55213,0.859,0.103,medium
Collision,70,0,2,reported,True,True,False,True,138699,107703,0.777,0.234,medium
Theft,52,2,0,reported,True,False,False,False,198258,136209,0.687,0.179,high
Collision,25,1,5,not_reported,True,True,False,True,155149,130308,0.84,0.148,high
Hit & Run,66,1,5,reported,True,False,False,False,58403,44820,0.767,0.027,medium
Hit & Run,63,2,3,reported,True,False,False,False,47587,34557,0.726,0.027,medium
Collision,37,0,3,reported,True,False,False,False,151580,164553,1.086,0.119,low
Fire,42,0,2,not_reported,True,False,False,False,51995,42451,0.816,0.034,medium
Collision,25,1,2,reported,False,False,False,False,63667,62737,0.985,0.089,high
Vandalism,39,1,2,not_reported,True,False,False,False,163599,122598,0.749,0.223,high
Collision,44,1,6,reported,True,False,False,False,69167,58987,0.853,0.044,low
Theft,18,0,1,not_reported,True,True,False,False,46899,48777,1.04,0.058,high
Collision,36,4,5,reported,True,False,False,False,53698,40354,0.752,0.022,high
Collision,31,1,3,reported,True,False,False,False,109623,112240,1.024,0.165,medium
Collision,27,2,3,reported,True,True,False,True,37220,27688,0.744,0.064,low
Fire,62,0,3,not_required,True,False,False,False,146540,119358,0.815,0.077,low
Vandalism,39,5,0,reported,True,False,False,False,109901,69865,0.636,0.045,high
Hail/Weather,43,0,2,not_required,True,False,False,False,29623,24090,0.813,0.024,low
Collision,72,0,2,reported,True,False,False,False,230262,202392,0.879,0.161,low
Collision,31,0,6,reported,True,True,False,True,198494,181017,0.912,0.31,medium
Vandalism,20,0,2,not_required,True,False,False,False,24868,16653,0.67,0.023,low
Hit & Run,44,0,4,reported,True,False,False,False,44639,32502,0.728,0.039,low
Theft,57,0,28,reported,True,False,False,False,114237,120114,1.051,0.168,high
Other,26,0,25,not_reported,False,True,True,False,86585,72402,0.836,0.064,high
Fire,38,0,5,not_required,True,False,False,False,151826,145790,0.96,0.171,low
Vandalism,73,0,1,not_reported,True,False,False,False,33244,33963,1.022,0.053,high
Other,42,1,5,not_required,True,False,False,False,44235,43350,0.98,0.076,medium
Collision,67,0,4,not_reported,True,False,False,False,44266,30922,0.699,0.031,low
Vandalism,19,0,4,not_reported,True,True,False,False,67644,66092,0.977,0.06,medium
Collision,69,0,6,reported,True,True,False,True,107290,69699,0.65,0.116,low
Natural Disaster,68,0,3,not_required,True,True,False,False,227550,179649,0.789,0.154,medium
Natural Disaster,29,0,3,not_required,True,True,False,False,36359,41395,1.138,0.087,medium
Fire,35,2,2,reported,True,False,False,False,155982,140862,0.903,0.157,medium
Hit & Run,38,1,5,reported,True,True,True,True,63150,54555,0.864,0.064,high
Collision,41,1,11,reported,True,False,False,False,124255,139619,1.124,0.188,medium
Other,51,0,0,reported,False,False,False,False,51881,35365,0.682,0.041,medium
Collision,74,0,3,reported,True,True,False,True,132318,103505,0.782,0.257,medium
Collision,50,1,14,reported,True,True,False,True,189803,195440,1.03,0.226,high
Other,37,0,1,not_reported,True,False,False,False,24797,16239,0.655,0.008,low
Natural Disaster,29,1,3,not_required,True,False,False,False,87653,58121,0.663,0.076,medium
Collision,45,1,5,not_reported,True,False,False,False,44249,46462,1.05,0.054,high
Other,25,0,2,not_required,True,True,False,True,24458,25243,1.032,0.016,medium
Vandalism,40,2,5,reported,True,True,False,True,73226,59731,0.816,0.089,medium
Collision,65,0,2,not_required,True,True,False,False,40925,29003,0.709,0.074,low
Collision,43,1,5,reported,True,False,False,False,114429,93882,0.82,0.065,low
Theft,18,1,3,not_reported,True,True,False,True,107536,105115,0.977,0.237,high
Hit & Run,53,1,0,reported,True,True,False,True,85442,83043,0.972,0.157,high
Collision,21,1,1,not_reported,True,True,False,True,165595,120159,0.726,0.2,high
Hail/Weather,48,1,3,reported,True,False,False,False,101440,74374,0.733,0.054,low
Vandalism,20,1,3,not_required,True,True,False,True,136386,101075,0.741,0.093,medium
Theft,35,1,11,reported,True,False,False,False,67106,48426,0.722,0.044,medium
Collision,67,1,2,reported,True,False,False,False,90210,76010,0.843,0.087,low
Other,65,0,0,reported,True,False,False,False,128759,137786,1.07,0.218,low
Vandalism,29,0,0,not_reported,True,False,False,False,73487,78580,1.069,0.071,medium
Collision,40,1,1,reported,True,False,False,False,74667,70377,0.943,0.064,low
Collision,62,0,2,not_required,True,True,False,True,43235,42370,0.98,0.017,low
Collision,43,0,18,not_reported,True,True,False,False,57220,61816,1.08,0.071,high
Collision,22,1,1,not_reported,True,False,False,False,272039,238659,0.877,0.274,high
Hit & Run,62,1,18,reported,True,False,False,False,144804,174812,1.207,0.115,high
Hail/Weather,34,0,4,not_required,True,False,False,False,102048,77032,0.755,0.101,low
Collision,44,1,0,not_reported,False,False,False,False,52843,37537,0.71,0.031,high
Hail/Weather,73,0,12,not_required,True,False,False,False,120512,99923,0.829,0.236,medium
Hail/Weather,20,1,8,reported,True,False,False,False,128271,78117,0.609,0.082,low
Collision,44,1,3,reported,True,False,False,False,198094,209189,1.056,0.121,low
Collision,49,0,1,not_reported,True,True,False,True,116382,107472,0.923,0.117,medium
Fire,42,1,2,not_required,True,False,False,False,83189,83964,1.009,0.185,high
Vandalism,69,1,4,reported,True,False,False,False,145661,119204,0.818,0.116,low
Theft,42,1,6,reported,True,False,False,False,272436,210561,0.773,0.245,medium
Hit & Run,47,0,1,reported,True,False,False,False,84380,57732,0.684,0.023,low
Collision,30,1,14,reported,True,False,False,False,172148,140374,0.815,0.128,medium
Theft,41,1,13,reported,True,False,False,False,40556,32217,0.794,0.028,medium
Other,42,2,26,reported,True,False,False,False,95823,100558,1.049,0.148,high
Other,24,1,4,not_required,True,False,False,False,38068,35964,0.945,0.056,medium
Natural Disaster,39,0,14,not_required,True,False,False,False,82987,57683,0.695,0.059,low
Natural Disaster,63,1,9,not_reported,True,True,False,True,180260,146929,0.815,0.121,high
Collision,46,1,3,reported,True,False,False,False,87129,68523,0.786,0.061,medium
Collision,49,0,4,reported,True,True,False,True,207106,204804,0.989,0.2,low
Hail/Weather,43,1,2,not_required,True,False,False,False,173234,206507,1.192,0.446,high
Collision,74,1,1,reported,True,False,False,False,47463,30405,0.641,0.027,low
Theft,33,1,4,reported,True,True,True,True,79379,80255,1.011,0.059,high
Natural Disaster,40,0,0,not_required,True,True,False,False,57896,33893,0.585,0.08,low
Collision,60,2,5,reported,True,True,False,False,210966,125639,0.596,0.1,low
Other,68,1,1,reported,True,False,False,False,43074,40171,0.933,0.031,low
Collision,23,1,5,reported,True,False,False,False,28568,21653,0.758,0.021,low
Collision,37,1,1,not_reported,True,True,False,True,76854,75317,0.98,0.056,medium
Collision,45,0,13,reported,True,True,True,False,33432,25189,0.753,0.045,medium
Hail/Weather,33,2,0,not_required,True,True,False,False,92989,70565,0.759,0.028,low
Collision,37,0,2,reported,True,False,False,False,65131,44981,0.691,0.061,low
Natural Disaster,31,1,0,not_required,True,True,False,True,418203,382354,0.914,0.368,medium
Vandalism,37,0,4,reported,True,False,False,False,144255,126758,0.879,0.197,low
Vandalism,53,1,6,reported,True,False,False,False,85166,76418,0.897,0.102,medium
Hit & Run,30,1,2,reported,True,False,False,False,128458,134431,1.047,0.306,high
Collision,32,0,30,reported,True,True,False,False,54881,40103,0.731,0.067,medium
Fire,19,1,2,reported,True,False,False,False,116347,69268,0.595,0.032,low
Collision,28,0,4,reported,True,True,False,False,140474,127848,0.91,0.217,low
Other,63,0,15,not_required,True,False,False,False,58793,35932,0.611,0.039,low
Hit & Run,29,0,0,reported,False,True,False,False,81621,54927,0.673,0.092,high
Collision,25,0,0,reported,True,True,False,False,101451,107867,1.063,0.049,low
Collision,23,0,2,reported,True,False,False,False,66954,70254,1.049,0.122,low
Theft,39,1,22,reported,True,True,False,False,198115,212478,1.073,0.373,high
Collision,34,0,0,reported,True,True,True,True,35087,37770,1.076,0.034,medium
Collision,33,2,6,reported,True,False,False,False,43612,31401,0.72,0.048,medium
Collision,73,0,1,reported,True,False,False,False,55672,40743,0.732,0.071,low
Hit & Run,61,0,4,reported,True,False,False,False,104955,102855,0.98,0.17,medium
Vandalism,25,0,13,not_reported,True,False,False,False,38505,31596,0.821,0.021,medium
Collision,53,2,8,reported,True,False,False,False,73274,89394,1.22,0.166,medium
Hit & Run,71,0,0,reported,True,False,False,False,123662,121188,0.98,0.14,medium
Collision,25,1,2,reported,True,False,False,False,30132,31451,1.044,0.023,medium
Hail/Weather,50,1,7,not_required,False,False,False,False,52791,54175,1.026,0.044,high
Natural Disaster,60,2,4,not_required,True,False,False,False,74860,60139,0.803,0.053,medium
Vandalism,42,0,0,not_reported,True,False,False,False,42442,45135,1.063,0.064,medium
Theft,37,1,8,reported,True,True,False,True,295476,308918,1.045,0.545,high
Hail/Weather,50,2,0,reported,True,False,False,False,96105,64868,0.675,0.055,low
Collision,26,0,1,not_reported,True,False,False,False,72996,73202,1.003,0.096,medium
Hail/Weather,42,1,1,not_required,True,True,False,True,37057,37581,1.014,0.056,low
Collision,48,0,5,not_reported,True,True,False,True,80246,77764,0.969,0.051,medium
Collision,45,1,13,reported,True,False,False,False,64953,63563,0.979,0.05,medium
Collision,61,0,1,not_required,True,True,False,False,25920,21056,0.812,0.022,low
Hit & Run,35,1,5,reported,True,True,False,True,73492,51811,0.705,0.207,medium
Vandalism,68,2,2,not_reported,True,False,False,False,34281,22308,0.651,0.018,medium
Hail/Weather,40,0,11,not_required,True,True,False,True,103851,78181,0.753,0.084,low
Hail/Weather,55,0,0,not_required,True,False,False,False,104142,103287,0.992,0.12,low
Hit & Run,25,2,0,reported,True,True,False,True,131387,99740,0.759,0.134,high
Hail/Weather,42,1,10,not_required,True,True,False,True,255809,189453,0.741,0.183,medium
Vandalism,28,1,2,not_reported,True,False,False,False,30555,20576,0.673,0.021,high
Hit & Run,48,0,6,reported,True,True,False,True,200885,148186,0.738,0.1,low
Hail/Weather,25,2,0,not_required,True,False,False,False,33657,25963,0.771,0.026,low
Collision,25,1,5,reported,True,True,False,True,183590,112582,0.613,0.197,medium
Collision,38,1,1,reported,True,True,True,True,141581,123602,0.873,0.139,high
Theft,36,0,5,not_required,True,False,False,False,75716,76286,1.008,0.109,medium
Collision,61,2,1,not_required,True,False,False,False,76364,60622,0.794,0.12,medium
Collision,71,3,3,not_reported,True,True,False,True,114587,85499,0.746,0.154,high
Fire,72,0,3,reported,True,False,False,False,212437,148515,0.699,0.127,low
Other,49,2,0,reported,True,True,False,True,187906,123202,0.656,0.134,high
Collision,66,1,4,reported,True,False,False,False,44028,32643,0.741,0.013,medium
Theft,38,3,5,reported,True,True,False,True,48727,40432,0.83,0.028,high
Natural Disaster,42,2,0,not_required,True,False,False,False,76491,81731,1.069,0.168,high
Collision,42,0,10,not_required,True,False,False,False,70715,56896,0.805,0.074,medium
Theft,62,0,2,reported,True,True,True,True,48585,41636,0.857,0.036,medium
Natural Disaster,42,0,2,not_required,False,False,False,False,36788,28917,0.786,0.038,medium
Natural Disaster,22,1,5,reported,True,False,False,False,43918,30870,0.703,0.052,low
Theft,33,1,5,reported,True,False,False,False,98508,111923,1.136,0.258,high
Collision,30,1,3,not_reported,True,True,False,False,60336,66624,1.104,0.099,high
Hit & Run,73,3,3,reported,True,False,False,False,98910,96932,0.98,0.12,high
Collision,23,0,3,not_required,True,True,False,True,66867,50052,0.749,0.083,medium
Hail/Weather,48,0,10,reported,True,False,False,False,319908,263549,0.824,0.396,low
Hit & Run,48,1,5,not_reported,True,False,False,False,54397,53310,0.98,0.057,high
Theft,37,0,0,reported,True,False,False,False,148081,94069,0.635,0.123,low
Collision,34,2,27,not_required,True,False,False,False,135275,116802,0.863,0.248,high
Hail/Weather,31,0,0,not_required,True,False,False,False,49275,40828,0.829,0.046,low
Collision,39,0,0,reported,True,False,False,False,130226,88970,0.683,0.079,low
Fire,40,0,4,reported,True,False,False,False,57316,46082,0.804,0.051,low
Other,33,0,1,reported,True,False,False,False,600000,549774,0.916,0.432,medium
Hail/Weather,71,0,6,not_required,True,True,False,True,87413,76683,0.877,0.098,low
Collision,73,1,0,not_reported,True,False,False,False,195364,191457,0.98,0.34,high
Other,24,1,4,reported,True,False,False,False,46708,35820,0.767,0.041,low
Theft,45,0,2,reported,True,False,False,False,135093,133989,0.992,0.136,low
Collision,38,3,0,reported,True,False,False,False,50339,42902,0.852,0.039,medium
Theft,43,2,3,reported,False,False,False,False,63136,50640,0.802,0.065,high
Collision,50,0,14,reported,True,True,False,True,49984,46725,0.935,0.072,medium
Natural Disaster,37,1,0,not_required,False,True,False,True,98966,84179,0.851,0.102,high
Collision,48,1,14,not_required,True,True,False,False,92873,94559,1.018,0.096,medium
Other,20,1,8,not_reported,True,False,False,False,187306,113808,0.608,0.179,medium
Hit & Run,70,1,10,reported,True,True,False,True,423966,356814,0.842,0.474,high
Vandalism,42,1,22,not_reported,True,False,False,False,139603,147698,1.058,0.226,high
Collision,62,1,4,not_reported,False,False,False,False,159282,153408,0.963,0.262,high
Vandalism,65,1,1,reported,True,True,False,False,53618,39421,0.735,0.034,medium
Other,39,1,5,not_required,True,False,False,False,84357,86333,1.023,0.108,medium
Collision,39,0,9,not_reported,True,False,False,False,30678,24015,0.783,0.03,low
Collision,47,0,13,reported,True,False,False,False,194863,172201,0.884,0.348,medium
Theft,32,0,3,not_reported,True,False,False,False,200554,141268,0.704,0.227,low
Theft,48,1,4,not_reported,True,False,False,False,294537,225233,0.765,0.117,high
Collision,21,1,0,reported,True,False,False,False,78476,66381,0.846,0.082,low
Natural Disaster,40,2,4,not_required,False,True,False,False,82803,65242,0.788,0.055,high
Vandalism,38,0,4,not_reported,True,False,False,False,419100,387286,0.924,0.26,medium
Collision,34,3,5,reported,True,False,False,False,154651,107955,0.698,0.184,high
Collision,67,0,1,reported,True,True,False,False,97269,104972,1.079,0.138,medium
Hail/Weather,72,1,10,not_required,True,False,False,False,343125,324284,0.945,0.248,medium
Other,19,3,1,not_required,True,False,False,False,60798,43490,0.715,0.088,low
Collision,36,0,3,reported,True,False,False,False,72736,53912,0.741,0.089,low
Natural Disaster,42,0,1,not_required,True,False,False,False,88498,65273,0.738,0.091,low
Other,63,1,5,not_reported,True,True,False,True,98227,73992,0.753,0.065,medium
Collision,66,0,3,reported,False,False,False,False,58608,50188,0.856,0.069,high
Collision,44,0,0,not_reported,True,False,False,False,44900,24695,0.55,0.032,low
Natural Disaster,73,0,3,not_required,False,True,False,False,78456,79789,1.017,0.105,high
Theft,41,1,2,reported,True,False,False,False,98915,73745,0.746,0.057,low
Collision,18,1,2,not_reported,True,False,False,False,52098,38179,0.733,0.05,low
Hit & Run,38,0,3,not_required,True,False,False,False,103163,107647,1.043,0.113,medium
Collision,26,1,10,reported,True,False,False,False,35589,21045,0.591,0.021,low
Collision,49,2,3,reported,True,True,False,True,72434,64990,0.897,0.08,medium
Other,45,0,2,not_reported,True,True,False,False,144474,146575,1.015,0.106,medium
Collision,23,1,5,not_required,True,False,False,False,41065,47312,1.152,0.045,high
Collision,43,1,2,not_required,True,True,False,True,33699,25090,0.745,0.031,medium
Vandalism,43,2,0,not_reported,True,True,False,True,41100,37053,0.902,0.026,high
Collision,48,0,5,not_reported,True,False,False,False,24091,19836,0.823,0.014,medium
Collision,38,1,12,reported,True,False,False,False,166125,122619,0.738,0.139,medium
Collision,20,1,12,not_reported,True,False,False,False,200303,204848,1.023,0.488,high
Vandalism,27,0,26,not_required,False,False,False,False,54632,50589,0.926,0.056,high
Theft,65,0,1,not_reported,True,False,False,False,94944,88868,0.936,0.111,medium
Hail/Weather,20,0,12,reported,True,True,False,False,111793,109557,0.98,0.136,medium
Collision,40,2,3,reported,True,False,False,False,114374,84160,0.736,0.071,medium
Collision,39,0,5,not_required,True,False,False,False,143300,120993,0.844,0.118,low
Hit & Run,27,2,5,not_reported,True,True,False,False,162373,171365,1.055,0.159,high
Collision,25,1,3,not_reported,True,True,False,True,90803,106974,1.178,0.048,high
Collision,37,0,0,reported,False,False,False,False,53503,50518,0.944,0.069,medium
Hit & Run,34,1,5,reported,True,True,False,True,104084,102162,0.982,0.163,high
Other,69,0,1,reported,False,True,False,True,27156,20561,0.757,0.016,high
Natural Disaster,37,0,4,reported,True,False,False,False,81501,61264,0.752,0.07,low
Collision,49,0,2,reported,True,False,False,False,34943,35848,1.026,0.063,low
Vandalism,25,0,0,not_reported,True,True,False,False,225235,242907,1.078,0.257,high
Collision,42,0,4,reported,True,False,False,False,65783,75741,1.151,0.182,medium
Hail/Weather,47,0,1,not_required,True,False,False,False,31537,20914,0.663,0.029,low
Theft,48,3,4,reported,True,True,False,False,47209,41067,0.87,0.12,high
Collision,43,0,0,reported,True,False,False,False,100247,69018,0.688,0.107,low
Collision,25,2,4,reported,True,True,False,False,21793,15455,0.709,0.014,low
Other,33,0,1,reported,True,True,False,True,86455,62367,0.721,0.091,medium
Fire,45,1,3,reported,True,False,False,False,86680,88570,1.022,0.241,medium
Collision,49,1,3,not_reported,True,False,False,False,32530,31030,0.954,0.059,high
Theft,48,0,9,reported,True,True,False,False,118681,126863,1.069,0.158,medium
Theft,48,1,2,reported,True,False,False,False,65638,62125,0.946,0.129,medium
Natural Disaster,38,3,4,not_required,True,False,False,False,141759,105337,0.743,0.201,high
Vandalism,37,1,2,reported,True,True,False,True,21802,21252,0.975,0.026,medium
Collision,48,1,0,reported,True,False,False,False,122132,100707,0.825,0.106,low
Theft,50,0,0,not_reported,True,True,False,True,25433,30016,1.18,0.024,high
Hit & Run,63,0,0,reported,True,False,False,False,61570,68881,1.119,0.123,low
Collision,26,0,2,not_reported,True,False,False,False,62625,45266,0.723,0.021,low
Hail/Weather,39,1,1,not_required,True,True,False,True,29485,30534,1.036,0.082,medium
Theft,22,0,2,not_reported,True,True,False,False,91319,71916,0.788,0.134,high
Hail/Weather,42,0,18,not_required,True,False,False,False,18410,13665,0.742,0.02,medium
Hit & Run,21,0,20,reported,True,False,False,False,38581,27397,0.71,0.03,high
Vandalism,32,1,3,reported,True,True,False,True,55413,39569,0.714,0.027,low
Fire,39,0,5,not_required,True,True,False,True,55401,54293,0.98,0.105,low
Hail/Weather,20,2,2,not_required,True,False,False,False,89057,72392,0.813,0.058,medium
Collision,43,1,1,reported,True,False,False,False,51725,33383,0.645,0.025,low
Hail/Weather,27,0,8,reported,True,False,False,False,113399,91274,0.805,0.07,low
Collision,43,2,4,reported,True,True,False,True,205669,189215,0.92,0.158,medium
Fire,18,1,3,reported,True,True,True,True,194158,162470,0.837,0.122,high
Other,48,1,1,not_reported,True,True,False,True,30651,19698,0.643,0.013,medium
Hail/Weather,49,2,1,not_required,False,False,False,False,162796,185363,1.139,0.203,high
Collision,25,0,8,not_reported,True,False,False,False,104766,73862,0.705,0.067,medium
Collision,68,0,4,reported,True,False,False,False,242163,205877,0.85,0.363,medium
Hail/Weather,43,0,0,not_required,True,False,False,False,71569,50912,0.711,0.022,low
Collision,20,1,0,reported,True,False,False,False,55980,46498,0.831,0.063,low
Hit & Run,62,1,0,reported,True,False,False,False,61354,51610,0.841,0.052,low
Hit & Run,32,0,5,reported,True,False,False,False,93475,81311,0.87,0.033,medium
Collision,44,1,4,reported,True,True,True,True,156874,122046,0.778,0.108,medium
Collision,48,2,5,not_reported,True,False,False,False,67639,47866,0.708,0.035,high
Hit & Run,46,0,2,not_required,True,False,False,False,117433,95559,0.814,0.129,medium
Collision,74,1,9,reported,True,False,False,False,67550,64554,0.956,0.103,medium
Natural Disaster,29,0,5,reported,False,False,False,False,78588,83144,1.058,0.055,medium
Collision,45,0,1,reported,True,False,False,False,53423,54711,1.024,0.038,low
Collision,71,1,3,not_required,True,False,False,False,137980,123283,0.893,0.128,high
Other,24,1,0,reported,True,False,False,False,46017,25876,0.562,0.023,low
Collision,51,1,13,reported,True,False,False,False,241779,172739,0.714,0.204,medium
Collision,24,2,5,reported,True,False,False,False,48704,42892,0.881,0.069,medium
Hail/Weather,50,2,0,not_required,True,True,False,True,27242,22711,0.834,0.043,medium
Hit & Run,23,0,2,reported,True,False,False,False,70076,64403,0.919,0.043,medium
Collision,72,0,1,not_reported,False,True,False,True,22337,18359,0.822,0.018,high
Hit & Run,51,0,5,reported,True,False,False,False,73135,58825,0.804,0.176,medium
Collision,37,2,4,reported,True,True,False,False,137801,146897,1.066,0.23,high
Hit & Run,25,1,6,reported,True,True,False,True,47926,38832,0.81,0.062,high
Collision,25,0,3,reported,True,False,False,False,73736,70216,0.952,0.06,low
Hail/Weather,38,2,11,not_required,True,False,False,False,51556,34458,0.668,0.03,low
Theft,37,0,2,reported,True,False,False,False,46113,27704,0.601,0.051,low
Collision,36,2,12,not_required,True,True,False,True,94875,75835,0.799,0.086,high
Hit & Run,72,1,4,reported,True,False,False,False,104926,109486,1.043,0.175,high
Theft,18,0,4,reported,True,False,False,False,146098,119555,0.818,0.146,low
Vandalism,62,1,0,reported,True,True,False,True,39570,32155,0.813,0.023,high
Natural Disaster,49,2,0,not_reported,True,True,True,True,100913,96916,0.96,0.172,high
Other,50,2,3,not_required,True,True,False,True,121426,114351,0.942,0.246,high
Collision,28,0,8,not_reported,False,False,False,False,69353,58459,0.843,0.045,high
Collision,31,1,6,reported,True,False,False,False,329014,180958,0.55,0.355,medium
Collision,24,0,13,not_required,True,False,False,False,203504,187223,0.92,0.215,medium
Collision,23,0,1,reported,True,False,False,False,45661,39823,0.872,0.024,low
Fire,71,1,2,not_reported,True,False,False,False,169911,128508,0.756,0.099,medium
Collision,63,0,14,reported,True,True,True,True,101807,102966,1.011,0.118,medium
Other,37,0,14,not_required,False,True,True,True,111061,106032,0.955,0.157,high
Collision,49,0,5,reported,True,False,False,False,7913,8249,1.042,0.005,low
Collision,66,1,1,reported,True,False,False,False,69532,72517,1.043,0.05,low
Hit & Run,67,3,1,reported,True,False,False,False,95864,82335,0.859,0.049,medium
Collision,43,3,4,reported,True,False,False,False,60423,39292,0.65,0.048,medium
Natural Disaster,25,2,14,not_required,True,False,False,False,112989,118328,1.047,0.11,high
Collision,31,1,1,reported,True,False,False,False,127046,124505,0.98,0.17,low
Fire,29,0,9,not_reported,True,True,False,True,61207,53759,0.878,0.102,high
Natural Disaster,38,3,0,not_required,True,False,False,False,81117,67136,0.828,0.051,high
Hail/Weather,31,0,0,not_required,True,False,False,False,83861,84666,1.01,0.247,medium
Collision,25,1,5,reported,True,False,False,False,112527,113326,1.007,0.189,medium
Collision,53,3,2,not_required,True,False,False,False,79196,59704,0.754,0.04,high
Vandalism,25,0,13,reported,True,False,False,False,57640,51964,0.902,0.058,low
Theft,45,0,2,not_reported,True,False,False,False,153497,141880,0.924,0.123,medium
Hit & Run,67,1,4,reported,True,True,False,False,145162,157627,1.086,0.154,high
Collision,33,1,3,reported,False,True,False,True,123970,114873,0.927,0.084,high
Fire,55,2,3,reported,True,False,False,False,89987,78251,0.87,0.064,medium
Collision,21,0,5,not_reported,True,False,False,False,95482,91525,0.959,0.214,medium
Other,39,5,7,reported,True,True,False,True,85906,65844,0.766,0.09,high
Collision,50,1,3,not_required,True,False,False,False,88579,87665,0.99,0.058,low
Collision,45,0,7,reported,True,False,False,False,69059,55443,0.803,0.058,low
Collision,43,0,5,not_required,True,False,False,False,97953,82139,0.839,0.094,low
Other,25,2,0,reported,True,True,False,True,274078,237162,0.865,0.581,high
Fire,34,1,4,reported,False,False,False,False,202727,175171,0.864,0.369,high
Hit & Run,39,0,1,reported,True,False,False,False,73563,64512,0.877,0.072,low
Vandalism,75,0,3,not_required,True,False,False,False,70458,54751,0.777,0.031,low
Collision,23,2,3,reported,False,False,False,False,63018,58331,0.926,0.085,high
Collision,22,1,14,not_reported,True,False,False,False,116612,113428,0.973,0.057,high
Hit & Run,18,1,0,not_reported,True,False,False,False,192363,120790,0.628,0.129,high
Fire,24,2,11,reported,True,False,False,False,164045,118827,0.724,0.062,medium
Theft,43,1,13,reported,True,False,False,False,97903,62217,0.635,0.087,medium
Collision,45,3,3,not_required,True,False,False,False,134438,85813,0.638,0.107,medium
Collision,53,1,0,not_reported,True,False,False,False,127527,123824,0.971,0.164,medium
Vandalism,25,0,4,not_reported,True,False,False,False,41070,32406,0.789,0.056,low
Collision,30,1,5,not_required,True,False,False,False,240753,172567,0.717,0.09,medium
Collision,37,3,1,not_required,True,True,False,True,196501,136598,0.695,0.168,high
Collision,39,0,2,reported,True,False,False,False,131861,108561,0.823,0.175,low
Collision,49,0,1,reported,True,False,False,False,137271,110261,0.803,0.188,low
Fire,44,0,12,not_required,True,True,False,True,129715,140092,1.08,0.125,high
Other,69,2,7,not_reported,True,False,False,False,20788,15250,0.734,0.037,high
Vandalism,43,4,1,reported,True,False,False,False,133438,144054,1.08,0.412,high
Vandalism,39,1,0,not_required,True,False,False,False,33280,26206,0.787,0.03,medium
Fire,54,1,0,reported,True,False,False,False,142335,139489,0.98,0.158,medium
Theft,40,0,16,not_reported,True,False,False,False,67479,48430,0.718,0.081,high
Fire,25,1,3,not_reported,True,False,False,False,35697,40319,1.129,0.076,medium
Hit & Run,29,1,5,not_reported,True,True,False,True,127771,120642,0.944,0.118,high
Theft,35,3,0,reported,True,True,False,False,93006,93382,1.004,0.129,high
Theft,43,1,0,not_required,False,False,False,False,92916,76811,0.827,0.119,high
Other,46,1,4,reported,False,False,False,False,55167,44000,0.798,0.046,high
Hit & Run,54,0,3,reported,True,False,False,False,62530,62226,0.995,0.082,low
Hit & Run,69,1,26,reported,True,False,False,False,68526,71463,1.043,0.054,high
Collision,68,1,10,not_required,True,False,False,False,104927,108213,1.031,0.143,low
Vandalism,75,0,2,not_reported,True,False,False,False,151470,122610,0.809,0.122,low
Theft,48,3,2,reported,True,False,False,False,50194,38416,0.765,0.071,medium
Collision,50,1,5,reported,True,True,False,True,62323,53182,0.853,0.041,low
Collision,73,1,0,not_reported,True,False,False,False,31830,24433,0.768,0.024,medium
Collision,40,0,5,reported,True,False,False,False,31508,28078,0.891,0.038,low
Other,47,2,10,not_reported,False,False,False,False,115773,87251,0.754,0.167,high
Vandalism,21,0,2,not_required,True,False,False,False,41854,34796,0.831,0.05,low
Theft,19,0,2,reported,True,False,False,False,278690,268812,0.965,0.197,medium
Collision,37,0,12,reported,True,True,False,True,51697,46191,0.893,0.038,low
Theft,30,2,4,reported,True,False,False,False,187339,123532,0.659,0.182,medium
Theft,55,1,5,reported,True,True,False,True,74690,70721,0.947,0.153,medium
Collision,41,0,3,not_reported,True,False,False,False,253988,233283,0.918,0.274,medium
Collision,34,0,3,reported,True,False,False,False,67580,51853,0.767,0.07,low
Collision,34,0,9,not_reported,True,True,True,True,230673,238606,1.034,0.191,high
Fire,23,0,7,reported,False,False,False,False,114732,112437,0.98,0.066,high
Hit & Run,40,0,2,reported,True,True,False,True,87022,93948,1.08,0.168,medium
Hail/Weather,59,1,13,not_required,True,False,False,False,159673,136725,0.856,0.211,medium
Hail/Weather,39,2,5,reported,True,False,False,False,101594,69784,0.687,0.097,low
Collision,49,2,4,not_reported,True,False,False,False,195039,192312,0.986,0.342,high
Fire,66,3,4,reported,True,False,False,False,64599,64541,0.999,0.101,high
Other,51,0,5,reported,True,False,False,False,84763,82793,0.977,0.103,low
Other,34,0,1,not_required,True,False,False,False,91838,83626,0.911,0.115,low
Other,54,0,12,not_required,True,False,False,False,39065,25326,0.648,0.047,low
Collision,43,0,1,not_reported,True,False,False,False,158727,135081,0.851,0.132,low
Other,37,0,1,not_reported,True,False,False,False,57010,38208,0.67,0.072,medium
Collision,38,0,3,reported,True,False,False,False,57100,50829,0.89,0.064,low
Collision,72,0,1,not_required,True,False,False,False,149682,155889,1.041,0.148,medium
Vandalism,34,0,13,not_required,True,True,False,True,171577,133332,0.777,0.181,medium
Natural Disaster,70,1,2,not_required,True,False,False,False,22096,15700,0.711,0.009,low
Collision,71,1,10,reported,True,False,False,False,20518,15228,0.742,0.013,low
Hit & Run,66,1,8,not_reported,True,False,False,False,164093,164572,1.003,0.199,high
Theft,44,0,0,reported,True,False,False,False,90307,70840,0.784,0.147,low
Vandalism,21,1,0,not_reported,True,True,False,False,9746,8875,0.911,0.009,medium
Collision,46,1,3,reported,True,False,False,False,22592,20195,0.894,0.026,low
Vandalism,20,0,4,reported,True,True,False,True,156807,125368,0.8,0.276,low
Collision,73,0,0,reported,True,True,False,True,592938,587164,0.99,0.495,medium
Collision,72,0,2,reported,True,True,False,False,246092,237207,0.964,0.189,medium
Theft,39,1,2,not_reported,True,False,False,False,153121,144991,0.947,0.238,medium
Collision,46,1,5,not_reported,True,True,False,True,124763,86956,0.697,0.109,high
Collision,56,1,0,reported,True,False,False,False,55146,36694,0.665,0.049,low
Theft,73,1,0,reported,True,False,False,False,63745,66110,1.037,0.124,high
Hail/Weather,40,0,3,not_required,True,True,False,True,48920,53531,1.094,0.05,medium
Collision,71,1,3,not_reported,True,True,False,True,94072,90056,0.957,0.086,high
Vandalism,39,3,2,not_reported,True,False,False,False,72520,62861,0.867,0.068,high
Vandalism,41,0,5,not_reported,True,False,False,False,166782,145294,0.871,0.13,low
Vandalism,20,0,13,not_reported,True,True,False,True,74155,74465,1.004,0.045,high
Collision,62,2,1,not_reported,False,True,False,False,25342,19922,0.786,0.016,high
Vandalism,48,2,11,not_reported,True,False,False,False,48251,34270,0.71,0.049,high
Hail/Weather,33,1,0,reported,True,False,False,False,173239,174910,1.01,0.088,low
Natural Disaster,25,0,5,not_reported,True,True,False,True,34237,29169,0.852,0.068,low
Hail/Weather,31,0,4,reported,True,False,False,False,96505,71385,0.74,0.073,low
Collision,43,1,2,reported,False,False,False,False,116989,94449,0.807,0.072,high
Natural Disaster,38,1,5,not_required,True,True,False,True,95799,74895,0.782,0.056,medium
Collision,24,1,3,not_required,True,False,False,False,78551,84835,1.08,0.068,low
Hail/Weather,35,1,1,not_required,True,False,False,False,112967,97357,0.862,0.11,low
Hail/Weather,32,1,7,not_required,False,True,True,True,462769,327642,0.708,0.23,high
Vandalism,20,0,4,not_reported,True,False,False,False,98638,98698,1.001,0.095,medium
Vandalism,42,0,5,not_reported,True,False,False,False,167968,96496,0.574,0.093,medium
Hit & Run,65,0,14,reported,True,True,False,False,58633,48844,0.833,0.091,high
Collision,23,0,4,reported,True,False,False,False,86846,59859,0.689,0.103,low
Hit & Run,55,1,4,reported,True,False,False,False,77357,54836,0.709,0.2,medium
Fire,34,2,4,reported,True,False,False,False,36875,36138,0.98,0.045,high
Hail/Weather,50,0,2,not_required,True,False,False,False,163974,199498,1.217,0.173,low
Natural Disaster,33,3,13,reported,True,True,False,True,80598,80531,0.999,0.095,high
Collision,36,1,0,not_reported,True,True,False,True,150689,105937,0.703,0.082,medium
Collision,55,0,13,not_required,True,False,False,False,112625,67992,0.604,0.07,low
Collision,55,2,1,reported,True,False,False,False,78191,70949,0.907,0.077,low
Collision,40,4,0,reported,True,True,False,False,73524,47760,0.65,0.056,medium
Theft,25,2,1,reported,False,False,False,False,32096,26599,0.829,0.03,high
Hail/Weather,64,0,3,not_required,True,False,False,False,58215,45247,0.777,0.04,low
Collision,31,0,5,reported,True,True,False,True,184361,157000,0.852,0.072,high
Theft,42,0,3,reported,True,False,False,False,131502,100624,0.765,0.067,medium
Vandalism,41,0,5,not_reported,True,False,False,False,61723,61636,0.999,0.037,medium
Collision,28,2,0,reported,True,True,False,True,131300,122865,0.936,0.365,medium
Natural Disaster,44,0,5,not_required,False,False,False,False,85277,66775,0.783,0.048,high
Collision,53,0,25,reported,True,False,False,False,89854,57113,0.636,0.057,low
Vandalism,25,1,4,not_reported,True,False,False,False,81663,69250,0.848,0.103,medium
Vandalism,36,1,4,not_reported,True,True,False,True,46157,40342,0.874,0.031,high
Collision,25,3,0,not_required,False,True,False,False,133026,132674,0.997,0.223,high
Collision,70,1,5,reported,True,False,False,False,276529,228915,0.828,0.361,high
Collision,68,3,0,reported,True,True,False,True,47867,26590,0.556,0.056,medium
Hail/Weather,40,1,3,not_required,True,False,False,False,27430,23381,0.852,0.039,low
Collision,22,3,3,reported,True,False,False,False,120395,92573,0.769,0.114,medium
Collision,51,0,4,not_reported,True,True,True,False,94411,92523,0.98,0.153,medium
Hit & Run,25,1,3,reported,False,False,False,False,48464,47494,0.98,0.03,high
Natural Disaster,44,1,1,reported,True,False,False,False,112009,71916,0.642,0.1,low
Other,57,0,1,reported,True,True,False,False,90077,97045,1.077,0.086,low
Other,33,0,2,not_reported,True,False,False,False,109756,86299,0.786,0.092,medium
Collision,39,1,5,not_reported,True,False,False,False,140794,124503,0.884,0.236,medium
Theft,31,0,3,reported,True,False,False,False,125467,76966,0.613,0.093,low
Collision,25,1,0,reported,True,False,False,False,49293,38834,0.788,0.098,low
Collision,25,1,5,reported,True,True,False,False,376464,400282,1.063,0.312,medium
Collision,38,0,1,reported,True,True,False,True,103279,81326,0.787,0.102,low
Collision,42,2,0,not_reported,True,True,False,True,100979,74413,0.737,0.071,medium
Collision,33,1,4,not_required,True,False,False,False,160869,185448,1.153,0.254,medium
Collision,36,1,2,not_reported,True,True,False,True,75475,73966,0.98,0.137,high
Collision,69,0,1,reported,True,False,False,False,49129,42599,0.867,0.044,low
Collision,22,1,1,not_required,True,True,False,True,63325,54617,0.862,0.046,medium
Other,48,1,4,not_reported,True,True,False,False,32172,32411,1.007,0.055,high
Collision,52,0,4,reported,True,False,False,False,48481,48527,1.001,0.095,medium
Natural Disaster,31,1,2,not_required,False,False,False,False,49040,50403,1.028,0.039,high
Fire,40,1,1,not_required,True,True,False,False,82008,74818,0.912,0.101,medium
Other,56,2,1,not_required,True,False,False,False,115593,91576,0.792,0.129,low
Collision,40,0,2,not_reported,True,True,False,True,49649,52172,1.051,0.043,high
Other,19,2,0,reported,True,False,False,False,63876,46186,0.723,0.101,low
Collision,34,2,0,reported,True,False,False,False,177824,164178,0.923,0.135,low
Collision,75,0,2,not_required,True,False,False,False,36286,28622,0.789,0.027,low
Hail/Weather,71,2,0,not_required,True,False,False,False,176531,120479,0.682,0.215,medium
Collision,48,0,7,not_reported,True,True,False,True,55695,38752,0.696,0.05,high
Other,69,1,3,not_reported,True,False,False,False,72104,61732,0.856,0.069,high
Fire,46,1,1,reported,True,True,True,True,50465,44665,0.885,0.054,medium
Collision,72,1,2,not_required,True,False,False,False,72435,74343,1.026,0.103,low
Hit & Run,56,2,5,reported,True,True,False,True,125583,100033,0.797,0.136,high
Collision,46,2,4,reported,True,True,False,False,114880,95680,0.833,0.071,medium
Other,33,0,4,reported,True,False,False,False,140025,143723,1.026,0.128,low
Natural Disaster,23,1,3,not_required,True,True,False,True,253644,146178,0.576,0.095,medium
Hit & Run,72,1,0,reported,True,False,False,False,64831,50499,0.779,0.102,medium
Natural Disaster,65,1,9,reported,True,False,False,False,119781,97245,0.812,0.07,low
Hail/Weather,20,0,0,reported,True,True,False,False,51831,43705,0.843,0.127,low
Hit & Run,60,0,11,reported,True,False,False,False,258492,217247,0.84,0.292,high
Other,62,3,12,not_reported,True,False,False,False,42114,41811,0.993,0.041,high
Vandalism,40,1,1,reported,True,False,False,False,56673,43045,0.76,0.066,medium
Theft,31,1,9,reported,True,False,False,False,136241,93874,0.689,0.113,medium
Collision,41,1,3,not_reported,True,False,False,False,105628,118129,1.118,0.203,medium
Hit & Run,64,2,5,reported,False,False,False,False,112599,108858,0.967,0.096,high
Collision,34,0,1,not_reported,True,False,False,False,75223,72911,0.969,0.073,low
Collision,31,1,16,reported,True,False,False,False,153767,131800,0.857,0.085,medium
Fire,25,0,1,not_reported,True,True,False,True,64558,52839,0.818,0.063,medium
Hit & Run,40,1,1,reported,True,False,False,False,77662,64967,0.837,0.06,low
Theft,37,1,5,reported,True,False,False,False,30988,28509,0.92,0.026,medium
Collision,39,0,5,not_required,True,False,False,False,107869,79461,0.737,0.318,low
Collision,35,0,9,reported,True,False,False,False,177447,135743,0.765,0.19,low
Hail/Weather,73,1,29,reported,True,True,True,False,33432,25575,0.765,0.011,high
Collision,71,1,3,not_required,True,True,True,False,154794,125876,0.813,0.178,medium
Theft,44,0,0,reported,True,True,False,True,92345,74547,0.807,0.103,low
Hail/Weather,19,0,4,not_required,True,False,False,False,117953,91230,0.773,0.122,medium
Theft,40,2,5,reported,False,False,False,False,98836,70169,0.71,0.098,high
Theft,29,1,14,reported,True,False,False,False,97582,93476,0.958,0.101,high
Other,38,1,2,reported,False,False,False,False,69007,48757,0.707,0.056,medium
Collision,42,1,7,reported,True,False,False,False,100138,79947,0.798,0.21,low
Collision,72,0,7,reported,True,False,False,False,41317,46040,1.114,0.075,medium
Collision,70,3,4,reported,True,False,False,False,148604,145632,0.98,0.174,high
Collision,57,0,5,reported,True,True,False,True,30508,34717,1.138,0.036,medium
Natural Disaster,20,0,2,reported,True,False,False,False,132363,114146,0.862,0.098,low
Collision,28,0,4,reported,False,True,True,True,71429,60666,0.849,0.172,high
Theft,19,0,5,not_reported,True,False,False,False,131724,139652,1.06,0.175,high
Collision,42,0,10,not_reported,True,True,False,True,123778,102561,0.829,0.067,high
Hit & Run,54,0,5,not_reported,True,False,False,False,220598,189787,0.86,0.447,high
Collision,52,1,3,not_reported,True,True,False,True,95304,69960,0.734,0.088,high
Other,68,0,24,not_reported,True,True,False,False,144480,104350,0.722,0.144,high
Fire,23,0,2,not_required,True,True,False,False,58887,53654,0.911,0.088,medium
Other,38,2,5,reported,False,False,False,False,45744,32903,0.719,0.025,medium
Hail/Weather,36,1,5,not_reported,True,False,False,False,125490,119006,0.948,0.182,high
Other,29,1,13,reported,True,True,False,True,108248,114275,1.056,0.201,high
Fire,29,0,5,reported,True,False,False,False,95908,97655,1.018,0.17,medium
Collision,25,0,0,reported,True,False,False,False,89482,90055,1.006,0.043,low
Theft,43,1,3,not_reported,True,False,False,False,48465,45917,0.947,0.033,high
Collision,25,2,1,reported,True,True,False,True,156375,127735,0.817,0.129,medium
Hail/Weather,36,3,4,not_reported,True,False,False,False,129659,134774,1.039,0.401,high
Other,27,0,2,not_required,True,False,False,False,35859,23320,0.65,0.02,low
Theft,33,1,3,reported,True,False,False,False,151241,104303,0.69,0.149,low
Natural Disaster,39,2,0,not_required,True,False,False,False,56926,51488,0.904,0.085,medium
Collision,24,1,4,reported,True,False,False,False,106190,91003,0.857,0.08,low
Collision,27,0,2,reported,True,True,False,True,41986,29301,0.698,0.051,low
Theft,45,2,4,reported,True,False,False,False,83249,93454,1.123,0.059,high
Theft,70,1,5,reported,True,False,False,False,145471,114817,0.789,0.302,medium
Collision,32,1,2,reported,True,False,False,False,52116,54943,1.054,0.075,low
Hit & Run,21,0,4,reported,True,False,False,False,86546,68455,0.791,0.075,low
Collision,23,0,3,reported,True,False,False,False,29301,17892,0.611,0.024,low
Collision,56,2,6,reported,True,False,False,False,55372,54265,0.98,0.067,medium
Collision,38,1,3,reported,True,True,False,False,176377,187167,1.061,0.219,medium
Collision,49,1,3,not_required,True,False,False,False,37019,32302,0.873,0.048,medium
Collision,37,0,2,reported,False,False,False,False,146356,168853,1.154,0.174,high
Hail/Weather,49,1,12,not_required,True,True,False,True,29777,23119,0.776,0.029,medium
Hit & Run,37,2,12,reported,True,True,False,True,84573,77807,0.92,0.098,high
Collision,30,5,5,not_required,True,False,False,False,26602,21363,0.803,0.011,medium
Collision,40,0,4,not_required,True,False,False,False,143636,94404,0.657,0.046,low
Hail/Weather,21,0,5,not_required,True,False,False,False,16668,15670,0.94,0.017,low
Other,46,0,2,not_required,True,False,False,False,92326,78650,0.852,0.057,low
Vandalism,35,2,29,not_required,True,False,False,False,121093,93770,0.774,0.076,high
Collision,63,1,1,not_required,True,False,False,False,99663,90295,0.906,0.095,low
Natural Disaster,29,0,1,not_required,True,False,False,False,91671,72457,0.79,0.115,low
Collision,23,0,11,not_reported,False,False,False,False,28887,27311,0.945,0.027,high
Collision,22,3,5,reported,True,False,False,False,53762,46195,0.859,0.094,medium
Theft,43,0,2,reported,True,False,False,False,52640,35633,0.677,0.039,low
Natural Disaster,51,0,4,reported,True,True,False,True,74503,78034,1.047,0.076,low
Hit & Run,43,0,1,reported,False,False,False,False,48906,41222,0.843,0.032,high
Theft,40,1,1,not_required,True,False,False,False,62643,50359,0.804,0.099,low
Collision,47,4,14,reported,True,True,False,True,120616,106113,0.88,0.09,high
Vandalism,26,0,4,not_reported,True,False,False,False,14387,12374,0.86,0.014,low
Hail/Weather,35,1,14,not_reported,True,True,False,False,101147,104246,1.031,0.065,high
Hail/Weather,44,2,0,reported,True,False,False,False,31676,31043,0.98,0.031,medium
Hit & Run,38,0,6,not_reported,True,False,False,False,36185,30500,0.843,0.032,medium
Hail/Weather,67,2,29,not_required,True,True,False,True,70193,54291,0.773,0.038,high
Collision,38,0,6,reported,True,True,False,True,97449,108173,1.11,0.168,medium
Theft,30,1,29,not_reported,True,True,False,True,297022,310041,1.044,0.367,high
Vandalism,29,3,6,not_reported,True,False,False,False,86892,76680,0.882,0.051,high
Other,50,0,5,not_required,True,False,False,False,120672,120866,1.002,0.072,low
Vandalism,25,0,1,reported,True,False,False,False,68853,56091,0.815,0.076,low
Natural Disaster,28,1,6,not_reported,True,False,False,False,38526,32599,0.846,0.044,low
Collision,73,0,2,not_reported,True,False,False,False,124469,118529,0.952,0.126,high
Theft,55,0,3,reported,True,False,False,False,111597,81439,0.73,0.081,low
Hail/Weather,40,1,17,not_required,True,False,False,False,25206,16779,0.666,0.037,medium
Vandalism,25,1,13,reported,True,False,False,False,63235,67229,1.063,0.061,medium
Hit & Run,50,0,5,reported,True,False,False,False,178077,165368,0.929,0.136,medium
Theft,25,1,4,reported,True,False,False,False,82362,45344,0.551,0.048,low
Natural Disaster,23,0,2,reported,True,True,False,True,55414,45480,0.821,0.079,low
Vandalism,35,0,5,reported,True,False,False,False,20875,21849,1.047,0.02,low
Theft,45,1,5,reported,True,True,False,True,417513,357066,0.855,0.476,high
Natural Disaster,65,0,7,not_required,True,False,False,False,39107,36438,0.932,0.052,low
Natural Disaster,29,0,3,not_required,True,True,False,True,118631,116258,0.98,0.21,low
Vandalism,33,1,3,reported,True,True,False,True,53349,42951,0.805,0.112,medium
Other,44,2,1,not_reported,False,True,False,True,146121,151655,1.038,0.135,high
Collision,36,2,7,not_required,False,False,False,False,204163,200480,0.982,0.457,high
Theft,28,0,19,reported,False,False,False,False,76152,75105,0.986,0.145,high
Vandalism,64,0,5,reported,True,True,False,True,167431,163674,0.978,0.257,medium
Hit & Run,33,1,10,not_reported,True,False,False,False,46359,31281,0.675,0.029,high
Other,34,0,0,not_reported,True,False,False,False,92492,74618,0.807,0.085,low
Natural Disaster,33,2,4,not_reported,True,False,False,False,62402,54448,0.873,0.05,medium
Fire,30,1,5,not_required,True,True,False,True,83288,78053,0.937,0.079,high
Collision,64,1,3,not_reported,True,False,False,False,114958,118539,1.031,0.115,high
Collision,31,0,2,not_reported,True,True,False,True,180424,133840,0.742,0.12,medium
Collision,18,0,5,not_reported,False,False,False,False,87534,63905,0.73,0.085,high
Theft,32,1,1,not_required,True,False,False,False,144460,138566,0.959,0.246,high
Theft,46,1,4,reported,True,False,False,False,282147,199987,0.709,0.275,low
Collision,41,2,10,reported,False,False,False,False,132472,112249,0.847,0.135,high
Collision,34,2,8,reported,True,True,False,True,296813,229352,0.773,0.361,high
Hit & Run,41,1,4,not_reported,True,False,False,False,535607,397422,0.742,0.223,high
Hit & Run,71,0,5,reported,True,False,False,False,77856,65036,0.835,0.092,low
Collision,55,0,4,reported,True,True,False,True,168644,151223,0.897,0.25,low
Natural Disaster,67,0,5,reported,True,False,False,False,145119,142216,0.98,0.188,low
Collision,62,1,4,reported,True,False,False,False,111815,116796,1.045,0.126,medium
Theft,44,0,2,reported,True,True,False,True,173789,144027,0.829,0.09,medium
Hit & Run,65,1,0,reported,True,False,False,False,79910,57493,0.719,0.064,low
Hit & Run,41,0,4,reported,True,False,False,False,102980,100921,0.98,0.073,medium
Hit & Run,26,0,1,reported,True,False,False,False,40682,33682,0.828,0.075,low
Hit & Run,37,0,4,reported,False,False,False,False,49987,36977,0.74,0.054,medium
Fire,60,0,11,not_required,True,False,False,False,44274,34161,0.772,0.055,medium
Vandalism,64,0,13,not_required,True,True,False,True,76272,58304,0.764,0.068,high
Hit & Run,25,0,0,reported,True,False,False,False,73497,63414,0.863,0.04,low
Collision,42,0,0,reported,False,False,False,False,54324,56884,1.047,0.072,high
Hail/Weather,23,1,1,reported,True,True,False,True,122655,78276,0.638,0.131,low
Other,35,1,22,not_required,True,False,False,False,35092,32343,0.922,0.031,high
Natural Disaster,52,1,3,reported,True,False,False,False,183923,187606,1.02,0.135,low
Hit & Run,32,1,1,reported,True,True,False,True,210228,161461,0.768,0.357,high
Vandalism,48,0,4,not_reported,True,True,False,False,58691,39320,0.67,0.052,medium
Collision,20,0,11,not_required,True,True,False,False,170822,167405,0.98,0.22,high
Natural Disaster,21,0,3,not_required,True,False,False,False,94135,71474,0.759,0.052,low
Natural Disaster,28,1,17,reported,True,True,False,True,155050,141387,0.912,0.279,high
Hit & Run,46,0,8,reported,True,False,False,False,161950,145623,0.899,0.098,high
Collision,21,2,6,reported,True,False,False,False,66259,54983,0.83,0.069,medium
Theft,63,0,9,reported,True,False,False,False,88910,65452,0.736,0.151,low
Collision,31,0,26,reported,True,True,False,False,55986,61547,1.099,0.06,medium
Hit & Run,32,1,8,reported,True,False,False,False,59654,45605,0.764,0.04,medium
Vandalism,33,1,5,not_reported,True,False,False,False,123555,83211,0.673,0.212,medium
Collision,45,0,4,not_required,True,True,False,False,27054,19061,0.705,0.011,low
Collision,43,1,2,not_required,True,False,False,False,151083,83096,0.55,0.094,low
Hail/Weather,39,1,5,reported,True,False,False,False,163698,122490,0.748,0.08,low
Vandalism,20,1,8,not_reported,True,True,False,True,178044,159173,0.894,0.2,high
Collision,41,2,10,not_required,False,True,False,True,57800,42942,0.743,0.03,high
Collision,36,1,3,reported,True,False,False,False,97230,91515,0.941,0.15,low
Hail/Weather,48,0,5,not_required,True,False,False,False,144514,103806,0.718,0.19,low
Collision,34,0,5,reported,True,False,False,False,259408,237854,0.917,0.355,medium
Theft,39,0,9,reported,True,False,False,False,77410,43629,0.564,0.081,low
Collision,44,1,0,not_reported,True,False,False,False,15627,10021,0.641,0.024,low
Theft,48,1,5,reported,True,False,False,False,98189,72023,0.734,0.114,medium
Theft,57,2,1,reported,False,False,False,False,31689,24353,0.768,0.028,high
Theft,28,3,4,reported,True,False,False,False,65392,59142,0.904,0.104,high
Natural Disaster,32,1,5,reported,True,True,True,True,289191,214343,0.741,0.549,high
Theft,48,1,2,reported,True,False,False,False,100852,105078,1.042,0.175,medium
Collision,47,0,2,reported,True,False,False,False,340201,279256,0.821,0.158,low
Fire,32,0,3,not_required,True,False,False,False,186773,150859,0.808,0.211,medium
Hail/Weather,25,0,4,not_required,True,False,False,False,34217,28934,0.846,0.063,low
Collision,22,1,3,not_reported,True,True,False,True,80249,77958,0.971,0.159,high
Collision,62,0,3,reported,True,True,False,False,27903,20583,0.738,0.017,low
Natural Disaster,63,2,11,not_required,True,False,False,False,81018,82084,1.013,0.104,high
Other,33,1,2,not_reported,True,True,False,False,123442,87342,0.708,0.109,medium
Hit & Run,38,1,4,not_required,False,False,False,False,58085,36496,0.628,0.043,high
Collision,66,2,1,not_required,True,False,False,False,76008,48137,0.633,0.068,medium
Other,42,2,2,not_reported,True,False,False,False,135842,111463,0.821,0.157,high
Collision,51,2,6,reported,True,False,False,False,500303,394954,0.789,0.645,medium
Collision,51,1,16,reported,True,True,False,True,62511,55077,0.881,0.034,medium
Hail/Weather,65,1,1,not_required,True,False,False,False,59503,51063,0.858,0.051,low
Theft,41,0,1,reported,True,True,False,True,130563,117282,0.898,0.179,high
Collision,25,2,3,reported,True,False,False,False,105710,114848,1.086,0.134,medium
Hit & Run,45,1,4,reported,True,True,False,False,28465,22826,0.802,0.011,medium
Collision,44,0,3,reported,True,True,False,False,75998,86056,1.132,0.118,medium
Theft,45,2,3,reported,True,False,False,False,137157,106301,0.775,0.135,medium
Collision,42,2,2,reported,True,True,False,True,77723,73448,0.945,0.078,medium
Collision,38,0,8,reported,True,True,False,True,102553,87181,0.85,0.147,medium
Other,29,0,20,not_required,True,False,False,False,116894,94302,0.807,0.171,low
Vandalism,47,0,1,not_required,False,True,False,True,49830,37031,0.743,0.069,high
Vandalism,21,3,2,reported,True,False,False,False,130923,122083,0.932,0.096,medium
Vandalism,32,3,5,not_reported,True,True,False,False,393599,414069,1.052,0.993,high
Collision,34,0,13,not_reported,True,True,False,False,92733,68208,0.736,0.114,high
Theft,34,0,6,reported,False,False,False,False,144398,117710,0.815,0.178,high
Theft,26,1,3,not_reported,True,True,False,True,34927,28218,0.808,0.058,high
Other,25,2,2,reported,True,False,False,False,142854,94901,0.664,0.244,low
Hit & Run,47,0,2,reported,True,True,False,True,76881,77140,1.003,0.112,medium
Collision,32,1,7,reported,True,False,False,False,81195,62608,0.771,0.082,medium
Theft,44,0,7,reported,True,True,False,False,147062,128580,0.874,0.169,high
Natural Disaster,19,2,5,not_required,False,True,False,True,90559,64681,0.714,0.081,high
Other,43,0,1,not_reported,True,True,False,True,93468,76330,0.817,0.111,medium
Hit & Run,28,2,4,reported,True,False,False,False,33665,33773,1.003,0.032,medium
Collision,25,0,4,reported,True,False,False,False,59332,42103,0.71,0.055,low
Collision,45,1,7,reported,True,False,False,False,100951,101582,1.006,0.145,medium
Collision,75,2,3,not_required,True,False,False,False,179462,175872,0.98,0.204,high
Collision,41,1,5,reported,True,True,False,True,151392,148364,0.98,0.138,high
Hit & Run,29,0,5,not_reported,True,False,False,False,47395,39897,0.842,0.034,medium
Collision,23,0,2,reported,True,False,False,False,53504,39760,0.743,0.061,low
Hit & Run,61,1,5,reported,True,False,False,False,98783,60425,0.612,0.122,medium
Vandalism,37,5,2,reported,True,True,False,True,30778,30787,1.0,0.025,high
Collision,56,0,4,not_reported,True,False,False,False,38021,36992,0.973,0.025,medium
Fire,69,0,3,reported,True,False,False,False,350661,241583,0.689,0.336,medium
Vandalism,23,0,6,not_reported,True,False,False,False,99337,58470,0.589,0.042,low
Hit & Run,22,0,4,reported,True,False,False,False,472198,422717,0.895,0.532,high
Collision,33,0,8,not_required,True,False,False,False,206405,218198,1.057,0.201,medium
Fire,18,1,9,reported,True,True,True,True,188419,139989,0.743,0.166,high
Collision,25,2,4,reported,True,False,False,False,69378,64480,0.929,0.099,medium
Collision,39,1,2,reported,True,False,False,False,65963,71803,1.089,0.084,medium
Other,39,3,0,not_reported,True,True,False,True,46813,45877,0.98,0.045,high
Collision,23,0,2,not_reported,True,False,False,False,37812,29251,0.774,0.034,low
Collision,35,0,4,not_reported,True,False,False,False,40447,29368,0.726,0.031,medium
Collision,32,1,0,reported,True,False,False,False,170761,177019,1.037,0.425,medium
Hail/Weather,45,1,11,not_required,True,False,False,False,61865,52920,0.855,0.066,low
Other,33,5,4,reported,True,False,False,False,44416,34290,0.772,0.025,medium
Collision,51,1,1,reported,True,False,False,False,150100,144305,0.961,0.235,medium
Hit & Run,74,1,2,reported,True,False,False,False,48227,48437,1.004,0.033,low
Other,36,1,3,reported,True,False,False,False,105122,104407,0.993,0.095,low
Hail/Weather,23,0,8,not_required,True,True,False,True,52279,51234,0.98,0.028,high
Collision,46,2,5,not_reported,True,True,False,False,191173,194059,1.015,0.242,high
Theft,42,0,0,reported,True,False,False,False,41066,34409,0.838,0.047,high
Collision,45,1,9,not_reported,True,False,False,False,51032,52937,1.037,0.073,high
Other,32,0,1,reported,True,False,False,False,56251,59840,1.064,0.081,low
Hail/Weather,44,1,2,reported,True,False,False,False,32056,29396,0.917,0.043,low
Collision,22,1,0,reported,True,False,False,False,24257,18419,0.759,0.037,low
Collision,50,0,0,reported,True,False,False,False,27908,25878,0.927,0.061,low
Hit & Run,54,0,5,reported,True,False,False,False,18970,21332,1.125,0.01,high
Collision,44,2,13,reported,True,True,False,False,117100,115950,0.99,0.164,high
Vandalism,25,0,4,reported,True,False,False,False,124782,91210,0.731,0.117,low
Collision,44,0,7,not_reported,True,False,False,False,80978,74606,0.921,0.062,medium
Collision,72,1,9,not_required,False,True,False,False,119435,117046,0.98,0.167,high
Collision,20,0,0,reported,False,False,False,False,49540,42865,0.865,0.027,high
Theft,50,4,2,reported,True,True,False,True,86205,67928,0.788,0.065,high
Other,34,3,3,reported,True,False,False,False,135457,107504,0.794,0.206,high
Collision,38,0,2,not_reported,True,True,False,False,225054,164651,0.732,0.269,medium
Hit & Run,19,1,0,reported,True,True,False,True,54140,41886,0.774,0.059,medium
Theft,23,0,29,reported,True,False,False,False,34359,26364,0.767,0.033,high
Collision,72,1,5,reported,True,True,False,True,38031,35612,0.936,0.04,low
Natural Disaster,43,1,2,not_required,True,False,False,False,96669,68111,0.705,0.04,low
Fire,53,0,1,reported,True,False,False,False,130930,90844,0.694,0.189,low
Theft,39,1,0,reported,True,True,False,False,235757,221984,0.942,0.204,medium
Collision,36,1,2,reported,True,False,False,False,95044,93143,0.98,0.124,low
Theft,47,0,3,not_reported,True,False,False,False,385995,261466,0.677,0.274,medium
Collision,73,1,5,reported,True,False,False,False,139669,136875,0.98,0.358,medium
Theft,19,0,5,reported,True,False,False,False,81278,79653,0.98,0.061,medium
Collision,18,0,0,reported,True,False,False,False,110654,74201,0.671,0.099,low
Theft,53,1,2,not_reported,True,True,False,False,103958,61816,0.595,0.065,high
Hail/Weather,69,1,8,not_required,True,True,False,False,195364,164125,0.84,0.179,medium
Natural Disaster,56,1,1,not_reported,True,False,False,False,290913,220229,0.757,0.176,high
Collision,49,1,3,reported,True,True,False,False,237130,273294,1.153,0.298,medium
Collision,25,2,10,not_reported,True,False,False,False,72223,56678,0.785,0.043,high
Natural Disaster,25,0,6,not_required,True,True,False,True,157813,118055,0.748,0.126,low
Hit & Run,73,1,5,reported,True,False,False,False,80980,61599,0.761,0.043,low
Vandalism,37,0,3,not_reported,True,True,False,True,47394,39871,0.841,0.04,medium
Hail/Weather,33,0,5,not_required,True,False,False,False,155199,107087,0.69,0.143,low
Other,48,2,3,not_reported,True,True,False,False,134204,100473,0.749,0.263,high
Hail/Weather,42,1,1,not_required,True,False,False,False,222671,179925,0.808,0.175,low
Hit & Run,75,2,1,reported,True,False,False,False,24483,22350,0.913,0.037,medium
Collision,23,1,26,reported,True,False,False,False,84806,81601,0.962,0.132,low
Hail/Weather,42,0,4,not_required,True,False,False,False,50308,33354,0.663,0.053,low
Other,23,0,4,reported,True,True,False,True,183118,149468,0.816,0.153,medium
Fire,25,1,12,reported,True,False,False,False,73333,66701,0.91,0.05,low
Collision,25,1,9,not_reported,True,True,False,False,84300,65203,0.773,0.06,high
Theft,45,0,11,reported,True,False,False,False,28148,30167,1.072,0.012,high
Theft,65,1,14,reported,True,False,False,False,172628,122694,0.711,0.386,high
Collision,25,1,10,reported,True,True,False,True,212926,209390,0.983,0.241,high
Natural Disaster,20,1,1,not_reported,True,False,False,False,60631,55534,0.916,0.058,low
Theft,26,1,14,reported,True,False,False,False,213944,166979,0.78,0.361,high
Vandalism,51,2,5,not_reported,True,False,False,False,180863,145615,0.805,0.117,medium
Collision,47,0,0,not_required,True,False,False,False,40165,27715,0.69,0.056,low
Hit & Run,42,0,4,not_reported,True,False,False,False,191336,141688,0.741,0.201,high
Collision,71,0,5,reported,True,True,False,True,89373,63299,0.708,0.099,low
Fire,42,2,4,not_reported,True,False,False,False,44932,34645,0.771,0.024,medium
Other,52,1,4,not_reported,True,False,False,False,44096,44893,1.018,0.064,high
Collision,25,0,1,reported,True,False,False,False,187181,146399,0.782,0.174,low
Hail/Weather,45,1,2,not_required,True,False,False,False,125242,121442,0.97,0.138,medium
Collision,44,2,14,reported,True,False,False,False,112533,87811,0.78,0.096,medium
Vandalism,47,2,1,not_required,True,True,False,True,209925,180784,0.861,0.163,medium
Collision,63,2,5,reported,True,True,False,True,82675,87932,1.064,0.045,high
Natural Disaster,23,1,5,not_required,True,False,False,False,157406,154258,0.98,0.244,medium
Collision,25,1,1,not_reported,True,True,False,False,124477,73113,0.587,0.061,medium
Natural Disaster,46,1,1,reported,True,False,False,False,78869,58052,0.736,0.094,low
Hit & Run,74,0,5,reported,True,True,False,False,128491,123243,0.959,0.25,high
Collision,26,4,4,reported,True,True,False,True,63055,57194,0.907,0.145,high
Collision,74,1,7,reported,False,True,True,True,25187,18731,0.744,0.018,high
Other,40,3,3,not_reported,True,True,False,True,79918,61489,0.769,0.056,high
Hit & Run,21,0,2,not_reported,True,True,False,True,28402,30166,1.062,0.026,medium
Vandalism,35,2,0,not_reported,True,True,False,False,245027,183815,0.75,0.525,high
Collision,23,1,3,reported,True,False,False,False,14850,14912,1.004,0.018,low
Collision,49,0,0,not_required,True,True,False,False,82789,68353,0.826,0.038,medium
Other,51,2,9,not_reported,True,False,False,False,263309,253994,0.965,0.444,high
Collision,47,1,12,not_reported,True,False,False,False,452802,275161,0.608,0.288,high
Collision,19,1,9,reported,True,False,False,False,263125,146352,0.556,0.167,medium
Collision,37,2,14,reported,True,False,False,False,112944,88226,0.781,0.169,high
Other,70,0,7,reported,False,True,False,True,45208,38066,0.842,0.035,high
Vandalism,48,0,1,not_required,True,False,False,False,93815,99427,1.06,0.276,low
Hit & Run,19,0,2,reported,True,True,False,False,215123,210820,0.98,0.247,high
Collision,33,0,1,not_reported,True,True,False,True,67018,74428,1.111,0.042,medium
Hail/Weather,38,0,4,reported,True,True,False,False,81628,88798,1.088,0.128,medium
Vandalism,44,2,8,not_reported,True,False,False,False,95439,105390,1.104,0.159,high
Natural Disaster,38,0,2,not_required,True,False,False,False,87244,53043,0.608,0.062,low
Collision,63,2,11,reported,True,False,False,False,24007,19861,0.827,0.024,medium
Collision,23,0,3,not_reported,True,False,False,False,29345,22857,0.779,0.043,low
Collision,34,3,1,reported,True,False,False,False,130173,129731,0.997,0.102,high
Collision,43,0,4,reported,True,False,False,False,134110,121888,0.909,0.237,low
Natural Disaster,54,3,2,not_required,True,True,False,False,107023,117987,1.102,0.128,high
Theft,25,0,5,reported,True,False,False,False,96601,100800,1.043,0.081,medium
Vandalism,55,0,2,not_reported,True,False,False,False,137610,92800,0.674,0.078,medium
Theft,34,2,28,reported,False,False,False,False,130202,123685,0.95,0.142,high
Collision,25,2,13,not_reported,True,False,False,False,25871,14229,0.55,0.036,medium
Collision,43,5,0,reported,True,False,False,False,73107,59274,0.811,0.035,high
Theft,45,1,11,reported,True,False,False,False,68315,52261,0.765,0.055,medium
Hail/Weather,56,0,2,not_required,True,False,False,False,148328,170533,1.15,0.237,low
Fire,68,0,1,reported,True,False,False,False,42116,39891,0.947,0.058,low
Other,56,1,8,not_reported,True,False,False,False,214968,144537,0.672,0.236,high
Collision,40,2,6,not_reported,True,True,False,True,31932,32888,1.03,0.014,high
Collision,50,0,10,reported,True,False,False,False,116139,128056,1.103,0.087,medium
Fire,38,0,12,reported,False,False,False,False,84266,72678,0.862,0.114,high
Natural Disaster,66,2,5,not_reported,True,True,False,False,37185,27062,0.728,0.032,medium
Other,64,3,5,not_reported,True,False,False,False,225284,170856,0.758,0.191,high
Hail/Weather,63,0,5,not_required,True,True,False,True,225643,239931,1.063,0.096,low
Collision,51,1,14,reported,True,True,False,True,52179,45557,0.873,0.102,low
Collision,48,0,2,reported,True,True,False,True,178931,159434,0.891,0.119,low
Theft,60,2,4,reported,True,False,False,False,73018,71856,0.984,0.077,high
Natural Disaster,20,0,21,not_required,True,True,False,False,102325,64280,0.628,0.096,low
Vandalism,36,1,3,not_reported,True,False,False,False,69053,67347,0.975,0.046,medium
Collision,72,0,4,not_required,True,False,False,False,127254,135436,1.064,0.3,medium
Theft,42,0,1,reported,True,False,False,False,132251,116527,0.881,0.178,low
Other,50,0,0,not_reported,False,False,False,False,115141,88834,0.772,0.122,medium
Theft,41,0,4,reported,True,False,False,False,95944,94026,0.98,0.136,low
Hail/Weather,36,2,8,not_required,True,False,False,False,144884,93967,0.649,0.105,medium
Collision,64,0,10,reported,False,False,False,False,27389,20657,0.754,0.013,medium
Collision,51,1,9,not_reported,True,False,False,False,86461,64070,0.741,0.067,medium
Theft,30,0,5,not_reported,True,False,False,False,162240,169604,1.045,0.132,high
Other,72,0,3,reported,True,False,False,False,53218,45334,0.852,0.057,low
Other,53,1,1,reported,True,False,False,False,226116,221594,0.98,0.292,low
Theft,62,0,0,reported,False,True,False,False,75633,69582,0.92,0.095,high
Collision,38,2,4,not_required,False,False,False,False,57283,48919,0.854,0.045,high
Hit & Run,36,1,1,reported,True,False,False,False,154053,108113,0.702,0.167,low
Collision,20,2,3,not_reported,True,False,False,False,149374,146386,0.98,0.228,high
Theft,44,0,1,reported,True,False,False,False,38106,33152,0.87,0.044,low
Hit & Run,74,3,3,reported,True,False,False,False,75425,65929,0.874,0.061,high
Theft,41,3,3,reported,True,True,False,False,83833,75399,0.899,0.069,high
Collision,33,0,5,reported,True,False,False,False,44330,42753,0.964,0.048,low
Hail/Weather,46,0,14,not_required,True,False,False,False,164394,154764,0.941,0.182,low
Fire,42,3,0,reported,True,False,False,False,47845,41314,0.864,0.104,medium
Fire,39,1,2,not_required,True,True,False,True,94584,70801,0.749,0.12,low
Fire,40,1,3,not_reported,True,False,False,False,76781,66871,0.871,0.109,high
Hit & Run,41,2,0,reported,True,False,False,False,50941,35699,0.701,0.037,medium
Collision,56,2,1,not_reported,True,True,False,False,63295,56352,0.89,0.028,medium
Other,32,0,5,not_reported,True,True,False,True,172171,155537,0.903,0.185,high
Natural Disaster,25,2,24,not_required,True,False,False,False,58543,58912,1.006,0.074,high
Hit & Run,38,2,29,reported,True,True,False,True,82265,83729,1.018,0.16,high
Hail/Weather,48,0,3,not_required,True,False,False,False,136814,138028,1.009,0.17,medium
Vandalism,26,2,13,not_reported,True,True,False,True,47663,31444,0.66,0.04,high
Vandalism,69,0,2,not_reported,True,False,False,False,66790,41784,0.626,0.034,low
Hit & Run,29,2,2,reported,True,True,False,False,72010,45867,0.637,0.046,medium
Theft,75,2,3,reported,False,False,False,False,49310,37092,0.752,0.051,high
Natural Disaster,40,0,11,reported,True,False,False,False,128962,132605,1.028,0.244,medium
Collision,66,0,5,not_required,True,True,True,True,37074,30267,0.816,0.028,high
Other,48,0,0,reported,True,False,False,False,94417,85249,0.903,0.16,low
Fire,32,0,4,reported,True,False,False,False,36425,32338,0.888,0.036,low
Vandalism,47,0,1,not_reported,True,False,False,False,116967,96848,0.828,0.132,low
Collision,21,1,3,reported,True,False,False,False,193133,106223,0.55,0.086,low
Collision,67,1,4,not_reported,False,False,False,False,185855,168205,0.905,0.175,high
Collision,52,1,4,not_reported,True,False,False,False,93178,59880,0.643,0.078,medium
Vandalism,45,2,7,reported,True,False,False,False,79420,76041,0.957,0.085,high
Collision,74,1,26,not_reported,True,True,False,True,69100,49833,0.721,0.055,high
Collision,24,1,1,reported,True,False,False,False,41197,39641,0.962,0.025,low
Collision,44,1,7,not_reported,True,False,False,False,142171,156267,1.099,0.213,high
Fire,67,0,0,reported,True,False,False,False,63264,61999,0.98,0.066,low
Collision,68,2,0,not_required,True,False,False,False,89964,74920,0.833,0.068,low
Vandalism,52,2,30,not_reported,False,False,False,False,57088,55946,0.98,0.07,high
Theft,65,2,4,reported,True,False,False,False,98756,94344,0.955,0.125,high
Collision,54,1,1,not_reported,False,False,False,False,67818,53894,0.795,0.043,high
Hit & Run,45,1,1,reported,False,False,False,False,52591,51539,0.98,0.03,high
Collision,43,2,13,reported,True,True,False,True,147288,147401,1.001,0.268,high
Other,33,1,7,not_reported,True,True,False,True,125677,113892,0.906,0.206,high
Other,33,1,5,not_required,True,True,False,True,59114,63922,1.081,0.077,high
Theft,45,0,0,reported,True,False,False,False,48322,43243,0.895,0.055,low
Natural Disaster,47,0,13,not_required,True,False,False,False,181484,146803,0.809,0.102,low
Other,57,1,3,not_reported,True,False,False,False,42061,33994,0.808,0.038,low
Collision,40,1,3,reported,False,False,False,False,19717,16097,0.816,0.011,medium
Collision,29,1,10,reported,True,True,False,False,78312,76745,0.98,0.103,low
Vandalism,23,1,2,reported,True,False,False,False,130611,71836,0.55,0.073,low
Other,23,2,27,reported,True,True,False,True,204981,204167,0.996,0.473,high
Collision,19,2,2,not_reported,True,True,False,False,42319,34484,0.815,0.06,high
Collision,62,0,11,reported,True,True,False,False,27296,22492,0.824,0.034,low
Other,38,0,3,not_reported,True,False,False,False,24668,16329,0.662,0.021,low
Hit & Run,40,3,2,reported,True,False,False,False,97604,101718,1.042,0.087,high
Other,50,0,3,reported,True,False,False,False,99498,91598,0.921,0.177,low
Collision,75,0,5,reported,True,False,False,False,98421,66804,0.679,0.078,low
Other,39,1,14,reported,True,False,False,False,57299,44762,0.781,0.087,medium
Other,22,1,0,reported,True,False,False,False,37168,21574,0.58,0.017,low
Collision,41,1,1,reported,True,True,False,True,292498,196503,0.672,0.23,high
Theft,43,1,13,reported,True,True,False,False,201171,175515,0.872,0.219,high
Vandalism,39,1,4,reported,True,False,False,False,78730,71117,0.903,0.091,medium
Other,25,0,5,not_required,True,True,False,False,44058,31734,0.72,0.053,low
Fire,42,0,4,reported,True,True,False,False,141975,120557,0.849,0.183,high
Collision,42,0,1,reported,True,False,False,False,88570,83702,0.945,0.105,low
Collision,35,0,12,reported,True,False,False,False,26110,25606,0.981,0.025,low
Natural Disaster,31,0,10,not_required,True,True,False,False,157549,123460,0.784,0.127,medium
Fire,39,1,7,reported,True,True,False,True,64775,53924,0.832,0.111,medium
Vandalism,47,0,5,not_reported,False,False,False,False,197195,184789,0.937,0.197,high
Hit & Run,67,0,26,not_reported,True,True,False,True,125680,87189,0.694,0.06,high
Vandalism,31,2,1,reported,True,True,False,False,55852,49438,0.885,0.026,medium
Theft,45,1,4,reported,True,False,False,False,123381,104156,0.844,0.223,low
Collision,33,0,1,reported,True,False,False,False,84441,87406,1.035,0.09,low
Hit & Run,38,2,2,reported,True,False,False,False,175418,137111,0.782,0.084,medium
Collision,71,2,21,not_required,True,True,False,True,118115,112052,0.949,0.215,high
Collision,45,0,4,reported,True,False,False,False,63993,62713,0.98,0.052,low
Hit & Run,24,0,3,reported,True,False,False,False,35796,30990,0.866,0.048,low
Collision,36,0,5,not_required,True,True,True,False,60241,51163,0.849,0.045,medium
Other,69,1,0,not_required,False,False,False,False,40676,31591,0.777,0.046,high
Collision,21,2,1,not_reported,True,False,False,False,47019,39543,0.841,0.038,high
Collision,31,0,3,reported,True,True,False,True,97648,84581,0.866,0.17,low
Collision,69,2,24,reported,True,False,False,False,205321,219874,1.071,0.223,high
Vandalism,57,2,2,not_reported,True,False,False,False,90038,71537,0.795,0.085,medium
Fire,25,0,2,not_required,True,True,False,True,59184,54449,0.92,0.064,low
Natural Disaster,41,0,2,not_required,True,True,False,False,35101,25723,0.733,0.07,low
Theft,35,3,4,reported,True,False,False,False,86116,99018,1.15,0.075,high
Natural Disaster,44,3,2,not_reported,True,False,False,False,170403,145832,0.856,0.142,high
Collision,26,1,1,reported,True,False,False,False,181512,182240,1.004,0.213,medium
Other,43,2,11,not_reported,True,True,True,True,72329,55359,0.765,0.033,high
Hail/Weather,67,0,7,not_required,True,False,False,False,176247,124623,0.707,0.15,low
Collision,55,0,24,reported,True,False,False,False,89286,85700,0.96,0.085,medium
Collision,57,0,3,not_required,True,True,False,True,88441,59053,0.668,0.042,low
Fire,46,2,5,reported,True,True,False,True,118998,112983,0.949,0.153,high
Other,27,1,25,not_required,True,False,False,False,86186,92703,1.076,0.096,high
Collision,32,1,4,not_required,True,False,False,False,67055,71472,1.066,0.084,medium
Theft,37,0,0,reported,False,False,False,False,51800,55131,1.064,0.118,high
Collision,35,2,21,not_required,True,False,False,False,65282,51548,0.79,0.084,high
Natural Disaster,66,2,6,not_required,True,True,False,True,193005,201305,1.043,0.23,high
Collision,47,1,0,reported,True,False,False,False,257055,166680,0.648,0.232,low
Hit & Run,29,1,0,reported,False,True,False,True,170060,145534,0.856,0.192,high
Collision,71,2,4,reported,False,True,False,False,115869,112623,0.972,0.073,high
Collision,69,1,14,not_reported,True,False,False,False,44435,44814,1.009,0.049,high
Hit & Run,34,0,11,reported,True,True,False,True,384580,353814,0.92,0.357,high
Collision,42,0,5,reported,True,True,False,True,111675,120609,1.08,0.127,high
Hit & Run,34,0,4,reported,True,False,False,False,64395,54354,0.844,0.061,low
Theft,44,1,1,reported,False,False,False,False,31404,22913,0.73,0.034,high
Collision,52,2,3,reported,True,True,False,False,145563,149705,1.028,0.188,high
Fire,40,2,1,reported,True,True,False,True,57371,65943,1.149,0.101,high
Vandalism,41,0,4,not_reported,True,True,False,False,45237,42433,0.938,0.071,medium
Collision,64,1,2,not_required,True,False,False,False,66771,68518,1.026,0.077,low
Natural Disaster,30,2,20,reported,True,False,False,False,87959,80922,0.92,0.185,high
Other,63,2,0,reported,True,True,False,True,136948,120986,0.883,0.187,medium
Vandalism,61,1,3,reported,False,False,False,False,65087,74838,1.15,0.065,high
Natural Disaster,32,3,19,not_required,True,False,False,False,67988,47698,0.702,0.026,high
Hail/Weather,35,2,11,reported,True,True,False,True,36910,36318,0.984,0.063,high
Hail/Weather,38,2,0,not_reported,True,True,False,False,98757,87196,0.883,0.115,high
Collision,40,0,4,reported,True,True,False,True,80878,58394,0.722,0.038,low
Other,33,1,5,reported,True,True,True,True,41584,37972,0.913,0.069,medium
Collision,30,0,13,reported,True,True,False,True,145738,108008,0.741,0.423,medium
Collision,32,2,2,not_reported,True,False,False,False,171020,154184,0.902,0.313,high
Collision,26,2,3,reported,True,True,False,True,70832,57559,0.813,0.05,high
Other,46,0,11,reported,True,False,False,False,67285,72150,1.072,0.103,medium
Collision,25,0,3,not_reported,True,False,False,False,127192,140172,1.102,0.164,high
Fire,23,0,1,not_required,False,False,False,False,44238,29666,0.671,0.055,high
Other,32,0,0,reported,False,False,False,False,102355,89664,0.876,0.087,medium
Theft,37,1,21,not_required,True,False,False,False,99451,87813,0.883,0.07,high
Other,63,0,5,not_reported,False,False,False,False,44339,28291,0.638,0.014,high
Collision,25,0,11,not_reported,True,False,False,False,107693,113883,1.057,0.128,high
Natural Disaster,30,0,5,not_required,True,False,False,False,152027,154900,1.019,0.37,high
Hit & Run,43,0,5,not_reported,True,False,False,False,38200,26472,0.693,0.026,medium
Theft,25,1,1,reported,True,False,False,False,74701,57024,0.763,0.047,low
Collision,25,1,5,not_required,False,False,False,False,79126,62085,0.785,0.068,medium
Hail/Weather,42,1,22,not_required,False,False,False,False,64500,41147,0.638,0.048,high
Vandalism,26,0,0,reported,True,False,False,False,50920,44044,0.865,0.048,low
Collision,23,0,5,reported,True,False,False,False,153016,136254,0.89,0.21,low
Collision,25,0,10,reported,True,False,False,False,161649,134804,0.834,0.282,medium
Collision,42,1,0,not_required,True,False,False,False,310572,303080,0.976,0.39,medium
Other,25,1,0,not_required,True,False,False,False,68051,66690,0.98,0.15,low
Theft,41,2,3,reported,True,False,False,False,52609,42726,0.812,0.046,medium
Collision,49,1,3,not_reported,True,True,False,True,33424,30449,0.911,0.027,high
Other,69,0,2,not_required,True,True,False,True,286519,243364,0.849,0.174,medium
Hail/Weather,31,1,3,reported,True,False,False,False,76780,59310,0.772,0.069,low
Hit & Run,19,1,0,reported,True,True,False,True,35893,22916,0.638,0.024,high
Natural Disaster,50,0,2,not_required,True,False,False,False,54423,41781,0.768,0.022,low
Collision,23,1,2,reported,True,False,False,False,55874,52660,0.942,0.072,low
Collision,39,3,28,not_required,True,False,False,False,138501,91618,0.662,0.098,high
Collision,64,0,4,reported,True,True,False,False,44217,43238,0.978,0.05,low
Collision,40,1,15,reported,True,True,False,True,89343,99254,1.111,0.168,high
Other,63,3,20,not_required,True,True,False,True,85174,91988,1.08,0.088,high
Theft,44,0,3,not_required,True,False,False,False,23384,21638,0.925,0.026,low
Hail/Weather,71,0,5,not_required,True,False,False,False,39953,30814,0.771,0.069,low
Hit & Run,64,0,10,not_required,True,True,True,True,43055,34468,0.801,0.014,high
Hit & Run,42,1,4,reported,True,True,False,True,91594,71199,0.777,0.071,medium
Collision,25,0,5,reported,True,True,False,True,356606,249527,0.7,0.268,low
Collision,45,0,15,reported,True,False,False,False,34077,24474,0.718,0.025,medium
Collision,63,1,0,reported,True,False,False,False,92870,82123,0.884,0.071,low
Theft,20,1,26,reported,True,True,False,True,70400,77210,1.097,0.052,high
Collision,36,0,14,reported,True,True,False,False,77280,73103,0.946,0.083,medium
Collision,25,2,14,reported,True,False,False,False,127178,121553,0.956,0.149,high
Collision,31,1,2,reported,True,True,True,True,117189,104577,0.892,0.054,medium
Hit & Run,39,2,2,reported,True,False,False,False,42824,35096,0.82,0.031,medium
Collision,67,2,3,reported,True,False,False,False,184739,187505,1.015,0.147,low
Theft,49,0,5,reported,True,False,False,False,35522,26231,0.738,0.017,low
Fire,43,0,4,not_required,True,False,False,False,68893,64085,0.93,0.064,low
Hail/Weather,28,1,0,not_required,True,True,False,True,35007,38645,1.104,0.03,medium
Natural Disaster,18,2,5,not_required,False,True,False,False,19565,14080,0.72,0.008,high
Vandalism,36,0,6,reported,True,True,False,True,220092,166781,0.758,0.152,medium
Vandalism,63,1,1,not_reported,True,False,False,False,80941,58307,0.72,0.03,low
Vandalism,35,1,3,not_reported,True,True,False,True,91650,77931,0.85,0.131,high
Collision,41,1,4,reported,True,False,False,False,84569,65525,0.775,0.131,medium
Collision,42,0,4,not_reported,True,False,False,False,101177,99153,0.98,0.089,medium
Collision,71,0,2,not_reported,False,False,False,False,42964,37546,0.874,0.05,high
Vandalism,40,3,3,reported,True,False,False,False,75469,65941,0.874,0.066,medium
Collision,30,1,4,not_required,True,False,False,False,69768,53945,0.773,0.05,low
Collision,25,1,3,reported,True,True,False,True,48667,47694,0.98,0.058,low
Other,40,0,0,reported,True,False,False,False,35379,32151,0.909,0.065,low
Theft,41,1,5,reported,True,False,False,False,161600,156107,0.966,0.168,high
Collision,50,4,3,reported,True,False,False,False,74505,73015,0.98,0.216,high
Collision,21,0,0,not_reported,True,False,False,False,50378,52030,1.033,0.065,low
Collision,53,1,12,not_reported,True,False,False,False,73338,79205,1.08,0.103,high
Other,41,0,0,reported,True,False,False,False,83509,71516,0.856,0.132,low
Theft,49,2,1,not_required,True,False,False,False,79459,85289,1.073,0.1,high
Fire,46,2,1,reported,True,False,False,False,90147,68330,0.758,0.11,medium
Collision,18,0,7,reported,True,False,False,False,71222,75547,1.061,0.056,low
Collision,46,1,2,reported,True,True,False,True,103290,111117,1.076,0.294,high
Collision,23,3,4,not_reported,True,True,False,True,435345,377255,0.867,0.282,high
Vandalism,18,1,12,not_required,True,True,False,True,150995,111500,0.738,0.165,high
Hail/Weather,55,2,5,not_required,True,False,False,False,212954,173881,0.817,0.107,low
Fire,33,3,0,not_reported,True,True,False,False,84105,65521,0.779,0.084,high
Collision,26,0,4,reported,True,False,False,False,67723,52917,0.781,0.058,low
Fire,19,2,4,reported,True,False,False,False,116660,85085,0.729,0.07,medium
Collision,40,0,4,reported,True,True,True,False,186100,156509,0.841,0.228,medium
Vandalism,46,2,5,not_reported,True,True,True,True,132895,148411,1.117,0.141,high
Hit & Run,62,0,1,reported,True,False,False,False,57522,40436,0.703,0.062,low
Collision,30,0,1,not_required,True,False,False,False,124513,90339,0.726,0.085,low
Collision,57,1,5,reported,True,True,False,True,56723,55825,0.984,0.055,medium
Vandalism,66,0,5,not_required,True,False,False,False,176071,118486,0.673,0.2,low
Collision,46,0,26,not_required,False,False,False,False,26168,25834,0.987,0.045,high
Natural Disaster,45,0,12,not_required,True,True,False,True,70042,64764,0.925,0.068,low
Other,50,0,1,not_required,True,False,False,False,110028,90261,0.82,0.172,low
Natural Disaster,70,1,11,not_reported,True,False,False,False,136345,109758,0.805,0.067,high
Collision,68,1,3,not_reported,True,True,True,True,45563,46166,1.013,0.086,high
Vandalism,45,1,11,not_required,True,False,False,False,67637,50150,0.741,0.158,medium
Other,73,1,12,not_required,True,False,False,False,140808,126979,0.902,0.092,high
Other,42,1,1,not_reported,True,True,True,True,272592,317093,1.163,0.191,high
Other,33,0,3,not_reported,True,True,False,False,219007,232003,1.059,0.156,high
Hit & Run,55,0,1,reported,True,False,False,False,67701,60562,0.895,0.091,medium
Collision,32,2,4,not_reported,True,False,False,False,80513,82472,1.024,0.065,high
Collision,24,1,10,not_reported,True,True,False,True,74600,54733,0.734,0.044,high
Hit & Run,18,0,3,reported,True,True,False,False,47909,44076,0.92,0.078,medium
Fire,45,1,21,reported,True,True,False,False,108616,106444,0.98,0.166,high
Theft,47,2,2,reported,True,False,False,False,35071,31548,0.9,0.075,medium
Hit & Run,45,1,3,reported,False,True,False,True,33352,26389,0.791,0.029,high
Collision,24,2,3,reported,True,False,False,False,169822,159045,0.937,0.331,medium
Vandalism,34,1,8,not_reported,True,True,False,True,149078,146096,0.98,0.429,high
Collision,36,0,12,not_required,True,True,False,True,98655,104659,1.061,0.099,medium
Collision,40,0,5,reported,True,False,False,False,218775,221664,1.013,0.233,low
Collision,40,0,1,reported,True,False,False,False,91283,66023,0.723,0.147,low
Theft,54,0,3,reported,True,False,False,False,79453,52639,0.663,0.102,low
Hail/Weather,22,0,7,not_required,True,True,False,False,48092,29947,0.623,0.045,medium
Collision,40,0,5,reported,True,False,False,False,48408,45761,0.945,0.104,low
Hail/Weather,26,1,2,not_required,True,False,False,False,120210,87887,0.731,0.084,low
Other,49,0,2,reported,True,False,False,False,98290,116931,1.19,0.095,low
Collision,68,1,4,reported,True,True,False,True,52150,48318,0.927,0.019,medium
Collision,45,1,10,reported,True,False,False,False,85746,68863,0.803,0.053,medium
Fire,22,0,5,reported,True,False,False,False,183377,158263,0.863,0.311,medium
Hail/Weather,48,1,3,not_required,True,False,False,False,45742,45755,1.0,0.055,low
Other,18,2,9,not_reported,True,False,False,False,122565,90999,0.742,0.178,high
Other,63,0,2,not_required,True,False,False,False,50308,38126,0.758,0.046,low
Theft,41,0,0,reported,True,False,False,False,130671,112132,0.858,0.08,low
Fire,74,0,4,reported,True,True,False,True,115446,93971,0.814,0.083,medium
Collision,43,2,16,reported,True,False,False,False,151945,170051,1.119,0.105,high
Vandalism,25,0,0,not_required,True,False,False,False,160429,149859,0.934,0.193,low
Natural Disaster,65,0,1,not_required,True,False,False,False,107120,95914,0.895,0.057,low
Hit & Run,65,2,4,reported,True,False,False,False,96900,95708,0.988,0.113,high
Theft,39,0,0,reported,True,False,False,False,140168,107945,0.77,0.072,low
Collision,66,1,1,not_reported,True,True,False,True,59068,61978,1.049,0.148,high
Collision,22,0,0,reported,True,False,False,False,106961,121475,1.136,0.172,medium
Fire,37,0,0,reported,True,False,False,False,162437,173847,1.07,0.338,low
Other,50,0,0,reported,True,False,False,False,180669,201915,1.118,0.129,low
Other,44,0,1,not_reported,True,False,False,False,50428,48565,0.963,0.045,low
Hit & Run,19,1,28,reported,True,False,False,False,158815,133779,0.842,0.071,high
Collision,29,0,3,reported,True,True,False,True,40396,37164,0.92,0.043,medium
Vandalism,55,0,1,reported,True,False,False,False,107318,100190,0.934,0.118,low
Hail/Weather,33,1,4,not_required,True,False,False,False,144388,124000,0.859,0.198,medium
Other,39,3,9,reported,True,True,False,True,61806,44977,0.728,0.107,high
Collision,62,0,3,not_reported,True,True,True,True,66804,70940,1.062,0.09,high
Other,34,2,7,reported,True,False,False,False,54311,35070,0.646,0.131,medium
Vandalism,61,0,2,reported,True,False,False,False,97121,102180,1.052,0.088,low
Collision,22,0,1,not_required,True,False,False,False,54428,44101,0.81,0.042,low
Vandalism,45,0,1,not_reported,True,False,False,False,67970,60191,0.886,0.101,medium
Collision,29,0,11,reported,True,False,False,False,62038,60955,0.983,0.053,low
Collision,29,0,3,reported,True,True,False,True,50950,40143,0.788,0.093,low
Hit & Run,60,0,4,reported,True,False,False,False,68258,61511,0.901,0.055,low
Collision,42,0,11,not_reported,True,False,False,False,19385,14372,0.741,0.018,low
Other,71,1,14,not_reported,True,False,False,False,150287,87129,0.58,0.109,medium
Collision,49,0,2,not_reported,True,False,False,False,63286,46634,0.737,0.07,low
Collision,73,1,0,reported,False,False,False,False,76414,58928,0.771,0.054,high
Collision,39,2,1,not_required,True,False,False,False,18148,13884,0.765,0.014,low
Hit & Run,20,0,5,reported,True,False,False,False,57656,48650,0.844,0.105,medium
Collision,35,2,27,reported,True,False,False,False,65075,55845,0.858,0.094,medium
Other,75,2,20,not_required,True,False,False,False,50827,37765,0.743,0.039,high
Collision,51,2,1,reported,True,False,False,False,53281,40823,0.766,0.068,low
Other,25,0,3,reported,True,False,False,False,53342,57839,1.084,0.048,low
Hit & Run,43,0,12,reported,True,False,False,False,48896,44832,0.917,0.064,high
Other,45,4,2,not_reported,True,True,False,False,61378,64727,1.055,0.069,high
Collision,39,0,4,reported,True,False,False,False,66370,39992,0.603,0.027,low
Hit & Run,52,1,5,reported,False,True,False,True,189436,201086,1.062,0.184,high
Collision,53,1,4,reported,True,False,False,False,55099,46743,0.848,0.048,low
Theft,73,1,3,reported,True,False,False,False,76538,70058,0.915,0.158,high
Hit & Run,33,3,0,not_reported,True,True,False,False,37737,27808,0.737,0.018,high
Vandalism,22,1,4,not_required,True,False,False,False,62148,48544,0.781,0.069,low
Collision,44,1,0,reported,True,True,False,False,32433,21387,0.659,0.035,low
Natural Disaster,31,0,4,not_required,True,False,False,False,107486,87427,0.813,0.075,low
Vandalism,43,1,14,not_reported,True,False,False,False,76490,67747,0.886,0.079,high
Fire,65,1,11,reported,True,False,False,False,49311,51209,1.038,0.064,low
Collision,28,0,0,reported,True,False,False,False,267554,180482,0.675,0.418,low
Theft,48,0,3,reported,True,True,False,False,47888,44324,0.926,0.115,medium
Vandalism,25,2,2,not_required,True,True,False,False,106905,95207,0.891,0.183,medium
Other,25,2,5,not_required,True,True,False,True,86728,52296,0.603,0.022,medium
Other,74,0,20,reported,True,False,False,False,185636,158354,0.853,0.113,medium
Theft,60,3,1,reported,True,False,False,False,89249,68883,0.772,0.065,high
Natural Disaster,23,0,8,not_required,True,False,False,False,21342,18892,0.885,0.048,low
Hail/Weather,25,4,28,not_required,True,False,False,False,138796,102503,0.739,0.117,high
Theft,38,0,4,reported,True,False,False,False,85906,80091,0.932,0.16,low
Theft,72,1,28,reported,True,False,False,False,168962,121211,0.717,0.096,high
Collision,45,1,3,not_required,True,False,False,False,356013,359208,1.009,0.384,medium
Other,68,0,6,not_required,True,True,False,False,115135,121157,1.052,0.337,medium
Vandalism,60,1,2,not_required,True,False,False,False,87936,54693,0.622,0.041,low
Collision,31,0,0,not_required,True,False,False,False,249909,169362,0.678,0.47,low
Theft,23,0,2,not_required,False,False,False,False,93106,112382,1.207,0.129,high
Collision,42,1,2,reported,True,False,False,False,130599,131138,1.004,0.093,high
Collision,32,0,4,reported,True,False,False,False,78377,61962,0.791,0.045,low
Vandalism,26,3,0,not_reported,False,True,False,False,96128,89497,0.931,0.036,high
Fire,33,1,11,not_required,True,False,False,False,45622,32769,0.718,0.054,medium
Collision,42,1,3,not_required,True,False,False,False,182945,157294,0.86,0.29,medium
Hit & Run,23,3,10,not_required,True,False,False,False,466003,390259,0.837,0.325,high
Collision,42,0,5,reported,True,False,False,False,48827,44609,0.914,0.079,low
Natural Disaster,43,2,1,reported,True,True,True,True,48832,57639,1.18,0.055,high
Vandalism,25,2,18,not_reported,True,True,False,False,103348,107516,1.04,0.149,high
Hail/Weather,20,0,3,not_required,True,True,False,True,37529,32870,0.876,0.086,medium
Other,35,0,3,not_reported,True,False,False,False,58504,49005,0.838,0.07,low
Collision,44,1,4,reported,True,True,True,True,25955,25436,0.98,0.024,high
Collision,45,2,3,not_required,False,False,False,False,157415,141561,0.899,0.12,high
Hit & Run,45,0,12,not_reported,False,False,False,False,139124,120600,0.867,0.068,high
Collision,47,0,5,not_required,False,False,False,False,127831,106844,0.836,0.143,medium
Hit & Run,70,0,2,reported,True,True,False,True,38757,34048,0.878,0.025,low
Hit & Run,37,1,13,reported,True,True,False,True,149697,136554,0.912,0.137,high
Fire,23,0,3,reported,True,False,False,False,57796,40086,0.694,0.047,low
Collision,22,0,5,reported,True,False,False,False,221473,229857,1.038,0.51,high
Other,74,0,7,reported,False,True,False,False,40010,32372,0.809,0.047,high
Fire,34,0,5,reported,True,False,False,False,114052,65924,0.578,0.11,low
Vandalism,25,0,8,reported,True,True,False,True,74145,77608,1.047,0.07,medium
Vandalism,70,0,7,not_required,True,False,False,False,96562,70570,0.731,0.092,low
Collision,38,0,3,reported,True,False,False,False,44039,29191,0.663,0.07,low
Collision,69,1,3,not_required,True,False,False,False,77530,46999,0.606,0.037,medium
Natural Disaster,67,0,2,not_required,False,False,False,False,154452,155728,1.008,0.323,high
Collision,36,1,3,not_required,False,False,False,False,132489,100794,0.761,0.185,high
Collision,47,0,4,not_reported,True,False,False,False,44472,34701,0.78,0.024,low
Collision,37,1,10,reported,True,False,False,False,70661,68427,0.968,0.105,medium
Collision,75,0,1,reported,False,False,False,False,44786,29171,0.651,0.034,medium
Collision,18,0,8,not_required,True,False,False,False,90618,70572,0.779,0.08,low
Collision,39,1,1,reported,False,True,False,True,195708,178620,0.913,0.18,high
Natural Disaster,24,0,3,not_required,True,True,False,False,191480,177493,0.927,0.117,low
Fire,26,0,4,reported,True,False,False,False,141072,115977,0.822,0.113,low
Vandalism,55,1,3,not_reported,True,False,False,False,31523,22969,0.729,0.025,low
Collision,25,1,0,reported,False,True,False,False,126457,93189,0.737,0.077,high
Collision,52,0,5,reported,True,True,False,True,77834,64890,0.834,0.062,low
Vandalism,44,1,3,reported,True,True,False,False,131216,97525,0.743,0.092,low
Vandalism,48,0,2,reported,True,True,True,False,170060,190719,1.121,0.222,high
Natural Disaster,50,2,0,not_required,True,True,False,False,57710,54191,0.939,0.068,medium
Collision,73,2,1,reported,True,False,False,False,83841,51904,0.619,0.043,low
Theft,30,0,2,reported,True,False,False,False,147404,130499,0.885,0.114,low
Collision,25,1,3,reported,True,False,False,False,224350,253953,1.132,0.349,low
Hail/Weather,65,0,10,not_required,True,True,False,True,57508,40260,0.7,0.066,low
Fire,20,1,3,not_required,True,False,False,False,81382,84911,1.043,0.058,medium
Theft,75,1,4,reported,True,False,False,False,58197,48633,0.836,0.037,medium
Natural Disaster,18,0,0,not_required,True,True,False,True,63194,62281,0.986,0.036,low
Collision,56,2,4,reported,True,False,False,False,61302,63092,1.029,0.141,high
Other,52,0,11,reported,True,False,False,False,81075,69649,0.859,0.107,low
Collision,61,1,2,reported,True,False,False,False,101213,59477,0.588,0.032,medium
Collision,32,0,1,reported,True,True,True,False,44389,40971,0.923,0.059,medium
Vandalism,39,1,9,not_reported,True,False,False,False,153165,132471,0.865,0.134,high
Collision,46,1,4,not_reported,True,True,False,True,38802,24543,0.633,0.05,medium
Theft,72,0,5,reported,True,False,False,False,194417,188367,0.969,0.215,high
Collision,52,0,4,not_reported,True,True,False,True,240373,172098,0.716,0.369,medium
Collision,74,1,1,reported,True,False,False,False,153396,153664,1.002,0.385,high
Fire,68,1,1,not_required,True,False,False,False,44662,33131,0.742,0.013,low
Hit & Run,18,0,3,reported,True,True,False,True,30227,18874,0.624,0.026,medium
Hit & Run,29,1,7,reported,True,False,False,False,113780,77856,0.684,0.074,medium
Collision,30,1,0,not_reported,True,True,False,False,72783,65455,0.899,0.037,medium
Collision,33,0,0,reported,True,False,False,False,150781,147765,0.98,0.22,low
Other,37,0,4,not_required,True,False,False,False,106949,77122,0.721,0.058,low
Theft,39,0,2,reported,True,False,False,False,75349,52609,0.698,0.047,low
Collision,25,0,13,not_required,True,True,False,True,99249,112674,1.135,0.111,medium
Collision,34,2,0,not_reported,True,False,False,False,288976,259878,0.899,0.458,high
Other,44,0,12,reported,True,False,False,False,43504,32839,0.755,0.07,medium
Collision,47,1,11,reported,True,False,False,False,94544,62294,0.659,0.085,low
Theft,28,0,4,not_reported,True,True,False,True,77582,72709,0.937,0.087,high
Collision,34,1,1,reported,True,False,False,False,87957,57112,0.649,0.164,low
Natural Disaster,22,1,1,not_required,True,False,False,False,212240,168056,0.792,0.201,medium
Theft,24,0,12,not_required,True,False,False,False,112615,91448,0.812,0.204,high
Collision,39,1,14,reported,True,True,True,True,45455,49092,1.08,0.066,high
Collision,49,0,25,not_required,True,False,False,False,122547,94097,0.768,0.069,medium
Other,18,2,23,reported,True,False,False,False,393355,382194,0.972,0.27,high
Hail/Weather,44,1,10,reported,True,False,False,False,194821,200995,1.032,0.345,medium
Vandalism,34,1,2,not_required,True,True,False,False,57497,65930,1.147,0.056,high
Theft,28,4,3,reported,True,True,False,True,46598,39237,0.842,0.058,high
Collision,48,1,11,reported,True,False,False,False,45194,40193,0.889,0.043,low
Hit & Run,73,0,1,reported,True,False,False,False,109330,81034,0.741,0.106,medium
Collision,32,0,5,reported,True,True,False,False,87382,80828,0.925,0.074,low
Theft,32,1,0,reported,True,False,False,False,28664,18978,0.662,0.029,low
Vandalism,36,1,20,not_required,True,True,False,False,65286,67457,1.033,0.06,high
Theft,18,1,5,reported,True,False,False,False,139168,155863,1.12,0.263,high
Collision,48,2,3,reported,True,False,False,False,202732,132479,0.653,0.267,medium
Natural Disaster,60,0,3,not_required,True,False,False,False,27598,27516,0.997,0.031,low
Theft,47,2,26,not_required,True,False,False,False,138016,113543,0.823,0.228,high
Hit & Run,19,1,19,reported,True,False,False,False,50772,51842,1.021,0.042,high
Theft,56,0,11,reported,True,True,False,True,74537,51494,0.691,0.042,high
Collision,48,3,6,reported,True,False,False,False,111418,109432,0.982,0.198,high
Hit & Run,29,0,4,reported,True,False,False,False,75331,60531,0.804,0.052,low
Hit & Run,48,1,1,reported,True,True,False,True,183471,179801,0.98,0.195,high
Collision,28,1,3,reported,True,False,False,False,75536,60650,0.803,0.071,low
Hail/Weather,52,1,0,reported,True,False,False,False,31136,19795,0.636,0.03,low
Collision,56,0,3,not_reported,True,True,True,True,51656,40126,0.777,0.05,high
Collision,48,4,4,reported,True,True,False,True,95495,95975,1.005,0.147,high
Collision,36,0,5,reported,True,False,False,False,63680,51910,0.815,0.108,low
Theft,68,1,3,reported,True,False,False,False,41530,36584,0.881,0.062,medium
Collision,33,1,9,reported,True,False,False,False,165125,129948,0.787,0.164,high
Hail/Weather,22,0,2,not_reported,False,True,False,True,68980,67600,0.98,0.053,high
Collision,36,3,2,not_reported,True,True,False,False,129858,125580,0.967,0.373,high
Theft,35,0,12,not_reported,True,False,False,False,83314,87615,1.052,0.219,high
Other,33,0,24,reported,True,False,False,False,57394,48468,0.844,0.1,medium
Collision,57,2,0,reported,True,True,False,False,87939,65871,0.749,0.057,low
Other,39,0,5,reported,True,False,False,False,38916,29991,0.771,0.062,low
Collision,27,1,2,not_reported,True,False,False,False,82746,91670,1.108,0.086,medium
Vandalism,25,0,28,not_required,True,False,False,False,58233,53574,0.92,0.084,medium
Vandalism,71,1,5,reported,True,False,False,False,600000,588000,0.98,0.599,high
Collision,40,0,9,reported,True,False,False,False,86612,65959,0.762,0.074,low
Collision,19,1,0,reported,True,True,False,True,51675,35161,0.68,0.014,medium
Collision,31,0,1,reported,True,True,False,False,104294,98399,0.943,0.211,medium
Hit & Run,32,2,4,reported,True,False,False,False,94845,92948,0.98,0.102,high
Theft,71,0,4,reported,True,True,False,False,90469,81364,0.899,0.061,medium
Vandalism,66,2,0,not_reported,True,False,False,False,122969,120090,0.977,0.243,high
Vandalism,51,2,3,not_required,True,False,False,False,110798,67614,0.61,0.107,medium
Hit & Run,22,0,1,reported,True,False,False,False,61741,33958,0.55,0.064,low
Collision,52,0,1,reported,False,True,False,False,106957,104818,0.98,0.095,high
Collision,39,1,1,not_reported,False,False,False,False,24137,19572,0.811,0.02,high
Collision,24,0,5,not_reported,True,False,False,False,163415,138392,0.847,0.268,medium
Collision,69,2,1,reported,True,True,True,True,60778,55916,0.92,0.14,medium
Collision,25,0,12,reported,True,False,False,False,96546,95176,0.986,0.145,medium
Collision,34,0,0,reported,True,False,False,False,289359,289256,1.0,0.299,low
Fire,63,2,12,reported,True,True,False,False,87857,60448,0.688,0.106,high
Hail/Weather,75,1,2,not_reported,True,False,False,False,109208,75767,0.694,0.093,medium
Collision,65,2,4,not_required,True,False,False,False,145512,86810,0.597,0.064,low
Hit & Run,26,2,2,reported,True,True,False,True,33941,31697,0.934,0.027,high
Theft,73,1,2,reported,True,False,False,False,61014,46712,0.766,0.055,low
Collision,56,0,1,not_reported,True,False,False,False,199352,190538,0.956,0.126,medium
Vandalism,46,0,8,reported,True,False,False,False,57871,54962,0.95,0.042,low
Vandalism,20,1,8,not_required,True,False,False,False,176751,206173,1.166,0.216,high
Hail/Weather,23,0,2,not_required,True,False,False,False,75136,59050,0.786,0.081,low
Other,60,0,0,not_reported,True,True,False,True,33922,33157,0.977,0.054,medium
Collision,31,2,26,reported,True,False,False,False,35517,41151,1.159,0.025,high
Collision,49,2,7,reported,True,True,False,False,85651,94427,1.102,0.094,high
Collision,20,0,14,reported,True,True,False,True,124491,97096,0.78,0.131,high
Fire,52,1,3,reported,True,True,True,False,57414,35149,0.612,0.027,low
Natural Disaster,39,1,0,not_required,True,False,False,False,106632,117705,1.104,0.209,low
Collision,48,1,1,not_reported,True,False,False,False,85675,63660,0.743,0.063,low
Natural Disaster,22,1,11,not_required,True,False,False,False,71050,49207,0.693,0.062,low
Collision,22,1,11,not_required,True,False,False,False,89595,65190,0.728,0.106,medium
Vandalism,29,1,4,not_reported,True,True,True,True,227496,222946,0.98,0.54,high
Hit & Run,37,1,0,not_reported,True,False,False,False,101045,77824,0.77,0.102,high
Hail/Weather,40,0,13,reported,True,False,False,False,60244,61581,1.022,0.154,low
Natural Disaster,45,1,16,not_required,True,False,False,False,115600,83062,0.719,0.087,low
Hit & Run,18,0,13,reported,True,False,False,False,30940,20093,0.649,0.021,low
Collision,32,1,9,reported,True,False,False,False,135110,136247,1.008,0.29,medium
Hail/Weather,36,1,5,not_required,True,True,False,False,37870,37261,0.984,0.086,medium
Hit & Run,48,2,1,not_required,True,True,False,False,47050,32770,0.697,0.044,high
Collision,31,0,12,reported,True,False,False,False,233912,187958,0.804,0.171,low
Collision,34,2,11,reported,True,False,False,False,42721,33524,0.785,0.047,high
Other,74,3,12,reported,True,False,False,False,51187,38360,0.749,0.039,medium
Theft,38,0,4,reported,True,True,False,True,66598,71084,1.067,0.114,medium
Collision,53,1,2,reported,True,False,False,False,113610,86817,0.764,0.055,low
Collision,65,0,13,reported,True,True,False,True,119984,101799,0.848,0.111,medium
Vandalism,47,1,1,not_required,True,False,False,False,148441,109396,0.737,0.117,low
Collision,39,0,5,reported,True,True,False,True,251339,255355,1.016,0.451,high
Collision,21,1,5,not_reported,True,False,False,False,47083,37894,0.805,0.038,medium
Natural Disaster,45,0,3,not_required,False,False,False,False,414243,453510,1.095,1.033,high
Other,45,3,3,not_required,True,False,False,False,126796,105268,0.83,0.069,medium
Hail/Weather,25,0,25,not_required,True,False,False,False,69615,69696,1.001,0.116,high
Theft,46,0,3,reported,True,False,False,False,67802,44785,0.661,0.075,low
Vandalism,39,1,12,not_reported,True,False,False,False,33055,30535,0.924,0.085,high
Other,25,1,1,not_reported,True,False,False,False,147465,165539,1.123,0.134,low
Natural Disaster,62,0,7,not_required,True,False,False,False,97872,88678,0.906,0.125,low
Other,24,1,1,not_reported,True,False,False,False,73961,52017,0.703,0.042,low
Fire,73,0,2,not_reported,True,False,False,False,146183,143260,0.98,0.337,high
Hail/Weather,33,0,12,not_required,True,True,False,False,27201,26896,0.989,0.049,low
Hit & Run,36,1,2,reported,True,False,False,False,153108,150046,0.98,0.213,medium
Collision,41,1,14,reported,True,False,False,False,70260,53475,0.761,0.061,medium
Fire,52,1,30,not_required,True,False,False,False,103757,86961,0.838,0.08,high
Vandalism,75,0,1,reported,True,True,False,True,238109,151399,0.636,0.358,low
Collision,34,1,3,reported,True,False,False,False,111940,111122,0.993,0.084,low
Collision,24,1,18,reported,True,False,False,False,76231,74439,0.976,0.262,medium
Collision,43,0,10,reported,True,False,False,False,112167,111504,0.994,0.149,low
Collision,37,1,3,not_reported,True,False,False,False,498396,421949,0.847,0.573,medium
Hit & Run,20,0,5,not_reported,True,False,False,False,54787,42564,0.777,0.064,medium
Theft,58,0,0,reported,True,False,False,False,52458,51409,0.98,0.052,low
Collision,49,1,1,reported,True,True,False,True,58307,42211,0.724,0.019,medium
Collision,63,1,4,reported,True,True,True,False,91005,86236,0.948,0.098,medium
Hit & Run,39,1,23,reported,True,False,False,False,57358,45457,0.793,0.037,high
Theft,49,1,5,not_reported,True,False,False,False,25406,19069,0.751,0.022,high
Vandalism,37,2,10,reported,True,True,False,False,54248,42220,0.778,0.074,medium
Hit & Run,41,0,4,reported,True,False,False,False,99826,97829,0.98,0.104,low
Hit & Run,65,1,1,reported,True,True,False,True,81800,52852,0.646,0.037,medium
Natural Disaster,57,1,1,not_required,False,False,False,False,38945,30940,0.794,0.026,medium
Collision,26,0,6,not_required,True,True,False,True,48635,37720,0.776,0.054,low
Natural Disaster,20,0,2,reported,True,False,False,False,160264,118561,0.74,0.128,low
Collision,25,0,4,reported,True,False,False,False,37054,38416,1.037,0.058,low
Other,63,0,7,reported,True,False,False,False,70877,52639,0.743,0.115,low
Collision,24,2,5,reported,True,False,False,False,48375,37203,0.769,0.046,low
Collision,51,3,3,not_reported,True,True,True,True,70104,51270,0.731,0.074,high
Fire,60,3,5,reported,True,False,False,False,16663,16117,0.967,0.026,high
Collision,71,2,0,reported,True,True,False,True,98818,88021,0.891,0.191,medium
Hit & Run,30,0,0,reported,True,False,False,False,77975,61377,0.787,0.09,low
Hail/Weather,25,0,7,not_required,True,False,False,False,46357,35921,0.775,0.031,low
Collision,70,0,3,not_required,False,True,True,True,75047,54994,0.733,0.051,high
Fire,65,0,2,reported,True,False,False,False,22754,23225,1.021,0.029,low
Collision,22,0,0,not_required,False,False,False,False,47447,33728,0.711,0.041,medium
Vandalism,55,1,4,not_reported,True,False,False,False,104499,80537,0.771,0.235,high
Collision,73,0,13,reported,True,True,False,True,169103,117262,0.693,0.058,medium
Natural Disaster,41,2,7,reported,True,False,False,False,89323,59273,0.664,0.037,low
Hit & Run,49,1,9,reported,True,False,False,False,55256,64535,1.168,0.071,high
Collision,33,1,5,not_required,True,True,True,True,109313,69572,0.636,0.136,high
Theft,41,1,1,reported,False,False,False,False,355609,282948,0.796,0.293,high
Collision,34,0,5,not_reported,True,False,False,False,97646,87866,0.9,0.141,medium
Hit & Run,67,1,11,reported,True,True,False,True,68426,74176,1.084,0.055,high
Collision,39,0,3,reported,True,True,False,True,120842,121708,1.007,0.152,medium
Collision,32,0,28,reported,True,False,False,False,188617,150277,0.797,0.285,high
Collision,27,2,4,reported,True,True,False,True,39716,35119,0.884,0.043,high
Theft,42,1,0,reported,True,False,False,False,81062,88786,1.095,0.119,medium
Fire,75,0,3,not_required,True,False,False,False,117812,115653,0.982,0.143,low
Vandalism,19,0,1,reported,True,False,False,False,65833,67510,1.025,0.143,low
Theft,68,0,3,reported,True,False,False,False,86923,64550,0.743,0.062,low
Theft,74,1,1,reported,True,True,True,True,121719,103363,0.849,0.177,high
Collision,25,3,4,not_reported,True,False,False,False,90683,88867,0.98,0.127,high
Natural Disaster,29,3,19,not_reported,True,False,False,False,96025,101980,1.062,0.154,high
Vandalism,25,0,13,not_required,False,False,False,False,118256,123041,1.04,0.203,high
Fire,23,0,14,reported,True,False,False,False,61304,51043,0.833,0.051,low
Other,26,0,2,not_required,True,True,False,False,168196,188039,1.118,0.179,medium
Collision,25,2,3,not_reported,True,False,False,False,78538,67709,0.862,0.071,high
Hail/Weather,60,0,3,not_required,True,False,False,False,41374,30442,0.736,0.037,low
Natural Disaster,19,1,4,not_reported,True,False,False,False,105480,69496,0.659,0.085,low
Collision,46,1,8,not_required,True,True,True,False,78916,70810,0.897,0.07,medium
Collision,64,0,4,reported,True,True,False,True,350656,237612,0.678,0.268,medium
Fire,22,1,19,not_required,True,True,False,True,75627,61102,0.808,0.032,high
Other,30,0,1,not_reported,True,True,False,False,173881,139528,0.802,0.162,medium
Collision,49,0,3,reported,True,False,False,False,88790,68922,0.776,0.067,low
Vandalism,35,4,0,not_required,True,False,False,False,44048,38127,0.866,0.033,high
Other,50,1,2,reported,False,True,True,True,95458,78822,0.826,0.133,high
Theft,35,0,3,reported,True,True,False,True,44657,39186,0.877,0.088,medium
Hit & Run,48,2,1,reported,True,False,False,False,77702,64192,0.826,0.07,medium
Hit & Run,57,0,2,not_reported,True,True,False,True,63754,59573,0.934,0.049,high
Theft,45,0,5,reported,True,False,False,False,81360,86589,1.064,0.05,high
Vandalism,19,0,2,reported,True,False,False,False,182864,115285,0.63,0.077,low
Collision,45,1,7,reported,True,False,False,False,158035,158822,1.005,0.197,medium
Collision,25,0,5,not_reported,True,True,False,False,160747,170086,1.058,0.151,medium
Theft,42,2,4,reported,True,False,False,False,85809,77023,0.898,0.081,low
Hail/Weather,42,1,5,not_required,True,True,False,True,183446,151086,0.824,0.164,high
Theft,42,1,2,reported,True,False,False,False,151642,166098,1.095,0.098,high
Theft,23,0,0,reported,True,False,False,False,51723,54319,1.05,0.068,low
Fire,25,3,5,reported,True,False,False,False,129911,109923,0.846,0.153,high
Hail/Weather,38,0,23,not_required,True,False,False,False,218481,133735,0.612,0.157,medium
Collision,45,2,7,not_reported,True,False,False,False,87611,75878,0.866,0.079,high
Hail/Weather,37,1,1,not_required,True,True,False,True,35807,30523,0.852,0.036,medium
Hit & Run,30,0,3,reported,True,False,False,False,79721,73455,0.921,0.048,low
Hit & Run,40,1,14,reported,True,True,False,True,51939,40840,0.786,0.02,medium
Hail/Weather,50,1,1,not_required,True,False,False,False,281810,223044,0.791,0.376,low
Hail/Weather,18,1,5,not_required,True,False,False,False,76511,73408,0.959,0.083,low
Other,51,1,5,not_reported,True,False,False,False,52922,50957,0.963,0.044,medium
Natural Disaster,73,2,10,not_required,True,True,False,False,74815,55311,0.739,0.058,medium
Collision,32,0,3,reported,True,False,False,False,40317,41200,1.022,0.091,low
Collision,43,1,5,reported,True,False,False,False,81379,66865,0.822,0.116,low
Collision,25,0,0,reported,True,True,False,True,100111,104658,1.045,0.115,medium
Theft,36,0,10,not_reported,True,True,False,False,39705,30007,0.756,0.025,high
Other,52,0,1,reported,True,False,False,False,104657,79253,0.757,0.06,low
Vandalism,29,0,4,reported,True,False,False,False,171880,135229,0.787,0.123,low
Theft,49,1,3,not_required,True,False,False,False,43899,33052,0.753,0.055,low
Natural Disaster,44,0,14,reported,False,False,False,False,60074,36984,0.616,0.035,medium
Collision,57,2,1,not_reported,True,False,False,False,47558,35574,0.748,0.086,medium
Natural Disaster,36,4,4,reported,True,False,False,False,85230,82667,0.97,0.204,high
Vandalism,37,1,2,reported,False,False,False,False,129529,113444,0.876,0.147,high
Hail/Weather,41,0,5,not_required,True,False,False,False,179547,145197,0.809,0.133,low
Hit & Run,30,0,4,reported,True,False,False,False,44924,42432,0.945,0.061,medium
Hit & Run,71,1,1,reported,True,False,False,False,45563,52171,1.145,0.053,high
Fire,22,0,4,reported,True,False,False,False,98188,99642,1.015,0.11,medium
Collision,31,0,5,not_reported,True,True,False,True,141923,101584,0.716,0.084,medium
Hit & Run,44,0,1,reported,True,True,False,True,80649,79739,0.989,0.076,high
Hail/Weather,65,1,0,not_required,True,True,True,True,50224,38430,0.765,0.046,medium
Collision,25,1,27,reported,True,False,False,False,287977,261537,0.908,0.458,high
Collision,33,4,4,not_required,True,False,False,False,51268,48946,0.955,0.167,high
Collision,51,3,5,reported,False,False,False,False,226098,228473,1.011,0.209,high
Other,36,0,3,reported,True,True,False,True,67859,59280,0.874,0.051,low
Collision,42,1,4,reported,True,False,False,False,61498,49483,0.805,0.034,low
Collision,40,0,3,reported,True,True,False,True,79438,62316,0.784,0.103,medium
Collision,49,2,3,reported,False,False,False,False,70615,57055,0.808,0.09,high
Theft,51,0,4,reported,False,True,False,True,90040,81210,0.902,0.094,high
Collision,35,0,0,not_reported,True,False,False,False,80787,66043,0.817,0.083,low
Collision,28,1,7,reported,True,True,False,False,211324,225360,1.066,0.206,medium
Theft,43,3,4,reported,True,False,False,False,52385,51337,0.98,0.074,high
Collision,41,0,1,reported,False,False,False,False,98475,96789,0.983,0.085,high
Collision,74,1,3,not_reported,True,False,False,False,166647,121636,0.73,0.063,low
Collision,64,0,3,not_reported,False,False,False,False,85868,68987,0.803,0.03,high
Hail/Weather,64,1,0,not_required,True,False,False,False,272605,246858,0.906,0.366,medium
Collision,66,1,4,reported,True,True,False,True,100024,97019,0.97,0.194,medium
Other,20,0,3,not_reported,True,False,False,False,201651,189538,0.94,0.206,low
Other,40,1,4,reported,True,False,False,False,66542,55931,0.841,0.098,low
Theft,47,2,3,reported,True,True,False,False,56210,60040,1.068,0.073,high
Natural Disaster,39,1,0,not_required,True,True,False,True,112888,86143,0.763,0.081,low
Collision,19,0,2,reported,True,False,False,False,200127,197298,0.986,0.607,medium
Collision,65,0,14,not_reported,True,True,False,False,99765,88435,0.886,0.085,high
Theft,39,1,1,reported,True,True,False,True,116723,99805,0.855,0.16,medium
Hit & Run,49,0,1,reported,True,False,False,False,110574,105686,0.956,0.18,medium
Collision,31,0,4,not_reported,True,False,False,False,81575,57075,0.7,0.041,low
Theft,61,1,1,not_reported,True,False,False,False,31825,29824,0.937,0.024,medium
Hail/Weather,43,2,5,not_required,True,True,True,True,77042,51560,0.669,0.088,medium
Vandalism,51,1,1,not_required,True,False,False,False,124328,80644,0.649,0.056,low
Hit & Run,44,0,4,reported,True,True,True,True,138693,103132,0.744,0.119,high
Collision,23,1,3,reported,True,False,False,False,40595,29224,0.72,0.019,low
Hit & Run,43,1,5,reported,True,True,True,True,67508,60188,0.892,0.032,high
Hit & Run,47,0,9,not_reported,True,False,False,False,145767,120470,0.826,0.162,high
Other,33,1,5,reported,True,False,False,False,93109,87580,0.941,0.098,low
Other,40,0,3,not_reported,True,True,False,False,102910,121341,1.179,0.085,high
Collision,42,1,5,reported,False,True,False,True,31352,34246,1.092,0.042,high
Collision,47,1,2,reported,True,False,False,False,40130,34264,0.854,0.031,low
Collision,54,2,20,reported,True,False,False,False,55520,49078,0.884,0.062,medium
Natural Disaster,72,0,0,not_reported,True,False,False,False,113578,84966,0.748,0.192,medium
Hail/Weather,44,1,2,reported,True,False,False,False,174720,171226,0.98,0.171,high
Collision,33,0,1,not_required,True,True,False,False,110231,87278,0.792,0.141,low
Hail/Weather,36,1,2,reported,True,True,False,False,139197,123802,0.889,0.242,low
Collision,31,1,0,reported,True,False,False,False,57298,47321,0.826,0.051,low
Hit & Run,52,0,10,reported,True,False,False,False,183464,158453,0.864,0.204,high
Collision,27,1,9,not_reported,True,False,False,False,85035,70375,0.828,0.118,high
Collision,25,2,25,reported,True,True,True,True,32163,24458,0.76,0.014,high
Vandalism,54,0,8,reported,True,False,False,False,235399,263412,1.119,0.313,high
Collision,42,1,8,reported,True,False,False,False,171280,98268,0.574,0.126,low
Collision,38,2,0,reported,True,True,False,False,83128,67658,0.814,0.075,low
Collision,41,0,1,reported,True,False,False,False,48213,34800,0.722,0.028,low
Vandalism,37,0,14,not_reported,True,False,False,False,323480,289842,0.896,0.831,high
Collision,66,1,4,not_reported,True,False,False,False,91180,61766,0.677,0.069,low
Other,41,1,2,reported,False,True,False,False,103912,90979,0.876,0.178,high
Collision,51,0,5,reported,True,False,False,False,133623,104071,0.779,0.139,low
Natural Disaster,35,1,1,not_required,True,False,False,False,35042,39243,1.12,0.088,medium
Collision,37,0,0,reported,True,False,False,False,55909,38178,0.683,0.026,low
Collision,32,0,6,reported,True,True,False,True,126848,91325,0.72,0.084,low
Collision,25,0,1,reported,True,False,False,False,122246,119072,0.974,0.134,low
Hit & Run,42,0,22,reported,True,False,False,False,153347,153474,1.001,0.256,high
Other,33,0,5,reported,True,False,False,False,116849,82641,0.707,0.06,low
Collision,24,2,24,reported,True,True,False,False,132955,130296,0.98,0.113,high
Collision,47,1,2,reported,True,False,False,False,138240,98600,0.713,0.099,low
Collision,74,1,3,not_reported,True,False,False,False,284322,296916,1.044,0.341,high
Other,23,2,5,reported,True,True,False,False,114800,89968,0.784,0.152,medium
Fire,36,2,27,not_required,True,False,False,False,110806,98622,0.89,0.102,high
Theft,21,2,2,reported,True,False,False,False,124220,134578,1.083,0.524,high
Hail/Weather,47,0,1,not_required,True,False,False,False,115280,115998,1.006,0.138,low
Collision,27,1,8,reported,True,True,True,False,128584,80601,0.627,0.087,medium
Collision,50,0,1,reported,True,True,False,True,16628,10358,0.623,0.011,low
Collision,40,2,3,reported,True,False,False,False,82428,57779,0.701,0.157,low
Theft,47,0,8,reported,True,False,False,False,31662,22297,0.704,0.038,low
Collision,43,0,5,reported,True,False,False,False,36268,36467,1.005,0.026,low
Vandalism,29,2,4,reported,True,True,False,True,183292,169425,0.924,0.136,medium
Collision,41,2,24,reported,False,False,False,False,112709,112597,0.999,0.085,high
Theft,60,0,5,reported,False,False,False,False,130011,126643,0.974,0.149,high
Hail/Weather,43,0,2,not_required,True,False,False,False,134090,144817,1.08,0.146,low
Collision,30,0,5,not_reported,True,False,False,False,213542,190473,0.892,0.156,medium
Natural Disaster,40,0,2,reported,True,False,False,False,94539,69001,0.73,0.081,low
Theft,22,0,9,reported,True,False,False,False,152013,107791,0.709,0.106,medium
Other,43,1,3,not_reported,True,False,False,False,94078,76740,0.816,0.045,medium
Other,43,0,3,not_reported,True,True,False,False,116295,106991,0.92,0.087,medium
Natural Disaster,29,0,0,not_required,True,True,False,True,341790,334679,0.979,0.542,low
Hail/Weather,73,1,2,reported,True,True,False,True,190250,177769,0.934,0.172,high
Theft,42,3,4,reported,True,True,False,True,67070,55766,0.831,0.081,high
Collision,37,0,2,not_reported,True,False,False,False,42230,28766,0.681,0.035,low
Theft,36,0,11,reported,True,False,False,False,74944,63533,0.848,0.071,high
Hit & Run,20,0,4,reported,False,False,False,False,80686,62160,0.77,0.115,high
Theft,18,1,3,reported,True,False,False,False,78165,57278,0.733,0.132,medium
Collision,19,1,24,reported,True,False,False,False,34953,28197,0.807,0.02,high
Vandalism,32,1,0,not_reported,True,False,False,False,60857,56426,0.927,0.046,low
Vandalism,48,1,2,reported,True,False,False,False,21886,20928,0.956,0.02,low
Collision,35,2,5,reported,False,True,False,True,112866,86502,0.766,0.161,high
Fire,29,2,4,reported,True,False,False,False,47284,46199,0.977,0.056,high
Collision,31,2,3,reported,True,False,False,False,139263,95826,0.688,0.061,low
Hit & Run,48,0,14,reported,True,False,False,False,83464,95791,1.148,0.114,medium
Other,48,1,1,reported,True,False,False,False,97880,81880,0.837,0.169,low
Theft,26,1,16,reported,False,False,False,False,202182,166348,0.823,0.148,high
Theft,33,2,3,reported,True,False,False,False,226998,222458,0.98,0.289,high
Collision,40,0,1,reported,True,True,True,True,41755,35495,0.85,0.079,low
Other,23,0,6,not_required,True,True,False,True,74594,62243,0.834,0.057,low
Collision,52,0,4,not_reported,True,False,False,False,42360,30547,0.721,0.042,low
Natural Disaster,44,0,6,not_required,False,False,False,False,23074,22934,0.994,0.042,high
Fire,39,1,1,not_reported,True,False,False,False,63821,58513,0.917,0.047,low
Hit & Run,29,2,20,not_reported,True,False,False,False,121939,92753,0.761,0.073,high
Collision,24,2,2,reported,True,False,False,False,56735,50768,0.895,0.061,medium
Collision,43,1,4,reported,True,False,False,False,50490,48239,0.955,0.041,low
Theft,50,0,4,not_reported,True,False,False,False,131709,141352,1.073,0.243,medium
Vandalism,52,4,14,not_required,True,False,False,False,196686,158228,0.804,0.387,high
Collision,20,3,12,not_required,True,False,False,False,169740,134650,0.793,0.239,high
Hail/Weather,35,0,13,not_required,True,False,False,False,203669,161427,0.793,0.408,medium
Theft,34,2,3,reported,True,False,False,False,117948,105423,0.894,0.18,high
Collision,36,0,1,reported,True,False,False,False,96077,94821,0.987,0.181,low
Fire,34,1,2,not_required,True,False,False,False,73706,43257,0.587,0.065,low
Collision,20,0,0,not_required,True,False,False,False,58560,57704,0.985,0.103,low
Collision,47,2,0,not_required,True,False,False,False,78653,83582,1.063,0.092,high
Natural Disaster,43,0,3,reported,True,True,False,False,76393,53922,0.706,0.05,low
Hit & Run,52,2,4,reported,True,True,False,True,87109,91996,1.056,0.073,high
Vandalism,32,1,2,reported,False,True,False,True,38426,28694,0.747,0.029,high
Vandalism,32,1,2,not_reported,False,True,False,True,63301,49287,0.779,0.051,high
Collision,35,1,6,reported,True,True,False,True,63394,51410,0.811,0.043,low
Theft,32,0,12,not_reported,True,True,False,True,50735,50974,1.005,0.04,high
Hit & Run,20,0,4,reported,True,False,False,False,77487,61158,0.789,0.057,low
Other,46,0,1,not_reported,True,True,False,True,42309,27416,0.648,0.025,medium
Collision,70,3,5,not_required,True,False,False,False,36898,31338,0.849,0.035,medium
Natural Disaster,23,1,14,not_reported,True,False,False,False,14483,8985,0.62,0.006,medium
Collision,21,0,6,not_required,True,False,False,False,153441,136379,0.889,0.093,low
Hit & Run,20,3,5,reported,True,True,False,False,163770,118717,0.725,0.21,high
Collision,35,0,2,reported,True,False,False,False,83208,82603,0.993,0.053,low
Collision,18,1,3,reported,True,True,False,False,38208,38101,0.997,0.029,low
Collision,22,2,0,reported,True,False,False,False,138997,105953,0.762,0.113,medium
Collision,29,1,4,not_required,False,False,False,False,270894,277036,1.023,0.259,high
Collision,45,0,3,reported,True,False,False,False,45139,33327,0.738,0.042,low
Theft,41,0,6,not_required,True,False,False,False,47781,55152,1.154,0.07,medium
Fire,43,1,3,reported,True,False,False,False,27877,16926,0.607,0.012,low
Hit & Run,43,1,4,reported,True,False,False,False,38482,31996,0.831,0.1,low
Hit & Run,35,1,9,not_reported,False,False,False,False,89488,70085,0.783,0.082,high
Other,23,1,16,reported,False,True,False,True,86307,63485,0.736,0.089,high
Theft,20,0,4,reported,True,False,False,False,55288,36938,0.668,0.076,low
Collision,56,1,4,not_required,True,True,False,True,31909,20640,0.647,0.024,medium
Theft,53,0,0,reported,True,False,False,False,163101,185078,1.135,0.281,medium
Collision,30,2,23,reported,True,False,False,False,298937,316212,1.058,0.306,high
Hail/Weather,40,1,1,not_required,True,False,False,False,43822,29114,0.664,0.028,low
Natural Disaster,27,1,4,reported,True,False,False,False,113182,96461,0.852,0.094,low
Theft,22,2,0,not_required,True,True,False,False,33305,31191,0.937,0.04,medium
Collision,44,1,3,reported,True,True,False,True,111600,103689,0.929,0.102,medium
Collision,44,0,2,not_required,True,False,False,False,45117,37383,0.829,0.073,low
Collision,19,0,0,reported,True,True,True,True,57748,55758,0.966,0.039,medium
Vandalism,36,2,0,reported,True,False,False,False,29280,22982,0.785,0.044,low
Collision,61,2,0,reported,True,True,False,True,44843,36630,0.817,0.03,high
Theft,25,1,5,reported,False,False,False,False,47387,33680,0.711,0.027,high
Vandalism,57,2,12,not_required,True,False,False,False,141344,144361,1.021,0.155,high
Collision,36,3,2,not_required,True,True,False,False,152686,147686,0.967,0.273,high
Hail/Weather,22,1,1,not_required,True,True,False,True,154539,151448,0.98,0.207,medium
Natural Disaster,37,1,12,not_reported,True,True,False,True,71714,61144,0.853,0.028,high
Collision,31,5,0,reported,True,False,False,False,266612,247479,0.928,0.303,high
Natural Disaster,67,2,4,reported,True,False,False,False,27421,20590,0.751,0.014,low
Other,66,0,2,not_required,True,False,False,False,78832,70140,0.89,0.091,medium
Collision,25,1,4,not_reported,True,False,False,False,124802,80170,0.642,0.057,medium
Hit & Run,21,1,1,reported,True,True,False,True,74326,65546,0.882,0.057,medium
Fire,33,1,4,reported,True,False,False,False,295545,232546,0.787,0.425,low
Collision,36,0,5,reported,True,False,False,False,68466,60675,0.886,0.127,low
Theft,42,1,4,reported,True,False,False,False,105518,66353,0.629,0.077,medium
Hit & Run,33,1,3,not_required,True,False,False,False,26290,20490,0.779,0.031,low
Collision,44,1,3,reported,True,False,False,False,53503,43238,0.808,0.048,low
Fire,40,2,10,reported,True,False,False,False,178954,145082,0.811,0.204,high
Theft,35,0,3,reported,True,True,False,True,85964,84245,0.98,0.06,medium
Theft,35,0,1,not_required,False,False,False,False,226883,157531,0.694,0.113,high
Collision,65,0,2,reported,True,True,False,True,81403,70227,0.863,0.069,low
Collision,43,0,4,reported,True,False,False,False,60461,39912,0.66,0.044,low
Collision,65,0,4,reported,True,False,False,False,146536,151414,1.033,0.123,low
Collision,37,0,4,reported,False,True,True,True,57268,48177,0.841,0.079,high
Collision,39,0,22,reported,True,False,False,False,120098,91041,0.758,0.134,medium
Collision,67,2,3,reported,True,False,False,False,89267,79802,0.894,0.084,low
Collision,25,1,11,reported,True,False,False,False,257266,193371,0.752,0.361,medium
Collision,64,0,11,reported,True,True,False,True,28835,21348,0.74,0.074,medium
Collision,51,2,5,not_required,True,True,False,True,169081,108986,0.645,0.067,medium
Collision,43,1,5,not_reported,True,False,False,False,85656,70548,0.824,0.099,medium
Hit & Run,25,1,3,not_reported,True,False,False,False,178802,181139,1.013,0.267,high
Theft,34,1,14,reported,True,True,False,False,43090,31601,0.733,0.025,medium
Collision,47,0,5,reported,True,False,False,False,52319,37390,0.715,0.047,low
Fire,46,1,5,reported,True,True,False,True,342025,328234,0.96,0.293,medium
Collision,42,1,5,reported,True,False,False,False,74324,56531,0.761,0.078,low
Theft,28,2,9,reported,True,False,False,False,77308,76192,0.986,0.099,high
Hail/Weather,62,0,1,not_required,True,False,False,False,26417,18828,0.713,0.019,low
Collision,43,1,2,reported,True,True,False,True,37177,28702,0.772,0.046,low
Collision,73,0,5,reported,True,True,False,False,159808,165275,1.034,0.409,medium
Collision,58,0,13,reported,True,False,False,False,160685,123693,0.77,0.095,low
Vandalism,36,1,1,reported,True,True,False,False,188873,185095,0.98,0.112,low
Collision,24,1,3,not_reported,True,False,False,False,43438,29927,0.689,0.033,low
Collision,22,0,11,reported,True,False,False,False,195448,146813,0.751,0.214,medium
Other,43,0,0,not_required,True,True,False,False,106842,88658,0.83,0.074,low
Collision,72,0,4,reported,True,False,False,False,110135,104476,0.949,0.163,low
Collision,28,2,1,reported,True,False,False,False,89119,65723,0.737,0.059,low
Other,31,0,10,reported,True,False,False,False,216942,187319,0.863,0.178,low
Collision,19,2,3,reported,True,False,False,False,47906,39418,0.823,0.042,medium
Fire,33,1,2,reported,True,False,False,False,54231,47622,0.878,0.061,low
Natural Disaster,40,0,5,reported,True,False,False,False,77763,59349,0.763,0.098,low
Vandalism,47,2,2,not_required,True,True,False,True,165138,161835,0.98,0.217,high
Theft,45,0,25,reported,True,False,False,False,31846,30100,0.945,0.026,medium
Other,25,0,10,reported,True,False,False,False,65935,64617,0.98,0.043,low
Fire,20,0,0,reported,True,False,False,False,47540,52358,1.101,0.039,low
Hail/Weather,18,0,1,not_required,False,False,False,False,58875,61930,1.052,0.078,high
Collision,27,0,5,not_required,True,False,False,False,186027,198985,1.07,0.232,medium
Collision,40,0,5,reported,True,False,False,False,102910,107075,1.04,0.19,low
Hail/Weather,58,1,1,not_required,True,False,False,False,104058,77377,0.744,0.139,low
Other,36,2,5,not_required,True,False,False,False,169914,139035,0.818,0.09,medium
Natural Disaster,24,1,0,reported,True,False,False,False,55842,57771,1.035,0.049,medium
Other,22,0,3,reported,False,True,False,False,227516,197131,0.866,0.385,high
Collision,36,1,3,reported,True,True,False,True,70505,54851,0.778,0.029,low
Collision,48,2,4,reported,True,True,False,False,23350,14613,0.626,0.021,medium
Collision,35,0,2,reported,True,False,False,False,45048,32840,0.729,0.026,low
Collision,44,2,12,not_required,True,True,True,False,135658,138544,1.021,0.266,high
Collision,50,0,4,reported,True,False,False,False,71934,46827,0.651,0.049,low
Collision,46,1,3,not_reported,True,False,False,False,173164,169700,0.98,0.208,medium
Hit & Run,21,0,10,not_reported,True,True,True,False,181129,177923,0.982,0.275,high
Hit & Run,50,1,5,reported,True,False,False,False,377961,350607,0.928,0.935,medium
Collision,25,2,9,reported,False,False,False,False,126303,128914,1.021,0.183,high
Fire,65,2,5,not_required,True,True,True,True,125091,102551,0.82,0.131,high
Collision,46,2,0,reported,True,True,False,False,64292,49557,0.771,0.044,medium
Collision,43,2,5,reported,True,False,False,False,106433,90342,0.849,0.081,low
Collision,42,0,1,not_reported,True,True,False,True,88508,86738,0.98,0.048,medium
Other,24,2,2,reported,True,True,False,True,69365,54626,0.788,0.215,medium
Natural Disaster,45,1,4,not_required,True,True,False,True,259771,254575,0.98,0.35,medium
Fire,24,0,13,not_required,False,False,False,False,135605,137858,1.017,0.146,high
Theft,30,0,12,reported,True,True,False,True,35101,31352,0.893,0.045,high
Other,50,0,0,not_reported,False,False,False,False,213929,232555,1.087,0.261,high
Collision,68,1,0,not_required,True,True,False,False,165929,120929,0.729,0.078,low
Collision,25,2,3,reported,True,False,False,False,72314,75831,1.049,0.146,high
Other,38,1,13,not_reported,True,True,False,True,60068,49155,0.818,0.117,high
Collision,43,0,3,not_required,True,True,True,False,127743,99038,0.775,0.151,medium
Hit & Run,63,1,4,reported,True,False,False,False,46261,56438,1.22,0.101,low
Hit & Run,62,2,5,reported,True,False,False,False,79790,82002,1.028,0.167,high
Other,58,1,11,not_required,True,False,False,False,100429,83487,0.831,0.107,medium
Vandalism,48,0,0,not_required,False,False,False,False,18864,14077,0.746,0.014,medium
Other,40,0,7,reported,True,True,False,True,109700,94711,0.863,0.067,low
Theft,31,0,0,reported,True,True,False,False,144593,132745,0.918,0.209,low
Hit & Run,18,0,4,reported,True,True,False,True,117982,105266,0.892,0.132,medium
Hit & Run,37,0,6,reported,True,True,False,True,105133,84269,0.802,0.257,medium
Collision,28,1,3,reported,True,False,False,False,128192,102325,0.798,0.074,low
Theft,45,2,2,not_reported,True,False,False,False,70025,57269,0.818,0.045,high
Hit & Run,69,2,4,reported,True,False,False,False,76673,61808,0.806,0.096,high
Collision,25,0,14,reported,True,False,False,False,72133,74470,1.032,0.071,low
Collision,45,2,2,not_required,False,False,False,False,35616,25618,0.719,0.046,medium
Fire,18,2,1,reported,True,True,False,False,98445,86969,0.883,0.129,medium
Collision,25,2,3,reported,True,True,False,True,32395,32533,1.004,0.13,medium
Collision,45,0,0,not_reported,True,False,False,False,58778,55845,0.95,0.056,low
Collision,60,2,11,reported,True,False,False,False,98188,82336,0.839,0.086,medium
Other,66,1,14,not_reported,True,False,False,False,65980,55106,0.835,0.035,high
Vandalism,52,1,0,reported,True,False,False,False,90505,70209,0.776,0.037,low
Collision,25,1,3,reported,True,True,False,True,88122,86359,0.98,0.125,medium
Collision,46,1,5,reported,True,True,False,True,31755,26961,0.849,0.014,medium
Theft,25,0,2,reported,True,False,False,False,63984,53714,0.839,0.077,low
Theft,44,0,0,reported,True,False,False,False,142891,112471,0.787,0.251,low
Hit & Run,54,1,4,reported,True,True,False,False,86011,75777,0.881,0.047,high
Hit & Run,36,1,2,reported,True,False,False,False,56610,44649,0.789,0.057,high
Collision,35,1,0,not_required,True,True,False,True,41972,41132,0.98,0.083,medium
Fire,19,0,4,reported,True,True,False,True,23734,17375,0.732,0.024,medium
Collision,49,0,2,reported,True,True,False,False,94439,77623,0.822,0.143,low
Collision,43,1,5,reported,False,False,False,False,263638,278424,1.056,0.498,high
Theft,44,1,1,reported,True,True,False,True,96517,78534,0.814,0.074,medium
Collision,35,0,1,reported,False,False,False,False,48774,44153,0.905,0.049,medium
Collision,52,1,11,reported,True,True,False,True,101446,77019,0.759,0.07,medium
Natural Disaster,73,1,9,not_required,True,False,False,False,22630,22344,0.987,0.032,medium
Collision,36,0,2,reported,True,True,False,False,138774,100240,0.722,0.089,low
Hail/Weather,47,1,12,not_required,False,True,False,False,39783,32455,0.816,0.038,high
Other,63,0,11,not_required,True,True,True,True,62781,59031,0.94,0.053,high
Theft,33,0,27,not_reported,True,False,False,False,80060,91281,1.14,0.066,high
Natural Disaster,52,2,9,reported,False,False,False,False,60710,61602,1.015,0.084,high
Theft,43,0,0,reported,True,False,False,False,45528,42298,0.929,0.042,low
Hit & Run,42,1,0,reported,True,True,False,True,79757,59367,0.744,0.046,low
Hail/Weather,31,1,5,not_required,False,False,False,False,48609,50563,1.04,0.053,high
Collision,48,1,0,reported,True,False,False,False,53002,43781,0.826,0.052,low
Theft,34,0,0,reported,True,False,False,False,50631,37645,0.744,0.06,low
Other,34,1,2,reported,True,True,False,False,33915,30228,0.891,0.021,medium
Collision,61,3,13,reported,True,False,False,False,157740,99892,0.633,0.17,medium
Other,23,1,2,not_reported,True,False,False,False,15835,13048,0.824,0.012,medium
Theft,29,1,2,reported,True,False,False,False,82996,69517,0.838,0.075,low
Other,41,1,1,not_required,False,False,False,False,40648,39835,0.98,0.026,high
Fire,42,2,4,reported,True,True,True,True,53656,44110,0.822,0.059,high
Collision,45,0,12,reported,True,False,False,False,55922,44652,0.798,0.044,medium
Vandalism,56,0,1,not_required,True,False,False,False,116187,130945,1.127,0.197,low
Collision,32,1,2,not_reported,True,False,False,False,123777,94293,0.762,0.126,medium
Hit & Run,60,1,5,reported,True,False,False,False,82149,58358,0.71,0.119,medium
Other,45,0,14,not_reported,True,False,False,False,59428,54051,0.91,0.099,high
Fire,75,0,9,not_reported,True,False,False,False,45591,48359,1.061,0.054,high
Hail/Weather,18,0,14,not_required,True,False,False,False,93952,84758,0.902,0.055,medium
Vandalism,47,2,0,reported,False,False,False,False,212361,154170,0.726,0.214,high
Natural Disaster,20,0,3,not_required,False,True,False,True,79170,75868,0.958,0.089,high
Other,39,0,2,not_reported,True,False,False,False,69101,53194,0.77,0.051,low
Hail/Weather,51,0,6,not_required,True,False,False,False,55319,48317,0.873,0.043,low
Hail/Weather,48,1,3,not_required,True,True,False,True,63006,60759,0.964,0.067,medium
Collision,41,0,6,reported,True,True,False,True,44001,36495,0.829,0.035,low
Hail/Weather,37,2,10,not_required,True,False,False,False,86201,72457,0.841,0.053,high
Hit & Run,40,0,4,reported,True,False,False,False,146525,151632,1.035,0.088,low
Hit & Run,62,2,5,not_reported,True,False,False,False,51393,35053,0.682,0.03,high
Fire,58,1,4,not_required,True,False,False,False,110736,80145,0.724,0.2,medium
Hail/Weather,66,0,2,not_required,True,True,False,True,42503,41474,0.976,0.036,medium
Hit & Run,47,1,4,reported,True,False,False,False,261980,235006,0.897,0.313,medium
Collision,36,1,5,not_required,True,True,False,False,48293,36735,0.761,0.042,medium
Other,38,0,7,reported,True,False,False,False,47624,36858,0.774,0.034,medium
Hail/Weather,25,1,2,reported,True,False,False,False,219405,146309,0.667,0.13,low
Collision,37,3,8,not_reported,True,True,True,False,208103,158882,0.763,0.283,high
Hit & Run,41,0,3,reported,True,True,True,True,80043,61384,0.767,0.062,medium
Collision,48,1,2,reported,True,False,False,False,326162,307401,0.942,0.218,medium
Collision,33,2,0,not_required,False,False,False,False,56303,42325,0.752,0.044,high
Collision,37,0,5,not_reported,True,True,False,True,65905,53665,0.814,0.085,high
Collision,56,1,10,not_required,True,True,True,False,54148,42635,0.787,0.071,high
Vandalism,43,1,4,not_required,True,False,False,False,31562,22559,0.715,0.05,medium
Natural Disaster,62,1,4,not_required,True,False,False,False,61960,47803,0.772,0.146,low
Collision,71,1,12,not_reported,True,False,False,False,140147,97920,0.699,0.083,high
Fire,37,1,0,reported,True,False,False,False,47118,47305,1.004,0.059,low
Collision,46,0,17,not_reported,True,False,False,False,35861,29989,0.836,0.027,medium
Collision,36,0,3,reported,True,False,False,False,69643,48489,0.696,0.046,low
Other,25,1,3,reported,True,True,False,False,165197,149120,0.903,0.284,medium
Collision,45,2,3,not_reported,True,False,False,False,81177,61876,0.762,0.079,high
Collision,22,2,2,reported,True,True,False,False,82045,58182,0.709,0.051,low
Theft,40,0,2,reported,True,True,False,True,343769,319106,0.928,0.587,high
Hail/Weather,23,2,10,not_required,True,False,False,False,16529,14008,0.847,0.056,low
Collision,68,1,3,reported,True,True,False,False,73797,57761,0.783,0.124,medium
Other,40,1,1,reported,False,False,False,False,172606,138418,0.802,0.238,high
Hit & Run,47,0,20,reported,True,False,False,False,155138,152035,0.98,0.135,high
Hit & Run,75,0,14,reported,False,True,False,False,256336,202135,0.789,0.16,high
Collision,38,1,11,reported,True,True,False,True,76744,70417,0.918,0.102,low
Hit & Run,61,0,7,reported,True,False,False,False,111844,85443,0.764,0.051,medium
Collision,25,3,2,not_reported,True,False,False,False,263706,261749,0.993,0.271,high
Collision,32,0,2,reported,True,False,False,False,143838,124241,0.864,0.127,low
Theft,48,1,4,reported,True,True,False,True,73259,51492,0.703,0.073,medium
Hit & Run,37,0,2,reported,True,False,False,False,94722,85583,0.904,0.169,medium
Collision,19,0,7,reported,True,True,False,False,228676,210382,0.92,0.43,medium
Other,40,0,4,reported,True,False,False,False,154543,133145,0.862,0.301,low
Hail/Weather,34,3,3,reported,True,True,False,False,69763,74476,1.068,0.08,high
Collision,43,3,0,not_reported,True,False,False,False,59803,38299,0.64,0.024,medium
Collision,49,0,6,reported,False,True,False,True,103205,89641,0.869,0.09,high
Theft,42,0,11,reported,True,True,False,False,111115,108893,0.98,0.175,low
Collision,25,0,3,reported,True,False,False,False,79019,55873,0.707,0.068,low
Collision,25,2,0,reported,True,False,False,False,37904,20847,0.55,0.06,low
Collision,36,1,3,reported,True,False,False,False,48279,42926,0.889,0.041,low
Other,56,0,3,reported,True,True,False,True,448693,310604,0.692,0.414,medium
Collision,25,1,0,not_required,True,False,False,False,102459,110017,1.074,0.054,medium
Collision,42,0,0,not_required,False,False,False,False,96428,91597,0.95,0.056,high
Collision,74,0,4,not_required,True,False,False,False,73111,73836,1.01,0.057,low
Collision,34,2,13,reported,True,True,False,True,101618,65393,0.644,0.055,medium
Vandalism,60,2,5,reported,False,False,False,False,80615,79325,0.984,0.099,high
Natural Disaster,74,0,4,not_reported,True,False,False,False,43129,38468,0.892,0.023,low
Natural Disaster,59,1,5,not_required,True,True,False,True,114241,86611,0.758,0.067,medium
Vandalism,20,2,3,reported,True,True,False,False,52165,51292,0.983,0.076,high
Collision,40,1,6,reported,True,True,True,True,65894,55257,0.839,0.103,high
Theft,43,1,1,reported,True,True,False,False,48347,45839,0.948,0.066,medium
Collision,49,1,13,reported,True,True,False,False,22503,18091,0.804,0.018,medium
Hail/Weather,20,0,5,not_required,True,False,False,False,189856,109140,0.575,0.122,low
Natural Disaster,47,1,5,not_required,True,True,False,True,64063,53247,0.831,0.052,medium
Collision,56,1,1,not_reported,True,False,False,False,90143,68381,0.759,0.048,medium
Collision,48,1,3,not_required,True,False,False,False,116916,109413,0.936,0.121,low
Theft,49,1,3,reported,True,True,False,True,99381,85215,0.857,0.115,medium
Hit & Run,22,5,2,reported,True,False,False,False,31899,28206,0.884,0.022,high
Collision,66,1,4,reported,True,False,False,False,102956,86347,0.839,0.139,low
Hit & Run,19,0,2,reported,True,False,False,False,109326,100580,0.92,0.075,low
Collision,54,2,7,not_reported,True,False,False,False,85503,67955,0.795,0.061,high
Collision,61,0,9,reported,True,True,False,True,157913,103925,0.658,0.195,low
Vandalism,52,0,1,reported,True,True,False,False,190356,180804,0.95,0.14,medium
Hit & Run,39,2,1,reported,True,True,False,True,44458,40118,0.902,0.05,medium
Theft,23,1,3,reported,True,False,False,False,169655,178764,1.054,0.298,high
Vandalism,30,1,5,not_required,True,False,False,False,33245,29220,0.879,0.088,medium
Collision,23,1,2,reported,True,False,False,False,123333,114008,0.924,0.078,low
Hail/Weather,32,0,14,reported,True,False,False,False,103120,71984,0.698,0.086,low
Collision,26,0,3,reported,True,False,False,False,182967,149354,0.816,0.221,low
Collision,55,1,9,reported,True,True,False,True,57272,59189,1.033,0.115,high
Other,24,2,2,not_reported,True,False,False,False,121723,117777,0.968,0.163,high
Collision,24,2,6,not_reported,True,False,False,False,105832,104084,0.983,0.103,high
Hit & Run,38,1,4,reported,True,True,False,True,76920,75382,0.98,0.163,medium
Hail/Weather,65,1,13,reported,True,False,False,False,89552,82810,0.925,0.119,medium
Collision,48,2,3,not_reported,True,False,False,False,60449,45796,0.758,0.036,low
Other,32,0,0,not_required,True,True,False,True,116419,100794,0.866,0.163,low
Natural Disaster,20,2,2,reported,True,False,False,False,53416,46691,0.874,0.057,medium
Other,40,1,1,not_reported,True,False,False,False,39357,31757,0.807,0.033,low
Collision,64,0,10,reported,True,True,False,False,113594,135243,1.191,0.223,medium
Theft,68,0,2,reported,True,False,False,False,71873,64832,0.902,0.088,low
Collision,36,1,3,reported,True,False,False,False,116891,118676,1.015,0.099,medium
Collision,21,0,3,reported,True,True,False,False,170683,145370,0.852,0.143,low
Natural Disaster,33,1,5,not_required,True,True,False,False,64780,49315,0.761,0.061,medium
Collision,47,1,14,reported,True,False,False,False,35456,26750,0.754,0.035,low
Vandalism,31,0,1,not_required,False,False,False,False,53431,38734,0.725,0.032,high
Other,21,0,3,not_reported,True,False,False,False,170282,164355,0.965,0.371,medium
Theft,25,2,12,reported,True,False,False,False,164969,151172,0.916,0.132,high
Fire,21,1,1,reported,False,False,False,False,148069,109030,0.736,0.166,high
Fire,25,0,1,reported,True,True,True,True,71119,45580,0.641,0.024,low
Hit & Run,38,0,1,reported,True,False,False,False,132275,113782,0.86,0.121,low
Collision,54,1,20,not_required,True,True,False,True,58164,38394,0.66,0.045,high
Collision,37,1,2,reported,True,True,False,True,54913,51661,0.941,0.043,medium
Theft,71,0,0,reported,True,False,False,False,64781,63486,0.98,0.097,low
Fire,25,0,9,not_required,True,False,False,False,54942,33913,0.617,0.042,low
Collision,70,0,8,not_required,True,False,False,False,83444,68210,0.817,0.081,medium
Hail/Weather,34,1,0,not_required,True,False,False,False,69497,44020,0.633,0.03,low
Theft,49,2,12,reported,True,False,False,False,59595,41200,0.691,0.04,high
Collision,49,2,12,reported,True,True,False,True,167340,120450,0.72,0.205,high
Hit & Run,48,1,1,reported,True,True,False,True,107925,85812,0.795,0.135,medium
Theft,66,1,5,reported,True,False,False,False,77625,57642,0.743,0.088,low
Collision,22,0,4,not_reported,True,False,False,False,70593,46514,0.659,0.049,low
Natural Disaster,67,0,5,not_reported,True,True,False,False,82792,56167,0.678,0.057,low
Other,22,0,7,reported,True,False,False,False,29153,18780,0.644,0.023,low
Collision,55,0,2,reported,True,True,False,True,65174,48515,0.744,0.041,low
Natural Disaster,37,1,9,not_required,True,True,False,True,215362,167910,0.78,0.317,high
Hit & Run,52,0,0,reported,True,True,False,True,47366,39338,0.831,0.034,medium
Vandalism,38,2,5,not_reported,True,False,False,False,106464,88864,0.835,0.131,high
Collision,62,3,3,reported,True,False,False,False,126016,103692,0.823,0.059,medium
Natural Disaster,39,1,5,not_required,True,False,False,False,105211,80420,0.764,0.062,low
Collision,25,0,5,reported,True,False,False,False,281400,222855,0.792,0.112,low
Collision,20,1,3,reported,True,True,False,True,130699,108392,0.829,0.166,medium
Collision,61,2,6,not_reported,True,True,False,False,94092,92210,0.98,0.258,high
Collision,25,1,2,reported,True,True,False,True,76569,76646,1.001,0.145,medium
Collision,71,1,7,not_required,True,True,False,True,33273,35935,1.08,0.024,high
Hit & Run,21,0,4,reported,True,False,False,False,50569,49557,0.98,0.033,low
Natural Disaster,43,0,11,not_required,True,False,False,False,78195,71946,0.92,0.064,low
Theft,45,3,14,reported,True,False,False,False,37945,30415,0.802,0.018,high
Collision,66,1,1,reported,True,True,False,True,35813,40969,1.144,0.025,medium
Hail/Weather,19,1,0,not_required,True,False,False,False,138976,120153,0.865,0.107,low
Hit & Run,64,1,5,reported,True,False,False,False,35809,35093,0.98,0.034,low
Natural Disaster,38,1,3,not_required,True,True,False,False,90253,78955,0.875,0.075,low
Other,20,1,4,not_reported,True,False,False,False,42889,34210,0.798,0.024,medium
Vandalism,25,0,5,not_reported,False,True,True,True,122560,131255,1.071,0.121,high
Theft,45,0,14,reported,True,True,False,True,108585,79742,0.734,0.062,high
Collision,59,2,6,not_reported,True,False,False,False,95357,93450,0.98,0.178,high
Collision,27,1,1,not_required,False,True,False,True,172622,149275,0.865,0.174,high
Hit & Run,72,1,0,not_required,True,False,False,False,120717,107063,0.887,0.278,high
Hit & Run,39,1,1,reported,True,False,False,False,127811,104845,0.82,0.186,medium
Hail/Weather,39,1,6,not_required,True,False,False,False,89639,79513,0.887,0.154,medium
Collision,25,2,2,reported,True,True,True,False,66070,60894,0.922,0.086,medium
Collision,44,0,4,reported,True,False,False,False,40365,31747,0.786,0.042,low
Hit & Run,24,1,4,reported,True,True,False,False,52359,40314,0.77,0.087,medium
Hit & Run,25,1,2,reported,True,True,False,False,61830,44998,0.728,0.024,low
Collision,25,1,0,reported,True,False,False,False,85397,54790,0.642,0.046,low
Theft,67,0,10,reported,True,False,False,False,69564,50055,0.72,0.032,medium
Theft,48,0,1,reported,True,False,False,False,13335,15692,1.177,0.01,low
Hit & Run,37,0,3,reported,True,False,False,False,88268,83781,0.949,0.07,medium
Other,47,0,2,not_reported,True,False,False,False,245434,235394,0.959,0.319,medium
Theft,73,2,11,reported,True,True,False,True,39845,31149,0.782,0.058,high
Collision,75,1,1,not_reported,True,True,False,False,66104,48716,0.737,0.04,high
Vandalism,40,2,7,reported,True,False,False,False,60355,53299,0.883,0.066,medium
Other,19,0,6,not_reported,True,False,False,False,64521,63781,0.989,0.118,high
Natural Disaster,62,2,4,reported,True,True,False,True,39265,33085,0.843,0.034,high
Theft,67,1,7,reported,False,False,False,False,80194,72219,0.901,0.079,high
Vandalism,40,1,0,not_reported,True,False,False,False,112769,89359,0.792,0.08,medium
Collision,38,0,4,not_required,True,False,False,False,139496,96778,0.694,0.152,low
Other,38,1,4,reported,True,True,False,True,86093,61406,0.713,0.036,medium
Fire,29,2,0,reported,True,False,False,False,187979,133009,0.708,0.12,low
Collision,31,2,3,reported,True,True,False,True,106832,93702,0.877,0.211,high
Vandalism,24,1,24,not_required,True,False,False,False,32012,36285,1.133,0.037,high
Natural Disaster,33,1,13,not_reported,True,False,False,False,238745,233970,0.98,0.452,high
Fire,25,0,1,reported,True,False,False,False,186750,153348,0.821,0.1,low
Vandalism,52,0,2,reported,True,True,False,True,60601,70744,1.167,0.162,high
Collision,39,0,12,not_required,True,True,False,True,68252,50253,0.736,0.074,medium
Other,35,1,1,not_required,True,False,False,False,103092,72364,0.702,0.076,low
Vandalism,41,0,2,reported,False,False,False,False,74473,53398,0.717,0.06,low
Theft,35,2,0,not_reported,True,True,False,False,54179,42856,0.791,0.034,medium
Collision,62,0,7,not_required,True,True,False,True,239859,231556,0.965,0.269,medium
Collision,36,0,5,reported,True,False,False,False,67824,64508,0.951,0.07,low
Collision,41,0,3,not_required,True,False,False,False,62675,55344,0.883,0.096,low
Collision,30,3,3,reported,True,False,False,False,51781,51528,0.995,0.08,high
Other,23,0,18,not_required,True,False,False,False,232355,179400,0.772,0.277,medium
Hit & Run,32,0,4,not_required,True,False,False,False,91068,85934,0.944,0.142,medium
Fire,21,1,5,not_required,True,False,False,False,55564,55927,1.007,0.045,medium
Fire,70,0,21,reported,True,True,False,True,30821,28685,0.931,0.03,high
Natural Disaster,41,0,5,not_required,True,False,False,False,39163,46038,1.176,0.033,medium
Hit & Run,42,1,12,reported,True,True,False,False,29762,23538,0.791,0.035,medium
Collision,25,2,4,reported,True,True,False,False,69385,61428,0.885,0.08,medium
Collision,37,0,3,reported,True,False,False,False,112669,111916,0.993,0.08,low
Other,24,0,4,not_reported,True,False,False,False,73042,69282,0.949,0.148,high
Hit & Run,33,2,5,not_reported,True,True,False,False,291587,248062,0.851,0.33,high
Natural Disaster,52,1,1,reported,True,False,False,False,113889,95990,0.843,0.102,low
Vandalism,49,0,3,reported,True,True,False,True,78439,64260,0.819,0.066,medium
Hit & Run,20,1,2,reported,True,False,False,False,51439,49929,0.971,0.063,medium
Natural Disaster,48,2,21,not_required,True,False,False,False,56100,43597,0.777,0.033,medium
Collision,40,1,3,reported,True,False,False,False,44930,40804,0.908,0.062,low
Hit & Run,49,0,7,reported,True,False,False,False,147816,112376,0.76,0.188,medium
Hail/Weather,39,0,3,not_reported,True,False,False,False,167106,150635,0.901,0.086,low
Fire,61,2,2,not_required,True,True,False,True,157631,165427,1.049,0.178,high
Collision,33,1,1,reported,True,False,False,False,33710,32623,0.968,0.046,low
Hit & Run,33,1,14,reported,True,False,False,False,81037,87925,1.085,0.064,high
Other,41,0,0,not_reported,True,True,False,True,189120,200750,1.061,0.341,high
Vandalism,53,0,8,not_reported,True,True,False,False,52182,53478,1.025,0.03,high
Natural Disaster,71,1,10,not_required,True,False,False,False,117099,79701,0.681,0.095,low
Theft,46,1,8,not_required,True,True,False,True,20652,14810,0.717,0.023,medium
Hit & Run,25,1,2,reported,True,False,False,False,50163,34771,0.693,0.03,low
Collision,33,0,2,reported,True,True,False,False,201714,143679,0.712,0.287,low
Natural Disaster,46,2,0,not_required,True,False,False,False,51577,51038,0.99,0.032,medium
Collision,74,0,4,reported,True,False,False,False,56010,56429,1.007,0.055,low
Collision,67,1,9,reported,True,False,False,False,141434,152748,1.08,0.191,high
Natural Disaster,65,1,12,not_required,True,False,False,False,106176,104329,0.983,0.088,low
Collision,73,0,14,not_reported,True,True,True,True,44545,39129,0.878,0.031,high
Collision,22,0,2,reported,True,True,False,False,82869,61759,0.745,0.072,medium
Natural Disaster,20,0,27,reported,True,True,False,True,95613,104745,1.096,0.102,high
Other,35,0,11,reported,True,False,False,False,46753,34938,0.747,0.066,low
Collision,21,0,1,reported,True,False,False,False,79713,71757,0.9,0.104,low
Other,32,0,0,not_required,True,False,False,False,150675,147661,0.98,0.354,low
Vandalism,50,1,12,reported,True,False,False,False,66402,54965,0.828,0.081,medium
Theft,58,1,1,reported,True,False,False,False,88015,63883,0.726,0.093,medium
Theft,35,0,27,reported,True,False,False,False,101876,101603,0.997,0.149,high
Other,75,1,9,not_required,True,True,False,True,78648,53333,0.678,0.051,medium
Collision,72,1,2,reported,False,False,False,False,189928,200186,1.054,0.261,high
Theft,28,0,1,reported,True,False,False,False,138305,111154,0.804,0.13,low
Hit & Run,21,2,5,reported,True,False,False,False,61809,60573,0.98,0.057,high
Collision,59,0,3,reported,True,False,False,False,190557,186776,0.98,0.391,low
Fire,30,0,10,not_reported,True,True,False,False,34395,27684,0.805,0.022,high
Collision,46,1,3,reported,False,True,False,False,79764,61352,0.769,0.064,high
Collision,21,2,0,reported,True,False,False,False,197746,222810,1.127,0.504,medium
Collision,55,1,7,reported,True,True,False,True,132045,121824,0.923,0.074,low
Collision,70,2,3,not_required,True,False,False,False,56612,42040,0.743,0.081,medium
Theft,60,1,0,reported,True,True,False,False,70616,71062,1.006,0.063,medium
Collision,25,1,1,reported,True,False,False,False,41913,31121,0.743,0.025,medium
Hit & Run,54,0,13,reported,True,False,False,False,47327,46381,0.98,0.031,medium
Theft,35,1,4,reported,True,False,False,False,89999,60756,0.675,0.043,low
Vandalism,25,2,3,not_reported,True,True,False,True,66331,54210,0.817,0.13,high
Collision,45,1,0,reported,True,False,False,False,105495,103385,0.98,0.195,low
Collision,65,1,4,not_required,True,True,False,True,122215,97173,0.795,0.198,medium
Collision,22,0,3,reported,True,True,False,True,89280,82732,0.927,0.079,medium
Collision,38,1,11,reported,True,True,False,False,222536,180570,0.811,0.233,medium
Collision,38,0,12,reported,True,False,False,False,70756,46466,0.657,0.083,low
Hit & Run,64,0,2,reported,True,False,False,False,22264,15286,0.687,0.019,low
Collision,75,1,5,reported,True,False,False,False,69286,48961,0.707,0.031,low
Collision,21,3,5,not_required,True,False,False,False,28544,27020,0.947,0.029,high
Theft,25,2,4,not_reported,True,False,False,False,50294,40759,0.81,0.072,medium
Other,62,1,1,not_reported,True,False,False,False,51231,33704,0.658,0.055,medium
Theft,49,0,4,reported,True,False,False,False,91392,67084,0.734,0.071,low
Collision,67,1,4,reported,True,False,False,False,41715,34134,0.818,0.04,low
Vandalism,53,3,5,reported,True,False,False,False,600000,621662,1.036,0.924,high
Collision,23,1,0,reported,True,False,False,False,24411,24883,1.019,0.01,low
Fire,65,2,8,not_required,True,True,False,True,103729,109247,1.053,0.296,high
Collision,25,0,10,not_reported,True,False,False,False,100526,88893,0.884,0.065,high
Natural Disaster,27,0,1,not_reported,True,False,False,False,53230,31624,0.594,0.042,low
Collision,46,0,17,not_required,True,False,False,False,71671,76968,1.074,0.058,medium
Hit & Run,39,1,4,reported,True,False,False,False,76851,67559,0.879,0.14,medium
Vandalism,49,1,2,reported,True,False,False,False,97540,91768,0.941,0.086,low
Hail/Weather,35,0,0,reported,True,True,False,False,65497,50736,0.775,0.051,low
Other,27,1,7,not_required,True,True,False,False,136474,127404,0.934,0.069,high
Collision,35,1,1,reported,True,True,True,True,124887,114095,0.914,0.234,medium
Theft,24,0,5,reported,True,False,False,False,186078,152543,0.82,0.072,high
Collision,52,4,1,not_reported,True,False,False,False,72063,51539,0.715,0.058,medium
Collision,46,2,20,reported,True,True,False,True,141797,104093,0.734,0.177,high
Vandalism,47,1,11,not_reported,True,False,False,False,46537,38123,0.819,0.053,high
Vandalism,42,2,12,not_reported,True,False,False,False,110719,108505,0.98,0.261,high
Hail/Weather,66,0,0,reported,True,True,False,False,171871,158121,0.92,0.129,low
Natural Disaster,58,0,21,not_required,True,True,False,True,127066,123297,0.97,0.137,high
Theft,19,1,7,reported,True,False,False,False,168890,150970,0.894,0.111,high
Collision,43,3,1,not_reported,True,True,False,True,167472,121944,0.728,0.151,high
Collision,22,2,14,reported,True,True,False,True,40152,40834,1.017,0.035,high
Other,21,1,0,not_required,True,False,False,False,81183,58066,0.715,0.094,low
Vandalism,36,2,14,reported,True,False,False,False,71137,74196,1.043,0.062,high
Hit & Run,61,1,0,reported,True,False,False,False,41140,33621,0.817,0.111,medium
Collision,39,1,0,reported,True,False,False,False,130766,134721,1.03,0.193,low
Collision,56,1,4,not_reported,True,False,False,False,110004,95771,0.871,0.127,medium
Hit & Run,42,1,5,reported,True,True,True,True,104486,73564,0.704,0.074,high
Collision,25,0,14,not_reported,True,False,False,False,178568,161395,0.904,0.135,high
Collision,24,1,5,reported,True,True,False,True,65876,48670,0.739,0.059,medium
Natural Disaster,25,2,5,not_required,True,False,False,False,25537,21228,0.831,0.023,low
Theft,47,2,4,not_reported,True,False,False,False,114822,106451,0.927,0.089,high
Fire,44,2,5,not_reported,True,True,False,True,92334,87513,0.948,0.073,high
Fire,42,3,6,not_reported,True,False,False,False,173617,180216,1.038,0.234,high
Hit & Run,41,0,6,reported,True,False,False,False,68056,52367,0.769,0.131,medium
Collision,33,1,4,not_required,True,True,False,True,15516,15322,0.987,0.016,medium
Collision,44,1,3,reported,True,True,False,False,167797,105526,0.629,0.181,low
Theft,33,1,4,reported,True,False,False,False,44762,34975,0.781,0.039,medium
Hail/Weather,73,1,3,reported,True,True,False,True,45881,37418,0.816,0.042,medium
Natural Disaster,52,1,6,not_reported,True,True,False,False,53451,48821,0.913,0.063,high
Theft,49,1,2,not_reported,True,True,False,False,95094,80369,0.845,0.144,high
Collision,25,1,5,reported,True,True,False,True,112156,99599,0.888,0.092,medium
Hit & Run,62,0,4,reported,True,True,False,True,53446,54947,1.028,0.103,high
Collision,48,5,1,reported,True,False,False,False,62154,67559,1.087,0.074,high
Theft,29,3,1,reported,True,False,False,False,69938,63148,0.903,0.145,high
Hit & Run,38,0,8,reported,False,False,False,False,173144,124547,0.719,0.186,high
Theft,39,1,13,reported,False,False,False,False,128199,97575,0.761,0.105,high
Theft,62,2,12,reported,True,True,False,True,72738,53855,0.74,0.033,high
Collision,75,1,16,reported,True,False,False,False,160999,119307,0.741,0.427,medium
Theft,25,3,0,reported,False,True,False,True,129441,108300,0.837,0.247,high
Fire,53,0,1,reported,True,False,False,False,172566,158761,0.92,0.243,low
Other,39,0,1,not_required,True,False,False,False,33236,30668,0.923,0.029,low
Hit & Run,44,1,6,reported,True,True,False,True,53841,48826,0.907,0.06,high
Hail/Weather,73,1,1,not_required,True,True,False,False,96216,80211,0.834,0.128,medium
Collision,35,2,4,not_required,True,False,False,False,54740,49488,0.904,0.042,medium
Theft,33,1,5,not_required,True,False,False,False,122495,126263,1.031,0.321,high
Fire,21,1,10,not_reported,True,True,False,True,255614,299130,1.17,0.329,high
Collision,59,2,0,not_required,True,False,False,False,115375,110280,0.956,0.135,medium
Theft,75,0,1,reported,True,False,False,False,55071,54497,0.99,0.054,low
Collision,61,2,4,reported,True,False,False,False,256955,268787,1.046,0.447,high
Fire,37,0,5,not_reported,True,False,False,False,77126,53011,0.687,0.05,low
Collision,43,0,4,reported,True,False,False,False,47443,41241,0.869,0.07,low
Vandalism,55,1,3,not_reported,True,False,False,False,73233,59050,0.806,0.053,low
Vandalism,47,1,3,not_required,True,False,False,False,219657,188754,0.859,0.419,medium
Collision,24,1,4,reported,True,False,False,False,79529,68019,0.855,0.091,low
Vandalism,68,1,1,reported,True,True,False,True,23791,22492,0.945,0.016,medium
Collision,49,1,3,reported,True,True,False,False,39879,26801,0.672,0.021,low
Hail/Weather,45,1,0,not_required,True,False,False,False,120153,135704,1.129,0.094,medium
Hit & Run,19,0,10,reported,True,False,False,False,53309,52243,0.98,0.064,high
Natural Disaster,39,0,2,reported,True,False,False,False,151528,120105,0.793,0.162,low
Hail/Weather,45,0,4,not_reported,True,False,False,False,138112,102529,0.742,0.118,low
Fire,39,1,3,not_required,True,False,False,False,136301,123590,0.907,0.085,high
Collision,28,1,1,not_reported,True,True,False,False,35327,34692,0.982,0.026,high
Collision,74,1,10,reported,True,False,False,False,38739,40099,1.035,0.029,low
Hail/Weather,35,0,2,reported,True,True,False,False,131770,97712,0.742,0.105,low
Fire,68,2,5,reported,False,True,False,True,48970,34115,0.697,0.041,high
Collision,41,0,26,reported,True,False,False,False,36060,30679,0.851,0.017,low
Theft,46,1,2,reported,True,True,False,False,88265,54851,0.621,0.066,low
Collision,44,0,3,reported,True,False,False,False,27385,30293,1.106,0.05,low
Collision,64,0,14,not_reported,True,False,False,False,137460,134711,0.98,0.214,high
Hit & Run,49,0,23,not_reported,False,True,True,True,57760,65977,1.142,0.054,high
Collision,44,0,1,reported,True,False,False,False,48639,53499,1.1,0.054,low
Fire,19,3,14,not_reported,True,False,False,False,63529,44039,0.693,0.042,high
Collision,52,2,4,reported,True,True,False,True,58039,49068,0.845,0.02,medium
Hit & Run,25,0,0,not_required,True,True,False,False,41136,26386,0.641,0.027,low
Theft,56,0,2,reported,True,False,False,False,349727,342732,0.98,0.226,medium
Vandalism,50,1,23,reported,True,False,False,False,36550,36918,1.01,0.027,high
Hit & Run,49,2,1,not_reported,True,True,False,True,69153,70701,1.022,0.051,high
Fire,19,1,10,not_required,True,False,False,False,64587,51462,0.797,0.102,high
Collision,44,1,29,not_reported,True,False,False,False,53987,29693,0.55,0.047,medium
Collision,34,0,4,not_required,True,True,False,False,110180,113981,1.035,0.193,low
Hit & Run,40,1,0,not_required,True,False,False,False,102878,100047,0.972,0.077,medium
Collision,39,1,2,not_required,True,False,False,False,75918,61361,0.808,0.056,medium
Collision,44,1,7,not_required,True,False,False,False,142891,92375,0.646,0.098,low
Natural Disaster,31,0,5,not_required,False,False,False,False,345183,282531,0.818,0.176,high
Hit & Run,37,0,2,reported,True,False,False,False,141608,129284,0.913,0.072,low
Hit & Run,48,2,18,reported,False,False,False,False,47622,48261,1.013,0.053,high
Natural Disaster,31,0,4,not_required,False,False,False,False,326752,233716,0.715,0.26,high
Natural Disaster,42,1,12,not_required,True,True,False,True,126199,123085,0.975,0.116,high
Other,43,0,12,reported,True,True,False,False,116293,129158,1.111,0.117,medium
Hail/Weather,67,0,14,reported,True,False,False,False,121379,124812,1.028,0.112,medium
Collision,33,1,2,reported,True,True,False,False,37595,38094,1.013,0.037,medium
Hit & Run,25,0,1,not_reported,True,False,False,False,36520,36638,1.003,0.045,medium
Theft,25,3,1,reported,True,False,False,False,43537,47020,1.08,0.056,medium
Other,18,1,3,not_required,True,True,False,False,41428,28793,0.695,0.064,high
Vandalism,38,0,17,not_reported,True,False,False,False,120279,108156,0.899,0.159,high
Vandalism,29,0,3,not_reported,True,False,False,False,70576,57494,0.815,0.042,medium
Hail/Weather,48,2,3,reported,True,True,False,False,62471,57946,0.928,0.095,medium
Collision,37,1,0,reported,True,True,False,True,71883,56032,0.779,0.044,medium
Vandalism,44,0,17,reported,True,False,False,False,85668,76836,0.897,0.194,medium
Hit & Run,23,2,5,reported,True,False,False,False,55315,44247,0.8,0.06,high
Collision,41,2,1,not_reported,True,False,False,False,380483,301646,0.793,0.219,high
Hit & Run,51,1,5,reported,True,False,False,False,118274,107286,0.907,0.108,medium
Collision,35,2,3,not_required,True,True,False,False,108559,89454,0.824,0.108,medium
Collision,43,5,2,not_required,True,True,False,True,37576,29737,0.791,0.06,high
Collision,55,1,4,reported,True,False,False,False,41226,28972,0.703,0.052,low
Hail/Weather,33,1,0,not_reported,True,True,False,False,29523,28933,0.98,0.048,medium
Collision,25,1,11,reported,True,False,False,False,124824,124175,0.995,0.091,low
Collision,18,3,2,reported,True,True,False,True,108565,106491,0.981,0.382,high
Natural Disaster,69,1,3,not_required,True,False,False,False,294495,252007,0.856,0.34,medium
Theft,45,0,14,not_required,True,False,False,False,30042,19194,0.639,0.022,high
Hit & Run,63,1,2,not_required,True,False,False,False,169990,154136,0.907,0.132,medium
Vandalism,43,1,0,reported,True,True,True,True,42011,51254,1.22,0.079,high
Collision,36,1,27,reported,True,False,False,False,278534,293419,1.053,0.463,high
Collision,38,1,2,reported,True,False,False,False,49489,49929,1.009,0.068,high
Collision,20,2,2,reported,True,False,False,False,241239,230928,0.957,0.267,high
Theft,62,0,5,reported,True,True,False,True,61869,69316,1.12,0.129,medium
Theft,68,0,4,not_reported,True,True,False,True,46958,39812,0.848,0.063,high
Natural Disaster,33,2,0,not_required,True,True,False,True,370277,280636,0.758,0.383,high
Collision,42,1,9,reported,True,False,False,False,203092,210265,1.035,0.218,high
Theft,66,0,0,reported,True,True,True,True,84542,82851,0.98,0.063,high
Collision,34,2,3,reported,True,False,False,False,103165,84707,0.821,0.112,low
Hail/Weather,62,0,3,reported,True,False,False,False,83596,69918,0.836,0.036,low
Theft,32,2,0,reported,True,False,False,False,248451,158945,0.64,0.235,low
Hit & Run,42,1,5,reported,True,False,False,False,87818,85384,0.972,0.091,medium
Collision,35,1,8,not_required,True,False,False,False,109259,86561,0.792,0.063,low
Fire,42,0,14,reported,True,False,False,False,78165,68231,0.873,0.063,low
Theft,68,0,3,reported,True,True,False,True,421316,447875,1.063,0.419,high
Collision,36,0,4,not_required,True,True,False,True,64683,50071,0.774,0.052,low
Theft,19,0,29,reported,True,True,False,True,175432,128801,0.734,0.277,high
Hit & Run,39,1,2,reported,True,False,False,False,187491,141392,0.754,0.259,low
Hit & Run,29,1,5,reported,True,False,False,False,59594,48890,0.82,0.116,medium
Collision,75,1,9,not_required,True,False,False,False,144545,99673,0.69,0.138,low
Collision,34,1,3,reported,True,True,False,True,125345,86822,0.693,0.142,medium
Hail/Weather,39,1,0,not_required,True,True,False,True,331521,344554,1.039,0.295,medium
Natural Disaster,35,1,3,reported,True,True,False,False,93927,82429,0.878,0.122,low
Collision,43,0,0,reported,True,True,False,False,66709,50977,0.764,0.14,low
Collision,28,1,9,reported,True,False,False,False,49551,50600,1.021,0.042,medium
Collision,34,0,3,reported,True,True,False,False,43269,39233,0.907,0.045,low
Hit & Run,70,2,5,reported,True,False,False,False,92826,110978,1.196,0.083,high
Collision,36,0,0,not_required,True,False,False,False,179581,157420,0.877,0.176,low
Hail/Weather,65,0,10,reported,True,False,False,False,114553,107848,0.941,0.171,low
Natural Disaster,41,0,26,reported,True,False,False,False,65332,66038,1.011,0.032,high
Collision,22,1,4,reported,False,False,False,False,68617,67245,0.98,0.11,high
Theft,18,0,4,reported,True,False,False,False,110772,87998,0.794,0.185,medium
Collision,44,0,0,not_reported,False,True,False,False,52089,42341,0.813,0.087,high
Vandalism,52,1,0,reported,True,False,False,False,92649,76854,0.83,0.098,low
Vandalism,50,0,3,not_reported,True,False,False,False,47464,48101,1.013,0.043,high
Other,39,0,0,not_reported,True,True,False,True,30323,32059,1.057,0.042,low
Hit & Run,50,0,2,not_required,True,False,False,False,118437,66089,0.558,0.109,low
Collision,42,2,5,not_required,True,False,False,False,137990,138344,1.003,0.206,high
Vandalism,27,0,1,not_reported,True,True,False,False,73122,50184,0.686,0.082,medium
Theft,50,3,4,not_required,True,False,False,False,310101,236697,0.763,0.552,high
Theft,48,1,7,reported,True,True,False,True,61190,46227,0.755,0.04,high
Collision,23,0,9,reported,False,False,False,False,109883,78050,0.71,0.241,medium
Other,44,0,25,not_reported,False,True,False,True,26410,25032,0.948,0.043,high
Hail/Weather,40,3,6,reported,True,False,False,False,43134,33364,0.773,0.037,low
Collision,24,0,4,not_reported,True,True,False,True,170192,154466,0.908,0.298,medium
Natural Disaster,25,0,3,not_required,True,False,False,False,15478,13864,0.896,0.034,low
Theft,47,0,5,reported,True,True,False,True,52796,47428,0.898,0.03,medium
Collision,53,1,13,not_reported,True,False,False,False,91860,80956,0.881,0.185,high
Natural Disaster,72,1,4,not_required,True,False,False,False,150064,156538,1.043,0.141,medium
Collision,41,1,11,not_required,True,False,False,False,117946,101076,0.857,0.215,high
Other,40,2,1,not_reported,True,False,False,False,128353,142355,1.109,0.143,high
Collision,20,1,1,not_reported,True,True,False,True,40436,34799,0.861,0.029,high
Collision,34,0,0,reported,True,False,False,False,69270,65004,0.938,0.028,low
Theft,42,0,22,reported,True,False,False,False,223156,177800,0.797,0.101,medium
Collision,25,1,2,not_required,True,False,False,False,56387,36560,0.648,0.025,low
Vandalism,55,2,26,not_reported,True,True,False,True,130990,133662,1.02,0.189,high
Vandalism,37,0,12,not_required,False,True,True,False,119212,102758,0.862,0.168,high
Hail/Weather,43,1,0,not_required,True,False,False,False,119705,117199,0.979,0.159,low
Collision,50,5,9,not_required,True,False,False,False,144840,100930,0.697,0.057,high
Vandalism,44,0,2,reported,True,False,False,False,75121,54483,0.725,0.111,low
Collision,32,0,4,not_reported,True,False,False,False,70557,81242,1.151,0.118,low
Theft,36,2,0,reported,False,False,False,False,56817,42577,0.749,0.095,high
Vandalism,37,1,1,not_reported,True,True,False,False,19072,18690,0.98,0.038,medium
Collision,30,0,6,reported,True,False,False,False,74925,47425,0.633,0.044,low
Collision,44,1,10,reported,True,False,False,False,193009,163037,0.845,0.235,low
Fire,28,0,2,not_required,True,False,False,False,191187,129215,0.676,0.141,low
Collision,26,2,4,not_required,True,False,False,False,272935,213181,0.781,0.344,high
Collision,28,1,3,reported,True,False,False,False,152418,112095,0.735,0.25,low
Theft,35,3,7,reported,True,False,False,False,117251,76792,0.655,0.084,high
Theft,36,0,17,reported,True,False,False,False,122092,118409,0.97,0.12,high
Collision,41,1,2,not_required,True,False,False,False,36580,28046,0.767,0.048,low
Collision,47,1,13,reported,True,False,False,False,28875,31721,1.099,0.061,high
Vandalism,21,0,9,not_reported,True,False,False,False,109042,98614,0.904,0.132,high
Collision,22,1,3,reported,True,False,False,False,98364,77625,0.789,0.071,medium
Vandalism,62,1,1,not_required,False,True,True,True,26189,25742,0.983,0.103,high
Hit & Run,39,1,3,reported,False,True,False,False,70805,52866,0.747,0.086,high
Hit & Run,57,1,3,reported,True,False,False,False,28970,20995,0.725,0.013,low
Vandalism,21,0,3,reported,True,False,False,False,40938,47409,1.158,0.044,medium
Collision,54,2,0,not_reported,True,False,False,False,49866,52528,1.053,0.059,high
Hail/Weather,22,0,10,not_required,False,False,False,False,94656,87806,0.928,0.074,high
Vandalism,34,0,4,not_required,True,True,False,True,79664,75972,0.954,0.087,high
Collision,60,3,3,reported,True,True,False,True,26378,27665,1.049,0.044,high
Vandalism,33,1,30,reported,True,False,False,False,18682,16071,0.86,0.014,high
Hail/Weather,25,0,1,not_required,True,False,False,False,61132,66022,1.08,0.044,low
Natural Disaster,67,1,3,not_required,True,False,False,False,62916,57883,0.92,0.099,low
Collision,36,1,1,not_required,True,False,False,False,32096,26864,0.837,0.032,low
Theft,25,0,4,not_required,True,False,False,False,301634,246292,0.817,0.34,high
Natural Disaster,71,1,29,not_required,True,False,False,False,117047,101159,0.864,0.175,medium
Collision,40,0,1,not_required,True,False,False,False,120219,132796,1.105,0.177,low
Collision,50,0,7,not_reported,True,False,False,False,30268,28574,0.944,0.026,medium
Natural Disaster,39,1,10,not_reported,True,False,False,False,147449,135601,0.92,0.164,high
Collision,28,3,0,reported,True,False,False,False,48572,40304,0.83,0.037,medium
Natural Disaster,54,1,3,not_required,True,False,False,False,132601,123827,0.934,0.105,medium
Collision,30,2,13,not_required,True,False,False,False,68506,63694,0.93,0.094,high
Theft,74,0,3,not_reported,True,True,False,True,242891,243054,1.001,0.157,medium
Natural Disaster,33,0,1,not_required,True,False,False,False,58409,48357,0.828,0.037,low
Theft,39,2,4,not_reported,True,True,False,True,54907,36757,0.669,0.04,high
Theft,39,1,6,reported,True,True,False,False,52074,40175,0.771,0.019,high
Collision,30,0,2,not_reported,True,False,False,False,79721,54291,0.681,0.128,medium
Fire,32,1,5,reported,True,False,False,False,49349,53297,1.08,0.042,medium
Collision,18,1,0,not_required,True,False,False,False,139034,122359,0.88,0.185,low
Hail/Weather,26,0,4,not_reported,True,False,False,False,117478,121991,1.038,0.134,low
Collision,25,0,0,reported,True,False,False,False,154763,129407,0.836,0.252,low
Theft,65,2,1,reported,True,False,False,False,103826,101750,0.98,0.162,high
Hit & Run,69,1,0,reported,True,False,False,False,140259,151480,1.08,0.27,medium
Collision,26,0,3,not_reported,True,True,False,False,27655,23406,0.846,0.022,medium
Hit & Run,22,2,9,reported,True,True,False,True,160893,117997,0.733,0.215,high
Natural Disaster,29,2,2,not_required,True,False,False,False,79574,64567,0.811,0.096,medium
Hail/Weather,33,0,0,reported,True,True,False,True,48837,47861,0.98,0.093,low
Hit & Run,40,1,3,reported,True,False,False,False,41962,40516,0.966,0.081,high
Other,62,0,25,reported,True,True,False,True,74404,63258,0.85,0.074,medium
Theft,61,1,3,reported,True,True,False,True,21184,17068,0.806,0.009,medium
Collision,38,1,1,reported,True,False,False,False,100561,91610,0.911,0.122,medium
Collision,35,0,0,not_reported,True,True,True,True,94538,70212,0.743,0.14,medium
Collision,50,1,5,reported,True,False,False,False,91194,73439,0.805,0.087,low
Hail/Weather,39,3,5,not_required,True,False,False,False,62828,46635,0.742,0.051,medium
Fire,72,1,0,reported,False,False,False,False,48442,34724,0.717,0.031,high
Vandalism,34,0,4,reported,True,False,False,False,54519,50840,0.933,0.082,low
Collision,22,0,2,reported,True,True,False,False,105906,86819,0.82,0.137,low
Collision,44,0,2,reported,True,True,False,True,18052,19182,1.063,0.042,low
Collision,39,1,25,reported,True,False,False,False,107312,85629,0.798,0.172,high
Collision,39,0,3,reported,True,False,False,False,228076,208378,0.914,0.169,low
Other,71,1,4,reported,True,False,False,False,55721,54606,0.98,0.109,medium
Hit & Run,19,0,30,reported,True,True,False,True,59151,42669,0.721,0.053,high
Collision,18,1,5,reported,True,True,True,False,89970,70521,0.784,0.108,high
Hit & Run,66,2,9,reported,True,True,False,True,64585,54821,0.849,0.052,high
Hit & Run,19,3,1,reported,True,False,False,False,96361,89060,0.924,0.178,high
Collision,65,0,5,reported,True,False,False,False,117242,79529,0.678,0.223,low
Theft,37,0,3,reported,True,False,False,False,132628,72946,0.55,0.075,low
Other,21,3,14,not_required,True,False,False,False,104736,73176,0.699,0.117,high
Collision,25,0,4,reported,True,False,False,False,55235,45372,0.821,0.065,low
Collision,74,4,8,reported,True,True,False,False,18606,14225,0.765,0.013,high
Collision,41,0,6,reported,True,False,False,False,123976,86630,0.699,0.254,low
Natural Disaster,63,1,2,reported,True,False,False,False,80634,83422,1.035,0.121,medium
Vandalism,19,0,22,reported,True,False,False,False,36507,28025,0.768,0.033,medium
Collision,40,1,5,reported,True,True,False,True,72419,45225,0.624,0.104,medium
Collision,51,4,1,not_required,True,False,False,False,165025,148586,0.9,0.191,high
Collision,63,3,3,reported,True,False,False,False,59085,57903,0.98,0.063,high
Hail/Weather,51,0,6,not_required,True,False,False,False,43517,41130,0.945,0.022,low
Collision,40,0,14,not_reported,True,False,False,False,65482,70720,1.08,0.092,high
Fire,37,0,2,not_required,False,True,False,False,116186,105747,0.91,0.181,high
Collision,38,0,4,reported,True,False,False,False,74074,72592,0.98,0.124,low
Vandalism,25,1,28,not_required,False,False,False,False,149645,120242,0.804,0.109,high
Collision,64,1,5,reported,True,False,False,False,150600,115727,0.768,0.193,low
Hail/Weather,22,0,12,not_required,True,False,False,False,131524,98269,0.747,0.111,medium
Vandalism,31,1,1,reported,True,True,False,True,169403,170953,1.009,0.148,medium
Collision,33,0,2,not_required,True,False,False,False,92555,68096,0.736,0.067,low
Collision,20,0,12,not_required,True,True,False,True,47312,46589,0.985,0.045,medium
Natural Disaster,21,0,1,not_reported,True,False,False,False,95986,92355,0.962,0.163,medium
Fire,22,0,5,reported,True,False,False,False,21991,16972,0.772,0.008,low
Theft,46,0,2,reported,False,True,False,True,272664,284906,1.045,0.423,high
Collision,55,1,3,reported,True,True,False,True,29383,22786,0.775,0.015,low
Collision,40,2,25,not_required,True,False,False,False,66286,54694,0.825,0.045,high
Theft,34,0,5,not_reported,True,False,False,False,39139,41719,1.066,0.082,high
Fire,66,2,4,reported,True,False,False,False,39608,36042,0.91,0.026,medium
Collision,36,0,11,not_required,True,False,False,False,106544,59329,0.557,0.026,low
Collision,35,1,9,not_reported,True,False,False,False,33293,27872,0.837,0.024,high
Collision,70,0,2,not_reported,True,False,False,False,53074,42392,0.799,0.038,medium
Collision,41,2,13,reported,True,False,False,False,40759,32648,0.801,0.032,medium
Hit & Run,20,0,26,reported,True,False,False,False,50396,33100,0.657,0.019,medium
Theft,24,0,30,not_required,True,False,False,False,100237,98122,0.979,0.078,high
Collision,40,0,9,reported,True,False,False,False,87055,60132,0.691,0.074,low
Fire,46,0,4,reported,True,True,False,False,54073,41250,0.763,0.037,low
Theft,70,1,1,reported,True,True,True,True,73586,72115,0.98,0.039,high
Vandalism,25,1,3,not_required,True,False,False,False,22362,20363,0.911,0.04,low
Fire,47,0,27,reported,True,True,True,True,253849,266796,1.051,0.705,high
Collision,67,0,11,reported,True,False,False,False,106512,117515,1.103,0.129,medium
Theft,18,1,3,reported,True,True,False,True,81710,67365,0.824,0.123,high
Theft,71,1,2,reported,True,False,False,False,64227,59145,0.921,0.074,medium
Hit & Run,49,1,1,reported,True,True,False,False,107029,95578,0.893,0.314,high
Vandalism,44,0,2,not_reported,True,True,False,True,167498,148811,0.888,0.181,high
Collision,35,2,3,not_required,False,False,False,False,19250,17364,0.902,0.034,high
Collision,25,0,3,reported,True,True,True,True,84329,78403,0.93,0.132,medium
Collision,23,1,6,reported,True,True,False,False,54196,52834,0.975,0.045,low
Collision,40,0,3,reported,True,True,False,False,90309,69402,0.768,0.087,low
Fire,62,2,10,reported,False,False,False,False,234397,187161,0.798,0.196,high
Other,59,2,8,not_required,True,False,False,False,114390,90871,0.794,0.067,medium
Collision,25,1,0,reported,True,True,False,True,64553,64024,0.992,0.101,medium
Vandalism,25,0,0,not_reported,True,False,False,False,142317,143714,1.01,0.165,medium
Collision,43,1,0,not_reported,True,False,False,False,78159,54530,0.698,0.045,medium
Other,35,1,13,reported,True,False,False,False,63337,47051,0.743,0.079,low
Collision,39,0,10,reported,True,False,False,False,62633,45637,0.729,0.109,low
Collision,36,1,2,reported,True,False,False,False,51073,55159,1.08,0.09,medium
Collision,47,0,0,not_required,True,False,False,False,92436,65478,0.708,0.12,low
Vandalism,24,1,0,not_reported,False,False,False,False,49382,43138,0.874,0.063,high
Collision,25,0,2,reported,True,True,True,True,130860,108608,0.83,0.17,medium
Natural Disaster,42,0,0,not_required,False,False,False,False,65201,48104,0.738,0.04,medium
Collision,37,0,0,not_required,True,True,False,False,196456,203508,1.036,0.148,medium
Collision,40,2,14,reported,True,False,False,False,77185,59222,0.767,0.115,medium
Other,39,0,5,reported,True,False,False,False,51721,44745,0.865,0.034,low
Vandalism,32,0,23,not_reported,True,True,False,True,117534,86754,0.738,0.11,high
Natural Disaster,39,1,0,not_required,False,False,False,False,33218,27185,0.818,0.089,high
Collision,63,0,7,reported,True,False,False,False,222178,199530,0.898,0.202,low
Hail/Weather,30,3,5,reported,True,False,False,False,78155,58980,0.755,0.088,medium
Fire,40,1,3,reported,True,False,False,False,90732,67350,0.742,0.052,low
Collision,45,0,1,reported,True,True,False,False,78387,82359,1.051,0.099,low
Collision,38,0,15,reported,True,False,False,False,139253,132041,0.948,0.169,medium
Collision,36,1,0,not_reported,True,True,False,False,117542,99334,0.845,0.164,medium
Collision,54,1,2,not_reported,True,False,False,False,134535,120366,0.895,0.069,medium
Vandalism,36,1,6,not_required,True,False,False,False,61353,61254,0.998,0.056,low
Collision,54,0,2,not_reported,True,True,False,False,40757,34227,0.84,0.043,medium
Hail/Weather,22,0,0,not_required,True,False,False,False,65861,60592,0.92,0.046,low
Hail/Weather,68,3,2,not_required,True,False,False,False,25462,22190,0.872,0.031,low
Theft,42,1,5,not_reported,True,False,False,False,232597,227945,0.98,0.372,high
Hit & Run,20,1,4,reported,True,True,False,True,83799,96907,1.156,0.126,high
Theft,25,1,6,reported,True,False,False,False,51878,39825,0.768,0.028,medium
Other,64,1,24,not_reported,True,False,False,False,101702,94447,0.929,0.115,high
Collision,75,1,3,not_reported,True,False,False,False,31664,22805,0.72,0.022,medium
Natural Disaster,39,0,5,not_required,True,False,False,False,117866,125282,1.063,0.196,low
Hit & Run,60,1,8,not_reported,True,False,False,False,114045,84172,0.738,0.12,high
Hail/Weather,46,1,1,reported,True,False,False,False,69227,62187,0.898,0.053,low
Hit & Run,37,1,9,not_reported,True,False,False,False,115551,95589,0.827,0.082,high
Collision,32,1,9,reported,True,False,False,False,178135,201451,1.131,0.277,medium
Collision,39,0,0,not_required,True,False,False,False,78945,69837,0.885,0.096,low
Collision,39,0,1,reported,True,True,False,False,133102,95538,0.718,0.095,low
Collision,18,1,7,not_reported,True,False,False,False,72092,73998,1.026,0.058,high
Collision,46,1,4,reported,True,False,False,False,82466,68027,0.825,0.059,low
Theft,61,0,2,reported,True,True,True,False,381560,373928,0.98,0.45,high
Natural Disaster,44,0,18,not_required,True,False,False,False,77787,62551,0.804,0.12,low
Collision,32,2,5,reported,True,False,False,False,59726,58089,0.973,0.102,high
Natural Disaster,34,3,10,not_required,True,False,False,False,62034,62230,1.003,0.072,high
Hail/Weather,37,1,5,reported,True,False,False,False,83979,86107,1.025,0.065,low
Collision,44,2,5,not_reported,True,False,False,False,75965,65811,0.866,0.054,high
Theft,33,3,0,reported,True,True,False,False,123139,87012,0.707,0.057,medium
Other,31,0,2,not_required,True,False,False,False,54983,53667,0.976,0.05,low
Fire,62,3,5,reported,True,True,False,False,245413,182089,0.742,0.119,high
Hit & Run,25,3,5,reported,True,False,False,False,34640,23318,0.673,0.031,high
Vandalism,66,0,0,not_reported,False,False,False,False,50823,39110,0.77,0.058,high
Natural Disaster,39,0,3,not_required,True,False,False,False,109709,109753,1.0,0.246,medium
Theft,20,3,2,not_reported,True,True,False,True,67142,54517,0.812,0.063,high
Collision,74,0,3,not_required,True,True,False,True,99053,92591,0.935,0.172,high
Vandalism,26,1,5,not_required,True,True,False,True,72133,61517,0.853,0.038,medium
Theft,52,0,1,reported,True,False,False,False,86184,87304,1.013,0.228,low
Hail/Weather,42,1,5,not_required,True,False,False,False,97085,57888,0.596,0.202,low
Theft,54,1,3,reported,True,True,True,False,65535,60292,0.92,0.041,medium
Collision,50,1,3,reported,True,False,False,False,55845,45954,0.823,0.071,low
Natural Disaster,25,0,8,not_required,True,False,False,False,77954,80108,1.028,0.163,low
Other,60,0,11,reported,True,False,False,False,38287,27499,0.718,0.022,low
Collision,41,1,4,reported,True,True,True,True,44087,36617,0.831,0.053,high
Collision,23,0,4,reported,True,False,False,False,92518,64801,0.7,0.078,low
Other,25,1,2,not_required,True,True,False,False,143835,138890,0.966,0.397,medium
Other,20,0,1,not_required,True,True,False,False,56829,45280,0.797,0.057,low
Collision,47,2,9,reported,True,True,False,False,63994,64555,1.009,0.089,medium
Natural Disaster,50,0,4,not_required,True,False,False,False,70749,62377,0.882,0.051,low
Collision,26,0,1,reported,True,True,True,False,103765,88578,0.854,0.141,low
Theft,40,2,4,reported,True,True,False,True,69181,48137,0.696,0.124,medium
Collision,30,1,1,not_reported,True,False,False,False,74245,45802,0.617,0.071,medium
Hit & Run,65,3,0,reported,True,False,False,False,105527,103417,0.98,0.124,high
Natural Disaster,41,2,1,not_required,True,True,False,True,84394,60717,0.719,0.096,low
Fire,68,1,28,reported,True,False,False,False,84597,66826,0.79,0.091,high
Collision,29,0,7,not_reported,True,False,False,False,100619,69625,0.692,0.095,medium
Collision,22,0,2,not_reported,False,True,True,False,224650,229170,1.02,0.176,high
Theft,55,0,0,not_reported,True,False,False,False,59906,48791,0.814,0.076,medium
Vandalism,46,0,0,reported,True,True,True,True,222498,216423,0.973,0.167,high
Other,32,1,1,not_reported,True,True,False,True,53500,34485,0.645,0.033,low
Theft,28,1,4,reported,True,False,False,False,90855,78200,0.861,0.085,medium
Theft,41,0,3,reported,False,True,False,True,84861,55874,0.658,0.042,high
Collision,31,2,5,reported,True,False,False,False,28505,16159,0.567,0.011,low
Collision,48,2,2,reported,True,False,False,False,58602,62595,1.068,0.05,medium
Collision,35,1,12,not_reported,True,True,False,False,168697,177174,1.05,0.147,high
Other,21,1,2,reported,True,True,False,False,62413,38580,0.618,0.058,low
Collision,32,1,0,not_required,True,False,False,False,235102,166989,0.71,0.269,medium
Collision,27,1,5,reported,True,False,False,False,60298,55976,0.928,0.056,low
Collision,32,0,30,not_required,True,False,False,False,45995,43229,0.94,0.038,medium
Collision,38,1,1,reported,True,False,False,False,75728,56808,0.75,0.096,low
Hit & Run,45,1,5,reported,False,False,False,False,68534,46278,0.675,0.079,high
Collision,42,1,2,reported,True,True,False,False,103078,83547,0.811,0.149,medium
Collision,40,0,11,reported,True,False,False,False,99967,79086,0.791,0.112,low
Collision,22,1,7,reported,True,False,False,False,100673,92942,0.923,0.176,medium
Collision,34,2,1,not_reported,True,False,False,False,142053,95168,0.67,0.065,medium
Collision,27,0,20,reported,True,True,False,True,40047,28341,0.708,0.031,low
Vandalism,35,2,18,reported,False,False,False,False,257049,173731,0.676,0.076,high
Collision,19,0,1,reported,True,False,False,False,31798,27895,0.877,0.023,medium
Hit & Run,50,2,11,reported,True,False,False,False,101658,89236,0.878,0.249,high
Theft,24,1,6,not_reported,True,True,True,True,236930,178205,0.752,0.187,high
Theft,34,1,0,not_required,True,False,False,False,125076,106576,0.852,0.154,low
Collision,62,2,4,reported,True,True,True,True,14045,11909,0.848,0.016,high
Collision,63,2,0,reported,True,False,False,False,81953,90176,1.1,0.1,medium
Theft,75,3,5,reported,True,True,True,False,34196,24612,0.72,0.021,high
Collision,36,0,13,reported,True,True,True,True,52331,41868,0.8,0.042,medium
Theft,44,2,4,reported,True,False,False,False,89620,87828,0.98,0.107,medium
Hit & Run,43,0,1,reported,True,False,False,False,82584,68705,0.832,0.055,low
Fire,21,5,2,not_reported,True,False,False,False,57915,44365,0.766,0.079,high
Vandalism,46,0,2,reported,True,True,False,True,26243,25806,0.983,0.024,medium
Hit & Run,64,0,0,reported,True,False,False,False,27243,29422,1.08,0.047,medium
Other,40,0,2,not_reported,True,False,False,False,36295,40798,1.124,0.042,medium
Collision,41,0,4,reported,True,False,False,False,51155,39052,0.763,0.047,low
Other,21,1,5,not_reported,True,False,False,False,67263,51624,0.767,0.046,medium
Hail/Weather,25,1,2,not_required,True,True,False,True,48133,41380,0.86,0.018,medium
Collision,52,1,14,not_required,True,False,False,False,147124,113420,0.771,0.13,medium
Vandalism,19,0,0,not_reported,True,False,False,False,156802,157983,1.008,0.095,medium
Collision,38,3,4,reported,True,True,False,True,47766,43471,0.91,0.081,medium
Vandalism,26,1,3,not_reported,True,False,False,False,24033,23840,0.992,0.045,high
Hail/Weather,42,4,1,not_required,True,False,False,False,146186,126665,0.866,0.082,high
Collision,25,0,0,reported,True,False,False,False,75265,67631,0.899,0.111,low
Vandalism,39,2,3,not_required,False,False,False,False,83342,68032,0.816,0.076,high
Other,34,1,7,not_required,True,False,False,False,126120,112845,0.895,0.075,medium
Natural Disaster,68,2,3,not_required,True,False,False,False,140321,100255,0.714,0.121,low
Vandalism,29,0,14,reported,True,False,False,False,14003,10932,0.781,0.012,low
Collision,35,1,5,reported,True,False,False,False,93910,78613,0.837,0.083,low
Collision,56,0,2,reported,True,False,False,False,127464,134595,1.056,0.069,low
Collision,25,3,0,reported,True,True,False,False,99955,68484,0.685,0.07,medium
Collision,20,4,0,not_required,True,False,False,False,26431,22253,0.842,0.015,medium
Natural Disaster,22,2,1,reported,True,False,False,False,36893,32814,0.889,0.023,low
Hit & Run,43,0,1,reported,False,True,True,False,16964,14141,0.834,0.016,high
Hail/Weather,74,0,0,not_required,True,False,False,False,76396,73905,0.967,0.094,low
Hit & Run,26,1,13,reported,True,True,False,True,53480,53063,0.992,0.043,high
Collision,21,2,5,not_required,True,False,False,False,40993,49500,1.208,0.121,high
Theft,38,1,3,not_reported,True,False,False,False,63165,61902,0.98,0.079,high
Collision,72,0,12,reported,True,False,False,False,72454,59134,0.816,0.042,low
Vandalism,33,1,3,not_required,True,False,False,False,102383,81813,0.799,0.12,medium
Vandalism,53,2,2,reported,True,False,False,False,115510,81613,0.707,0.13,medium
Collision,47,1,2,reported,True,True,True,True,41360,44800,1.083,0.042,medium
Collision,42,1,5,reported,True,True,False,True,180013,146854,0.816,0.084,medium
Vandalism,31,1,8,not_required,True,True,False,False,54135,45384,0.838,0.083,high
Natural Disaster,23,3,3,not_required,True,False,False,False,126291,136601,1.082,0.241,high
Hail/Weather,28,1,9,not_required,True,False,False,False,184652,190618,1.032,0.235,high
Hit & Run,41,1,3,not_reported,True,True,False,True,50722,45336,0.894,0.057,high
Fire,21,2,10,reported,True,False,False,False,335473,257041,0.766,0.198,medium
Other,35,0,2,reported,True,False,False,False,119430,91757,0.768,0.1,low
Hail/Weather,50,1,8,reported,True,True,False,True,29447,19957,0.678,0.029,high
Collision,49,1,1,reported,True,False,False,False,106257,83158,0.783,0.18,low
Collision,57,0,14,reported,True,False,False,False,82735,84136,1.017,0.066,low
Theft,20,3,0,reported,True,True,False,True,117547,70242,0.598,0.088,high
Collision,46,2,28,reported,True,True,False,False,60571,44861,0.741,0.09,high
Collision,26,1,1,not_required,True,False,False,False,59832,38269,0.64,0.027,low
Hail/Weather,30,0,1,not_reported,True,False,False,False,127560,100759,0.79,0.126,medium
Hit & Run,37,0,7,not_reported,True,True,False,True,86228,64587,0.749,0.16,high
Collision,64,1,9,reported,True,False,False,False,278531,232712,0.835,0.289,medium
Collision,20,1,6,reported,True,False,False,False,99785,77814,0.78,0.049,medium
Vandalism,37,4,3,not_required,True,True,False,True,103206,106289,1.03,0.109,high
Collision,22,1,1,not_reported,True,False,False,False,91276,74866,0.82,0.107,low
Theft,45,1,5,reported,True,False,False,False,65023,70506,1.084,0.075,high
Collision,38,1,3,not_required,True,False,False,False,128335,92524,0.721,0.115,low
Hail/Weather,72,1,1,not_required,True,False,False,False,84580,68398,0.809,0.088,medium
Collision,30,0,2,reported,False,True,False,False,185820,163976,0.882,0.323,high
Natural Disaster,32,0,2,not_required,True,True,False,True,128281,118019,0.92,0.168,medium
Natural Disaster,21,0,6,reported,True,False,False,False,58377,55322,0.948,0.041,low
Collision,52,0,1,reported,True,False,False,False,44596,43704,0.98,0.049,low
Hit & Run,69,0,0,reported,True,False,False,False,25595,21911,0.856,0.026,low
Natural Disaster,26,1,5,not_required,True,False,False,False,26802,20445,0.763,0.016,low
Collision,27,1,9,reported,True,True,False,True,174727,109937,0.629,0.137,medium
Fire,75,1,1,reported,True,False,False,False,56725,46777,0.825,0.077,low
Collision,69,0,2,reported,True,True,False,False,90610,57608,0.636,0.084,low
Collision,61,1,3,reported,True,False,False,False,126446,100567,0.795,0.126,low
Vandalism,56,0,0,reported,True,False,False,False,47813,48201,1.008,0.06,low
Vandalism,39,0,5,reported,True,False,False,False,257019,203336,0.791,0.105,low
Fire,23,0,26,not_required,True,True,False,True,82672,48123,0.582,0.057,high
Vandalism,45,1,10,reported,True,False,False,False,210823,177999,0.844,0.191,medium
Hit & Run,68,1,8,reported,True,False,False,False,211134,152487,0.722,0.164,high
Collision,71,0,6,not_required,False,False,False,False,177071,155879,0.88,0.141,high
Collision,45,0,4,reported,True,True,False,True,196607,178501,0.908,0.218,medium
Other,35,1,14,not_required,True,False,False,False,131535,124624,0.947,0.111,medium
Collision,48,1,4,reported,True,False,False,False,87583,85929,0.981,0.107,medium
Natural Disaster,36,0,3,not_required,True,False,False,False,224685,193148,0.86,0.254,low
Collision,25,1,2,reported,True,False,False,False,51371,35923,0.699,0.057,low
Vandalism,66,1,1,not_reported,True,True,False,False,104620,117868,1.127,0.103,high
Collision,40,0,2,not_reported,True,True,False,True,79337,65402,0.824,0.048,medium
Hit & Run,63,0,2,not_reported,True,False,False,False,70454,44081,0.626,0.067,medium
Hail/Weather,30,2,22,not_required,True,False,False,False,46395,35632,0.768,0.04,medium
Collision,33,1,8,not_required,True,False,False,False,36005,29670,0.824,0.068,medium
Collision,68,1,13,reported,True,True,False,False,93348,68493,0.734,0.086,medium
Collision,33,0,5,not_reported,False,False,False,False,74899,67605,0.903,0.077,high
Other,42,0,2,reported,True,False,False,False,20896,16941,0.811,0.025,low
Theft,19,0,4,reported,True,True,False,True,23544,25032,1.063,0.019,medium
Collision,24,1,1,not_required,True,True,True,False,116257,83457,0.718,0.116,low
Vandalism,62,1,1,reported,True,True,False,True,85448,64619,0.756,0.07,low
Natural Disaster,71,0,2,not_required,True,True,False,False,195982,169678,0.866,0.321,high
Collision,32,1,5,reported,False,False,False,False,78461,60375,0.769,0.069,high
Collision,21,1,1,reported,True,False,False,False,38984,45180,1.159,0.089,medium
Other,54,1,5,not_required,True,False,False,False,34627,21989,0.635,0.045,low
Theft,62,0,4,reported,False,False,False,False,255002,181119,0.71,0.219,high
Hit & Run,38,1,14,reported,False,False,False,False,93867,93602,0.997,0.205,high
Fire,33,0,4,not_reported,True,False,False,False,56580,48098,0.85,0.054,low
Vandalism,36,1,6,not_reported,True,True,False,True,87235,75602,0.867,0.069,high
Collision,38,0,3,not_reported,True,False,False,False,67046,70436,1.051,0.081,low
Hail/Weather,63,1,8,not_required,True,False,False,False,50437,41679,0.826,0.022,low
Hit & Run,29,1,1,reported,True,True,False,True,262291,215862,0.823,0.377,medium
Fire,44,1,5,reported,True,False,False,False,58176,56003,0.963,0.056,medium
Collision,43,0,4,reported,True,False,False,False,57365,46198,0.805,0.088,low
Other,22,2,4,not_reported,True,False,False,False,102154,74695,0.731,0.084,medium
Collision,31,2,12,not_reported,True,False,False,False,143859,137823,0.958,0.137,high
Hit & Run,38,1,13,reported,True,True,False,False,99732,100818,1.011,0.081,high
Natural Disaster,26,3,0,not_required,True,False,False,False,203339,198699,0.977,0.177,medium
Fire,30,1,1,reported,True,False,False,False,60899,57115,0.938,0.093,medium
Fire,68,1,12,not_required,False,True,True,False,106707,86571,0.811,0.14,high
Collision,35,1,0,reported,False,True,False,True,51600,53163,1.03,0.059,high
Collision,69,3,5,not_reported,True,True,True,True,78861,72552,0.92,0.055,high
Fire,73,0,4,reported,True,False,False,False,93569,101653,1.086,0.181,medium
Other,52,1,9,not_reported,True,True,False,True,37186,37021,0.996,0.028,high
Fire,47,3,3,not_reported,True,False,False,False,15036,10787,0.717,0.008,medium
Theft,72,1,1,reported,True,False,False,False,143318,88196,0.615,0.073,low
Hail/Weather,22,2,7,not_required,True,False,False,False,65758,50709,0.771,0.044,medium
Collision,34,2,1,reported,True,True,False,True,36701,26763,0.729,0.012,medium
Natural Disaster,39,2,9,reported,False,False,False,False,63835,50529,0.792,0.04,high
Fire,71,0,5,not_required,True,False,False,False,24132,17444,0.723,0.028,low
Collision,23,2,3,not_reported,True,False,False,False,238869,192845,0.807,0.271,high
Collision,35,0,4,reported,True,True,False,True,71486,62372,0.873,0.054,low
Vandalism,19,1,3,reported,True,False,False,False,139367,136580,0.98,0.229,medium
Other,40,2,4,reported,True,True,False,True,92699,95638,1.032,0.087,high
Hit & Run,38,1,5,reported,True,False,False,False,233691,190167,0.814,0.191,medium
Hail/Weather,51,0,1,not_reported,True,False,False,False,57287,51939,0.907,0.063,low
Vandalism,59,1,1,not_reported,True,False,False,False,87202,84634,0.971,0.168,medium
Collision,25,0,6,not_reported,True,True,True,True,46725,36428,0.78,0.042,high
Hail/Weather,40,3,25,not_required,True,False,False,False,121059,124381,1.027,0.114,high
Hail/Weather,34,0,0,reported,True,False,False,False,55388,38272,0.691,0.03,low
Collision,39,1,4,reported,True,False,False,False,158246,104601,0.661,0.13,low
Hail/Weather,25,0,0,not_required,True,False,False,False,66604,68493,1.028,0.08,low
Collision,37,1,2,reported,True,False,False,False,42683,36769,0.861,0.088,medium
Natural Disaster,52,0,4,not_required,True,False,False,False,51638,43772,0.848,0.061,low
Vandalism,44,0,2,not_reported,True,False,False,False,390777,214927,0.55,0.357,medium
Collision,53,1,9,reported,True,False,False,False,50068,55668,1.112,0.105,high
Theft,72,0,5,reported,True,True,True,True,35192,35220,1.001,0.035,high
Collision,31,0,0,not_reported,False,False,False,False,96874,62226,0.642,0.109,high
Collision,69,0,1,not_required,True,True,False,True,44608,33222,0.745,0.039,low
Theft,36,0,5,not_reported,True,False,False,False,86843,71426,0.822,0.03,high
Collision,42,2,2,reported,True,True,False,True,101392,101702,1.003,0.187,high
Natural Disaster,41,2,27,reported,True,False,False,False,82580,50764,0.615,0.046,medium
Hail/Weather,34,0,2,not_required,True,True,False,True,196789,139611,0.709,0.179,medium
Hit & Run,43,2,4,not_required,True,True,False,True,54394,48014,0.883,0.021,high
Collision,25,2,3,not_reported,True,True,False,True,42704,38402,0.899,0.04,medium
Collision,61,1,2,not_required,True,False,False,False,54521,45261,0.83,0.069,low
Collision,63,0,2,reported,True,True,False,True,183486,132327,0.721,0.076,low
Collision,23,2,0,not_reported,True,False,False,False,99763,83875,0.841,0.135,medium
Fire,32,1,2,reported,True,False,False,False,125466,122957,0.98,0.096,medium
Hit & Run,20,0,5,not_reported,True,True,False,True,162064,164266,1.014,0.099,high
Collision,23,1,0,not_required,True,True,False,True,101626,86843,0.855,0.094,medium
Natural Disaster,38,1,12,not_required,True,True,False,True,78891,77313,0.98,0.121,medium
Hit & Run,28,0,5,not_reported,True,False,False,False,90708,57687,0.636,0.088,medium
Other,28,1,1,not_reported,True,False,False,False,56046,49838,0.889,0.049,medium
Hit & Run,34,1,0,reported,True,True,True,True,63156,49247,0.78,0.058,high
Collision,43,0,0,reported,True,False,False,False,103341,88711,0.858,0.103,low
Fire,41,0,2,not_required,True,False,False,False,48930,43678,0.893,0.06,low
Theft,62,0,1,not_reported,True,True,False,False,61891,59406,0.96,0.111,medium
Other,70,1,3,not_reported,True,True,False,True,591564,562847,0.951,0.948,high
Vandalism,18,0,3,not_required,True,False,False,False,126869,124332,0.98,0.137,low
Theft,53,0,3,reported,True,False,False,False,32818,29872,0.91,0.024,low
Fire,44,0,6,not_required,True,True,False,False,90871,90437,0.995,0.161,medium
Hail/Weather,75,1,0,not_required,True,False,False,False,100160,91506,0.914,0.066,low
Hail/Weather,45,0,21,not_reported,True,True,False,True,215086,177290,0.824,0.078,high
Vandalism,48,0,6,reported,True,False,False,False,62907,58465,0.929,0.047,low
Hail/Weather,37,0,4,not_required,True,False,False,False,79922,85993,1.076,0.121,medium
Hail/Weather,43,0,0,not_required,True,False,False,False,84769,59392,0.701,0.082,low
Collision,44,2,2,not_required,True,False,False,False,68732,73782,1.073,0.113,high
Hit & Run,31,2,2,reported,True,False,False,False,66564,50818,0.763,0.061,medium
Collision,43,1,4,not_reported,False,False,False,False,31050,24699,0.795,0.01,high
Collision,42,1,12,not_reported,True,False,False,False,95891,62430,0.651,0.071,high
Vandalism,65,0,10,reported,True,False,False,False,74751,82990,1.11,0.08,high
Collision,33,0,5,not_required,False,False,False,False,92405,99798,1.08,0.045,medium
Hail/Weather,42,0,3,reported,True,False,False,False,116231,95354,0.82,0.078,low
Collision,65,0,3,reported,True,True,False,True,133307,87454,0.656,0.216,low
Hail/Weather,69,2,4,not_required,False,False,False,False,272193,289780,1.065,0.421,high
Collision,32,0,2,not_required,True,False,False,False,31854,32939,1.034,0.018,medium
Collision,49,0,0,reported,True,True,False,True,144567,90903,0.629,0.079,low
Collision,35,2,30,reported,True,False,False,False,82251,61682,0.75,0.055,medium
Hit & Run,41,0,5,reported,True,True,False,True,101545,103163,1.016,0.195,medium
Collision,43,1,6,not_required,False,False,False,False,63338,64442,1.017,0.073,high
Hail/Weather,54,2,4,reported,True,False,False,False,88982,77348,0.869,0.104,medium
Fire,42,1,0,not_required,True,False,False,False,138341,166564,1.204,0.224,high
Natural Disaster,62,1,9,reported,True,False,False,False,153900,132926,0.864,0.149,low
Hail/Weather,22,0,14,reported,True,False,False,False,31482,29089,0.924,0.044,medium
Vandalism,49,2,24,not_reported,True,False,False,False,61921,60682,0.98,0.065,high
Theft,25,1,4,reported,True,True,False,True,165905,137157,0.827,0.212,high
Hail/Weather,59,0,4,not_required,True,True,False,False,106740,105018,0.984,0.094,medium
Collision,37,0,1,reported,True,True,False,True,34843,26094,0.749,0.013,low
Vandalism,18,2,13,not_required,True,True,False,True,58731,64866,1.104,0.067,high
Other,36,1,14,not_reported,True,True,False,True,254123,229624,0.904,0.134,high
Vandalism,25,2,0,not_required,True,True,False,True,84029,68289,0.813,0.11,high
Hail/Weather,73,1,5,reported,True,False,False,False,148293,150554,1.015,0.129,medium
Collision,55,1,2,reported,True,True,False,False,54363,41246,0.759,0.092,low
Hail/Weather,29,2,5,not_required,True,False,False,False,127829,91431,0.715,0.115,medium
Collision,40,2,13,not_reported,True,False,False,False,80475,57310,0.712,0.03,medium
Hit & Run,21,2,1,reported,True,False,False,False,215615,173785,0.806,0.142,medium
Collision,36,2,6,reported,True,False,False,False,121526,97870,0.805,0.17,medium
Collision,45,1,0,not_required,True,False,False,False,73787,67481,0.915,0.058,medium
Natural Disaster,18,0,4,not_required,True,False,False,False,81082,55618,0.686,0.074,low
Collision,25,1,3,reported,True,False,False,False,39426,32688,0.829,0.013,low
Collision,25,0,23,not_reported,True,False,False,False,37305,42553,1.141,0.063,high
Collision,49,2,0,reported,True,False,False,False,78772,69129,0.878,0.071,low
Collision,38,1,2,not_required,True,False,False,False,23321,19792,0.849,0.024,medium
Hail/Weather,18,1,15,reported,True,False,False,False,152154,154218,1.014,0.126,low
Vandalism,48,3,0,not_reported,True,True,False,True,36018,36475,1.013,0.054,high
Hit & Run,51,1,5,reported,True,False,False,False,51171,50148,0.98,0.07,medium
Natural Disaster,25,1,2,not_required,True,False,False,False,133214,81735,0.614,0.153,low
Collision,29,0,2,reported,True,False,False,False,132072,134623,1.019,0.186,low
Other,33,0,6,reported,True,True,False,False,77311,74970,0.97,0.168,low
Theft,41,1,4,not_required,True,False,False,False,65870,48422,0.735,0.052,medium
Collision,19,1,13,not_required,True,True,False,True,103779,73011,0.704,0.082,high
Collision,19,1,2,reported,True,True,True,False,143738,92112,0.641,0.141,medium
Collision,37,2,24,reported,True,True,True,False,42561,34240,0.804,0.05,high
Collision,48,0,3,not_required,True,False,False,False,61209,63177,1.032,0.065,medium
Theft,36,0,5,reported,True,True,False,True,32689,31178,0.954,0.036,high
Vandalism,48,0,0,not_reported,True,False,False,False,208928,172520,0.826,0.239,medium
Hit & Run,25,1,11,reported,False,False,False,False,31672,28729,0.907,0.034,high
Natural Disaster,75,0,9,not_required,True,False,False,False,162687,134078,0.824,0.123,medium
Natural Disaster,56,1,24,not_required,True,False,False,False,62230,51641,0.83,0.15,medium
Other,53,1,5,not_required,True,False,False,False,160541,113786,0.709,0.134,high
Fire,68,1,5,not_required,True,False,False,False,178187,195605,1.098,0.291,high
Collision,40,0,12,not_reported,True,True,False,True,81168,65017,0.801,0.115,high
Other,18,2,4,reported,True,False,False,False,75713,79671,1.052,0.217,low
Collision,23,0,10,not_required,True,False,False,False,92975,65482,0.704,0.054,low
Other,19,0,3,reported,True,False,False,False,44063,44537,1.011,0.105,low
Theft,47,1,3,not_reported,True,True,True,False,132853,103661,0.78,0.098,high
Collision,61,0,11,reported,True,False,False,False,124434,88574,0.712,0.2,low
Theft,37,1,2,reported,False,False,False,False,33014,36327,1.1,0.027,high
Hit & Run,22,0,5,reported,True,True,False,True,47006,46066,0.98,0.042,medium
Vandalism,71,1,0,reported,True,False,False,False,53552,40014,0.747,0.066,low
Hit & Run,38,1,2,reported,True,True,False,True,29285,21885,0.747,0.035,low
Theft,68,0,3,reported,True,False,False,False,35826,26266,0.733,0.046,low
Hail/Weather,64,1,6,not_required,False,True,False,True,161637,186926,1.156,0.509,high
Theft,34,2,2,reported,True,False,False,False,106560,103243,0.969,0.059,medium
Theft,38,1,3,reported,True,False,False,False,139802,130446,0.933,0.19,medium
Hit & Run,52,1,8,not_reported,True,False,False,False,38019,32423,0.853,0.018,high
Theft,46,1,19,not_reported,True,True,False,True,107992,78403,0.726,0.171,high
Vandalism,53,3,6,not_required,True,False,False,False,64292,70398,1.095,0.097,high
Hit & Run,64,2,4,reported,True,True,False,True,193387,194900,1.008,0.162,high
Other,34,0,1,reported,True,False,False,False,57723,41815,0.724,0.065,low
Other,72,0,22,not_required,True,False,False,False,180493,129840,0.719,0.248,medium
Hit & Run,27,2,3,reported,True,True,False,True,355771,284525,0.8,0.693,high
Fire,44,1,5,reported,True,False,False,False,34841,25199,0.723,0.023,low
Collision,75,0,3,not_required,True,False,False,False,380594,418432,1.099,0.69,medium
Hit & Run,41,2,6,reported,True,False,False,False,110330,94269,0.854,0.15,high
Natural Disaster,36,1,18,not_required,True,False,False,False,166293,170335,1.024,0.445,high
Collision,40,0,3,reported,True,False,False,False,163328,127798,0.782,0.106,low
Collision,22,2,18,not_required,True,False,False,False,114789,96124,0.837,0.117,medium
Theft,34,1,3,reported,True,False,False,False,19541,12811,0.656,0.009,medium
Other,50,0,5,reported,True,False,False,False,104866,114087,1.088,0.11,medium
Collision,18,1,2,reported,True,False,False,False,72807,78213,1.074,0.127,medium
Collision,66,2,2,not_required,True,True,False,False,120555,112233,0.931,0.167,high
Collision,39,2,1,not_required,True,True,False,True,90203,60651,0.672,0.085,medium
Hit & Run,50,3,1,reported,True,False,False,False,149068,105518,0.708,0.078,medium
Collision,38,1,6,reported,True,False,False,False,186727,182992,0.98,0.325,medium
Other,39,0,2,not_reported,True,False,False,False,64858,64180,0.99,0.078,low
Vandalism,40,0,11,not_reported,True,False,False,False,89385,79240,0.886,0.078,high
Collision,24,2,2,not_required,True,True,False,True,50652,27859,0.55,0.035,medium
Theft,32,0,5,reported,True,False,False,False,63684,44380,0.697,0.044,low
Collision,37,0,4,reported,False,False,False,False,154402,109938,0.712,0.341,high
Theft,74,1,5,reported,False,False,False,False,129985,116844,0.899,0.139,high
Natural Disaster,42,0,10,not_reported,True,False,False,False,50437,50315,0.998,0.088,medium
Fire,50,0,2,reported,True,False,False,False,97896,98091,1.002,0.121,low
Natural Disaster,29,2,5,not_required,True,False,False,False,118770,114522,0.964,0.106,medium
Collision,42,0,2,reported,True,True,False,True,118852,85111,0.716,0.071,low
Collision,46,0,4,not_reported,True,True,False,False,151935,151779,0.999,0.143,medium
Theft,70,0,2,reported,True,True,False,False,33541,26138,0.779,0.019,medium
Theft,43,1,4,reported,True,True,False,False,26533,20824,0.785,0.028,medium
Hail/Weather,51,1,22,not_required,True,True,False,True,64702,46356,0.716,0.087,high
Hail/Weather,33,1,9,not_required,True,True,True,False,82437,69959,0.849,0.088,high
Collision,31,1,0,reported,False,False,False,False,21774,19037,0.874,0.027,medium
Collision,19,2,5,not_reported,True,False,False,False,108043,85968,0.796,0.063,high
Hit & Run,47,0,12,reported,True,False,False,False,49259,50752,1.03,0.036,high
Theft,31,1,2,reported,True,False,False,False,52661,41063,0.78,0.066,medium
Collision,24,0,2,not_required,False,False,False,False,319498,219100,0.686,0.325,medium
Collision,74,2,1,not_required,True,False,False,False,19252,15968,0.829,0.022,medium
Collision,42,1,12,not_required,True,True,False,True,96398,96779,1.004,0.101,high
Collision,40,0,5,not_required,True,False,False,False,120364,104998,0.872,0.252,low
Collision,43,0,11,not_required,True,True,False,True,118632,112194,0.946,0.128,medium
Collision,28,0,13,reported,False,False,False,False,54183,44677,0.825,0.063,high
Collision,44,1,0,reported,True,False,False,False,84689,70642,0.834,0.248,low
Hail/Weather,21,1,1,not_required,True,True,False,True,96911,88315,0.911,0.109,medium
Hit & Run,49,0,2,reported,True,False,False,False,149158,123494,0.828,0.055,low
Collision,30,0,0,not_reported,True,False,False,False,122364,90528,0.74,0.067,low
Theft,46,1,1,reported,True,False,False,False,114335,116535,1.019,0.247,medium
Collision,40,0,8,reported,True,False,False,False,48291,40359,0.836,0.031,low
Other,55,2,5,not_reported,True,False,False,False,181133,132133,0.729,0.177,high
Collision,61,1,14,reported,True,False,False,False,154187,126928,0.823,0.116,medium
Theft,69,2,4,reported,True,False,False,False,86152,68591,0.796,0.18,medium
Natural Disaster,34,2,2,not_reported,True,False,False,False,215753,195009,0.904,0.345,high
Fire,67,1,1,not_required,True,False,False,False,98513,72312,0.734,0.054,low
Hit & Run,43,1,20,reported,True,True,False,True,70578,69167,0.98,0.167,high
Natural Disaster,23,1,9,not_required,True,False,False,False,107717,103489,0.961,0.243,low
Collision,71,1,18,reported,True,False,False,False,42607,29481,0.692,0.03,medium
Fire,22,1,5,not_reported,True,False,False,False,69517,59287,0.853,0.057,high
Collision,37,0,11,reported,True,False,False,False,52871,55322,1.046,0.04,medium
Theft,28,5,3,reported,True,False,False,False,81372,79745,0.98,0.125,high
Collision,45,1,2,not_reported,True,False,False,False,44512,48636,1.093,0.145,high
Theft,68,1,29,reported,True,False,False,False,47526,37454,0.788,0.04,high
Other,56,2,0,not_reported,True,False,False,False,27477,25470,0.927,0.035,medium
Collision,37,0,5,not_reported,True,True,False,True,152205,164630,1.082,0.207,high
Hit & Run,45,1,5,reported,True,True,False,False,91797,54202,0.59,0.096,low
Vandalism,41,1,2,reported,True,False,False,False,18643,17286,0.927,0.025,low
Fire,61,2,8,reported,True,False,False,False,46770,39321,0.841,0.039,medium
Hit & Run,26,1,3,reported,True,True,False,False,76462,55158,0.721,0.082,medium
Hit & Run,45,2,10,reported,True,True,False,True,32136,28356,0.882,0.071,high
Collision,51,0,14,reported,True,False,False,False,70895,51831,0.731,0.083,low
Collision,36,2,0,reported,True,False,False,False,52410,41684,0.795,0.03,low
Other,52,2,14,reported,True,False,False,False,31264,27295,0.873,0.02,medium
Theft,70,1,17,reported,True,False,False,False,70937,75376,1.063,0.053,high
Collision,75,1,3,reported,True,False,False,False,600000,410157,0.684,0.493,medium
Collision,25,2,8,reported,True,True,False,True,88799,88000,0.991,0.17,high
Collision,48,0,2,reported,True,False,False,False,133946,88909,0.664,0.229,low
Collision,65,2,3,reported,True,False,False,False,76871,48717,0.634,0.12,medium
Natural Disaster,28,1,5,not_required,True,False,False,False,33200,33509,1.009,0.018,low
Vandalism,35,0,10,not_reported,True,False,False,False,144691,161481,1.116,0.164,high
Other,48,1,12,not_reported,True,True,False,True,52760,37207,0.705,0.039,high
Collision,41,1,4,reported,True,True,False,True,83132,96795,1.164,0.061,medium
Collision,19,0,22,reported,True,False,False,False,61054,50172,0.822,0.079,high
Collision,39,2,3,reported,True,False,False,False,29656,22065,0.744,0.015,low
Theft,25,0,5,reported,True,False,False,False,112698,115448,1.024,0.142,medium
Other,32,0,6,not_required,True,False,False,False,176970,156055,0.882,0.194,low
Hit & Run,25,1,6,reported,True,True,False,True,36469,31850,0.873,0.037,high
Collision,18,0,7,not_required,True,True,False,True,229111,225958,0.986,0.306,medium
Collision,53,0,15,reported,True,True,False,False,27081,23659,0.874,0.045,medium
Hit & Run,73,1,0,reported,True,True,False,True,64945,54362,0.837,0.066,medium
Hail/Weather,41,1,0,not_reported,True,False,False,False,15940,11289,0.708,0.012,low
Hit & Run,64,2,7,reported,False,False,False,False,51793,56076,1.083,0.155,high
Hit & Run,23,0,4,reported,True,False,False,False,203615,185602,0.912,0.193,medium
Collision,74,0,2,reported,True,False,False,False,71920,76093,1.058,0.084,low
Collision,25,0,6,reported,False,True,False,False,54584,61369,1.124,0.102,high
Vandalism,45,2,1,reported,True,True,False,True,169731,94867,0.559,0.143,high
Collision,26,1,12,not_required,True,False,False,False,342916,384352,1.121,0.352,medium
Other,65,2,0,reported,True,True,False,False,38989,28630,0.734,0.056,low
Collision,25,1,4,not_required,True,True,False,True,71037,54506,0.767,0.038,medium
Collision,37,1,1,not_reported,True,False,False,False,65482,74200,1.133,0.125,high
Other,45,1,2,reported,True,False,False,False,31389,35539,1.132,0.04,low
Collision,18,0,0,not_reported,True,True,False,True,43897,43407,0.989,0.055,medium
Hail/Weather,41,1,0,not_required,True,False,False,False,99119,81877,0.826,0.107,low
Hit & Run,72,0,0,reported,True,True,False,True,99920,79101,0.792,0.052,low
Other,25,2,7,not_required,True,False,False,False,37835,21649,0.572,0.019,medium
Collision,47,2,7,reported,True,True,False,True,54859,34204,0.623,0.039,medium
Hail/Weather,62,0,0,not_required,True,False,False,False,49170,43690,0.889,0.07,low
Theft,47,1,2,reported,True,True,False,True,107098,81444,0.76,0.129,low
Theft,46,2,6,reported,True,False,False,False,52162,36952,0.708,0.064,low
Collision,18,1,5,not_required,False,False,False,False,117990,80565,0.683,0.116,high
Collision,68,0,4,not_reported,True,False,False,False,72596,49527,0.682,0.084,low
Fire,43,0,1,reported,True,False,False,False,49566,53531,1.08,0.134,low
Collision,35,0,5,reported,True,False,False,False,128967,96801,0.751,0.178,low
Vandalism,25,1,3,reported,True,False,False,False,122177,114962,0.941,0.1,medium
Theft,34,1,4,reported,True,True,False,True,85922,63839,0.743,0.115,medium
Collision,30,0,25,reported,True,True,False,False,78731,92418,1.174,0.093,high
Collision,42,0,5,not_reported,True,False,False,False,127186,147491,1.16,0.479,high
Collision,59,1,2,reported,True,True,False,True,96183,73427,0.763,0.045,medium
Theft,48,1,12,reported,True,False,False,False,241281,215911,0.895,0.321,high
Collision,21,0,1,reported,True,False,False,False,183899,218063,1.186,0.264,low
Collision,25,1,1,reported,True,False,False,False,58007,67298,1.16,0.059,medium
Hail/Weather,26,0,14,reported,True,False,False,False,129778,137644,1.061,0.235,medium
Collision,74,1,9,not_required,True,True,False,False,34363,35744,1.04,0.022,high
Collision,48,1,0,reported,True,False,False,False,47113,34888,0.741,0.099,low
Collision,43,0,2,not_reported,True,False,False,False,35384,24685,0.698,0.039,medium
Collision,39,1,7,not_required,True,True,False,False,143577,133675,0.931,0.149,medium
Collision,24,1,0,reported,True,True,False,False,73634,60398,0.82,0.039,low
Collision,18,4,3,not_required,True,False,False,False,99703,88336,0.886,0.077,high
Hail/Weather,22,1,8,not_required,True,True,False,False,205823,139571,0.678,0.332,low
Collision,40,2,3,not_reported,True,False,False,False,24473,16627,0.679,0.017,high
Collision,41,0,0,not_reported,True,False,False,False,58555,57384,0.98,0.072,low
Natural Disaster,24,0,18,not_required,True,False,False,False,34483,32254,0.935,0.075,medium
Hit & Run,18,0,2,reported,True,False,False,False,48081,39803,0.828,0.134,low
Collision,46,1,20,reported,False,False,False,False,189192,157394,0.832,0.156,high
Vandalism,31,1,2,not_reported,True,False,False,False,126550,101398,0.801,0.083,medium
Collision,24,1,21,reported,False,False,False,False,207086,165404,0.799,0.329,high
Collision,40,1,2,reported,True,False,False,False,69848,51026,0.731,0.089,low
Collision,39,0,2,reported,True,True,False,False,56598,47699,0.843,0.059,low
Collision,44,0,0,not_reported,True,False,False,False,41139,45320,1.102,0.053,low
Hit & Run,55,1,10,reported,True,False,False,False,96776,101086,1.045,0.093,high
Theft,43,2,3,reported,True,True,False,True,38630,36284,0.939,0.024,medium
Hail/Weather,45,1,0,not_reported,True,False,False,False,299869,323366,1.078,0.516,high
Theft,25,1,3,reported,True,True,False,False,45955,40217,0.875,0.057,medium
Other,52,2,2,reported,True,False,False,False,69167,64424,0.931,0.078,low
Other,34,1,1,reported,True,False,False,False,26975,26661,0.988,0.029,medium
Theft,48,0,5,reported,True,False,False,False,22034,18697,0.849,0.038,medium
Collision,28,0,5,reported,True,True,False,True,59257,49313,0.832,0.06,medium
Natural Disaster,48,1,0,not_required,True,False,False,False,58741,49502,0.843,0.038,low
Vandalism,22,1,3,reported,True,False,False,False,51521,43508,0.844,0.082,medium
Hit & Run,33,2,4,reported,True,True,False,True,25640,19728,0.769,0.022,high
Natural Disaster,18,2,1,not_reported,True,True,False,True,135522,115011,0.849,0.248,high
Hail/Weather,33,2,8,not_reported,True,False,False,False,75151,66636,0.887,0.072,high
Hit & Run,22,1,1,reported,True,False,False,False,197887,190420,0.962,0.181,medium
Collision,41,2,4,reported,True,False,False,False,173837,144427,0.831,0.125,medium
Collision,44,0,9,reported,True,True,False,False,52848,44042,0.833,0.045,low
Collision,25,1,1,reported,True,False,False,False,187974,143864,0.765,0.147,low
Fire,70,1,1,reported,True,False,False,False,74093,68603,0.926,0.103,low
Collision,41,2,4,not_reported,True,False,False,False,133626,80770,0.604,0.073,low
Hit & Run,45,1,3,not_reported,True,False,False,False,313327,241716,0.771,0.232,high
Other,20,2,7,reported,True,False,False,False,26228,19576,0.746,0.041,medium
Natural Disaster,39,0,4,reported,True,True,True,False,87586,88784,1.014,0.218,low
Theft,70,0,4,reported,True,False,False,False,133038,111974,0.842,0.076,low
Collision,39,0,10,reported,True,False,False,False,354391,321552,0.907,0.314,medium
Hit & Run,70,0,4,reported,True,False,False,False,120911,101516,0.84,0.074,low
Collision,33,4,0,reported,True,False,False,False,72352,67401,0.932,0.076,medium
Collision,35,1,7,not_required,True,False,False,False,51472,43814,0.851,0.035,low
Collision,51,2,4,reported,True,True,False,False,212593,191413,0.9,0.254,medium
Collision,45,2,2,not_required,True,False,False,False,183370,152743,0.833,0.208,low
Hail/Weather,66,1,6,not_required,True,False,False,False,270065,220260,0.816,0.217,medium
Collision,33,0,5,reported,True,True,True,True,78520,52461,0.668,0.061,low
Other,47,0,6,not_required,True,False,False,False,36033,30864,0.857,0.059,low
Vandalism,45,1,12,not_required,True,False,False,False,87077,93024,1.068,0.144,medium
Collision,25,1,2,reported,True,True,False,True,58276,50886,0.873,0.077,high
Collision,44,1,3,reported,True,True,False,True,36796,36868,1.002,0.087,medium
Hit & Run,39,0,2,not_reported,True,True,False,False,158298,137611,0.869,0.138,medium
Hail/Weather,54,0,11,reported,True,False,False,False,88135,82985,0.942,0.123,low
Hit & Run,71,3,14,reported,True,True,False,False,227948,220729,0.968,0.266,high
Collision,35,1,2,reported,True,False,False,False,90827,83561,0.92,0.177,medium
Collision,19,0,14,not_required,True,False,False,False,77354,74851,0.968,0.1,high
Other,67,1,3,not_required,True,True,False,False,29055,23405,0.806,0.014,medium
Fire,60,0,3,not_required,False,False,False,False,95027,94462,0.994,0.144,high
Other,60,0,2,reported,True,False,False,False,56783,61325,1.08,0.025,low
Collision,34,2,2,not_required,True,True,False,True,78108,56056,0.718,0.047,medium
Theft,25,0,9,reported,True,False,False,False,59305,55639,0.938,0.201,low
Collision,47,3,7,reported,True,False,False,False,29888,18984,0.635,0.044,medium
Theft,45,0,5,reported,True,True,False,True,209252,222798,1.065,0.437,high
Collision,39,1,3,not_reported,True,False,False,False,51512,49355,0.958,0.048,medium
Natural Disaster,25,2,4,not_required,True,False,False,False,37291,31382,0.842,0.013,low
Vandalism,36,1,2,not_reported,True,True,False,False,48025,48151,1.003,0.046,medium
Other,59,2,1,reported,True,True,False,False,165536,140547,0.849,0.213,low
Other,41,1,8,reported,True,True,False,True,176029,126090,0.716,0.131,low
Collision,50,1,5,reported,True,False,False,False,116351,91865,0.79,0.092,low
Other,36,0,3,not_required,True,True,False,False,32304,27841,0.862,0.041,medium
Theft,32,1,5,reported,True,False,False,False,203153,221551,1.091,0.185,medium
Collision,37,1,11,reported,True,False,False,False,269879,264481,0.98,0.316,medium
Collision,38,2,3,reported,True,True,False,True,149713,96825,0.647,0.134,medium
Collision,67,0,8,not_reported,True,False,False,False,60998,40283,0.66,0.064,low
Theft,49,0,4,reported,True,False,False,False,128847,89474,0.694,0.166,low
Vandalism,71,1,5,not_reported,True,True,False,True,129349,111931,0.865,0.113,high
Collision,42,1,7,not_reported,True,False,False,False,49958,40366,0.808,0.064,medium
Collision,25,0,0,not_required,True,False,False,False,427740,297874,0.696,0.282,low
Collision,70,0,1,reported,True,True,False,True,111192,65218,0.587,0.049,low
Hit & Run,55,1,0,reported,True,False,False,False,33194,30551,0.92,0.019,medium
Theft,25,0,2,not_reported,True,True,False,False,148702,160237,1.078,0.13,high
Collision,48,2,2,reported,True,True,False,False,69969,57322,0.819,0.07,low
Natural Disaster,22,1,3,reported,True,False,False,False,134192,140952,1.05,0.206,medium
Collision,31,0,5,reported,True,True,False,True,158776,161450,1.017,0.164,high
Collision,52,1,3,reported,True,False,False,False,58423,50702,0.868,0.066,low
Theft,53,1,4,reported,True,False,False,False,182747,193906,1.061,0.745,medium
Collision,23,1,5,reported,True,True,False,True,46828,28788,0.615,0.025,medium
Collision,33,1,1,reported,True,True,False,True,91281,68956,0.755,0.078,low
Hit & Run,54,2,12,reported,True,False,False,False,104744,102857,0.982,0.188,high
Other,75,3,2,reported,True,False,False,False,58647,63339,1.08,0.068,high
Collision,36,2,1,reported,True,True,False,False,75018,57078,0.761,0.056,medium
Vandalism,47,2,4,reported,True,False,False,False,70765,49410,0.698,0.081,medium
Collision,44,1,5,reported,True,False,False,False,40801,41969,1.029,0.082,low
Fire,32,1,4,reported,True,False,False,False,40784,41146,1.009,0.079,low
Collision,65,1,1,reported,True,True,False,True,32516,31866,0.98,0.085,medium
Hit & Run,44,0,0,reported,True,False,False,False,51524,50493,0.98,0.045,low
Collision,27,1,0,reported,True,True,False,False,260177,254973,0.98,0.208,low
Theft,46,2,0,reported,True,False,False,False,50020,47001,0.94,0.062,low
Collision,23,0,2,reported,False,True,False,False,38986,32270,0.828,0.069,high
Hit & Run,18,0,7,reported,False,True,False,True,73544,63897,0.869,0.055,high
Vandalism,29,0,5,not_required,True,False,False,False,19918,18905,0.949,0.023,medium
Vandalism,38,0,2,reported,True,True,False,False,76868,82144,1.069,0.141,medium
Other,29,0,5,reported,True,False,False,False,223436,166469,0.745,0.158,low
Collision,68,1,2,reported,True,True,False,True,49877,48879,0.98,0.069,medium
Vandalism,44,0,11,reported,True,True,False,False,74743,62197,0.832,0.055,low
Natural Disaster,43,0,2,not_required,True,False,False,False,122476,107213,0.875,0.099,low
Collision,74,1,1,not_required,False,True,False,True,76056,62660,0.824,0.059,high
Hit & Run,45,2,2,reported,True,True,False,True,207496,150185,0.724,0.348,high
Hit & Run,51,0,5,not_reported,True,False,False,False,35370,27696,0.783,0.013,medium
Vandalism,36,0,1,not_reported,True,False,False,False,70104,70731,1.009,0.05,low
Collision,32,2,11,reported,True,False,False,False,58073,58047,1.0,0.076,high
Collision,29,1,3,reported,True,False,False,False,113734,108739,0.956,0.102,low
Hail/Weather,34,1,4,reported,True,False,False,False,106309,102833,0.967,0.106,low
Fire,20,2,3,reported,True,True,False,True,129473,129931,1.004,0.174,high
Hit & Run,72,0,5,not_required,True,True,False,True,234804,235171,1.002,0.335,high
Collision,71,1,3,not_required,True,True,True,True,121132,88326,0.729,0.066,medium
Other,36,2,4,not_reported,True,False,False,False,38864,41422,1.066,0.045,high
Collision,21,0,1,reported,True,True,False,True,82410,74830,0.908,0.062,medium
Collision,35,1,5,not_required,True,True,False,False,167094,190961,1.143,0.282,high
Collision,38,2,3,reported,True,False,False,False,21999,18790,0.854,0.036,medium
Hail/Weather,50,0,0,reported,True,True,False,True,90788,66667,0.734,0.16,low
Theft,36,2,0,reported,True,True,False,True,112334,114023,1.015,0.078,high
Vandalism,41,1,14,reported,False,True,False,True,61628,49307,0.8,0.02,high
Natural Disaster,37,1,8,reported,True,False,False,False,117031,88736,0.758,0.098,low
Theft,74,0,3,reported,False,True,True,True,157170,154027,0.98,0.141,high
Theft,75,0,5,reported,True,False,False,False,79981,78381,0.98,0.088,medium
Other,44,1,0,reported,True,True,True,False,79043,65216,0.825,0.043,medium
Collision,47,1,3,not_reported,True,False,False,False,126925,98888,0.779,0.113,high
Hit & Run,36,1,3,reported,False,False,False,False,74707,66434,0.889,0.099,high
Other,31,1,11,reported,False,False,False,False,83143,80633,0.97,0.114,high
Vandalism,33,0,12,not_reported,True,True,False,True,88137,81037,0.919,0.125,high
Theft,42,1,30,reported,True,False,False,False,28956,23951,0.827,0.023,high
Collision,54,1,5,reported,True,False,False,False,69411,57119,0.823,0.064,low
Fire,69,1,3,reported,True,True,False,True,104930,78161,0.745,0.058,medium
Collision,20,0,10,reported,True,True,False,False,65019,44586,0.686,0.07,low
Theft,38,3,14,reported,True,False,False,False,72508,54909,0.757,0.045,high
Collision,48,1,1,reported,True,False,False,False,93559,68303,0.73,0.073,low
Collision,20,0,2,not_required,True,True,False,True,126960,142687,1.124,0.168,medium
Hail/Weather,38,1,7,not_reported,True,False,False,False,41024,34412,0.839,0.017,medium
Collision,50,2,1,reported,True,False,False,False,53206,46802,0.88,0.028,low
Natural Disaster,41,0,2,not_required,True,True,False,True,21382,19028,0.89,0.019,medium
Hit & Run,46,2,3,reported,True,False,False,False,43856,31940,0.728,0.015,medium
Other,49,1,1,not_reported,True,False,False,False,62053,49121,0.792,0.031,low
Hit & Run,31,0,12,reported,True,False,False,False,312907,261760,0.837,0.256,medium
Collision,20,0,0,not_reported,True,False,False,False,35160,27129,0.772,0.019,medium
Collision,32,2,4,reported,True,True,False,True,52255,50407,0.965,0.039,medium
Collision,20,2,1,reported,True,False,False,False,84726,65064,0.768,0.057,low
Hit & Run,36,0,0,not_reported,True,False,False,False,194257,212054,1.092,0.312,high
Collision,35,1,2,not_required,True,True,False,True,114416,84880,0.742,0.087,medium
Collision,44,2,3,reported,True,False,False,False,130689,132753,1.016,0.174,medium
Hail/Weather,48,0,14,reported,True,False,False,False,43668,40175,0.92,0.066,low
Vandalism,44,1,3,reported,True,False,False,False,39625,38833,0.98,0.066,low
Collision,18,0,2,not_required,False,True,False,True,159202,116737,0.733,0.138,high
Other,71,1,1,reported,True,False,False,False,43373,28975,0.668,0.035,low
Collision,54,2,0,reported,True,False,False,False,243742,178662,0.733,0.565,medium
Hail/Weather,33,0,5,not_required,True,True,False,False,113567,130458,1.149,0.077,low
Collision,40,1,2,reported,True,False,False,False,42602,39495,0.927,0.087,low
Hail/Weather,37,0,2,not_required,True,False,False,False,59971,41655,0.695,0.037,low
Collision,65,0,6,reported,True,True,False,False,102877,88215,0.857,0.08,low
Fire,21,1,3,reported,True,False,False,False,52931,40359,0.762,0.12,low
Collision,46,0,4,not_required,True,False,False,False,90965,77002,0.846,0.043,low
Vandalism,36,0,2,not_required,True,False,False,False,46414,39082,0.842,0.066,low
Collision,48,1,4,not_reported,False,False,False,False,119486,77579,0.649,0.144,high
Hit & Run,67,1,18,reported,True,False,False,False,45950,37955,0.826,0.029,high
Hit & Run,31,0,0,reported,False,False,False,False,83294,76993,0.924,0.104,high
Other,28,0,10,not_required,True,True,False,True,72964,57047,0.782,0.047,low
Theft,35,2,22,not_required,True,False,False,False,101905,88708,0.87,0.156,high
Other,74,2,2,not_reported,True,True,False,True,41416,41979,1.014,0.024,high
Natural Disaster,72,2,4,not_required,True,True,False,True,200063,146077,0.73,0.094,high
Collision,20,0,5,reported,True,True,False,True,29778,28383,0.953,0.023,medium
Natural Disaster,33,2,8,reported,True,False,False,False,101630,89298,0.879,0.091,low
Natural Disaster,70,1,11,not_required,True,False,False,False,81692,63561,0.778,0.101,low
Collision,46,2,0,reported,True,False,False,False,88016,63153,0.718,0.112,low
Collision,36,1,1,not_reported,True,False,False,False,25004,25899,1.036,0.025,medium
Collision,70,2,5,not_required,True,False,False,False,201525,150502,0.747,0.238,low
Vandalism,51,2,7,reported,True,False,False,False,88460,62322,0.705,0.029,high
Collision,68,0,1,reported,True,False,False,False,252191,204895,0.812,0.264,low
Hit & Run,48,0,4,reported,True,False,False,False,106044,88092,0.831,0.104,medium
Theft,67,1,4,reported,True,False,False,False,90990,75109,0.825,0.128,low
Natural Disaster,50,0,1,not_required,True,False,False,False,56079,37478,0.668,0.082,low
Collision,39,1,13,not_reported,True,False,False,False,168324,133731,0.794,0.212,high
Natural Disaster,38,0,0,not_required,True,True,False,False,195336,140227,0.718,0.131,low
Theft,30,0,11,not_reported,False,True,True,True,100446,81532,0.812,0.15,high
Collision,31,0,1,reported,True,False,False,False,42400,35273,0.832,0.027,low
Collision,21,0,1,not_reported,True,False,False,False,103895,92231,0.888,0.118,medium
Other,35,3,5,reported,True,False,False,False,108072,89277,0.826,0.156,high
Natural Disaster,39,2,5,not_reported,True,True,False,True,256050,219018,0.855,0.656,high
Hit & Run,25,0,27,not_reported,True,False,False,False,188590,137689,0.73,0.214,high
Collision,50,1,4,not_reported,True,False,False,False,62873,61616,0.98,0.09,medium
Collision,27,0,12,reported,True,False,False,False,91834,69443,0.756,0.164,low
Other,37,2,0,reported,True,False,False,False,84952,69235,0.815,0.112,medium
Vandalism,49,1,4,reported,True,True,False,True,64896,59705,0.92,0.089,medium
Vandalism,42,2,3,reported,True,False,False,False,185682,134497,0.724,0.071,high
Collision,39,0,1,reported,True,True,False,False,160712,169838,1.057,0.122,medium
Natural Disaster,40,0,13,not_required,True,False,False,False,115171,71054,0.617,0.208,low
Hail/Weather,31,1,3,not_required,False,False,False,False,25902,20748,0.801,0.026,high
Vandalism,52,0,5,not_required,True,False,False,False,55359,45436,0.821,0.087,low
Fire,60,2,4,reported,True,True,False,True,110850,97390,0.879,0.079,high
Other,37,1,4,not_reported,True,False,False,False,155256,161304,1.039,0.294,high
Natural Disaster,37,0,5,reported,True,True,False,True,259351,236358,0.911,0.209,medium
Hail/Weather,20,1,4,reported,True,False,False,False,95248,78654,0.826,0.113,low
Hit & Run,41,0,3,reported,True,False,False,False,53708,39048,0.727,0.023,low
Other,19,4,3,reported,True,False,False,False,60712,44203,0.728,0.061,high
Hail/Weather,68,1,4,not_required,True,False,False,False,110545,95160,0.861,0.058,medium
Collision,47,0,0,not_required,True,True,False,True,80279,54285,0.676,0.058,low
Collision,51,2,0,reported,True,True,False,False,243286,261011,1.073,0.334,medium
Natural Disaster,42,1,3,reported,True,True,False,True,190209,137447,0.723,0.125,medium
Collision,25,0,9,reported,True,False,False,False,56158,59403,1.058,0.029,low
Collision,43,2,6,not_reported,True,True,True,True,170442,151868,0.891,0.174,high
Collision,49,4,3,not_reported,True,False,False,False,51757,40019,0.773,0.026,high
Collision,42,0,0,not_required,True,True,False,True,58238,62897,1.08,0.063,low
Hit & Run,20,0,3,reported,True,False,False,False,144664,106230,0.734,0.14,low
Collision,41,0,11,not_reported,True,True,True,False,109180,67511,0.618,0.051,high
Theft,37,0,14,reported,True,False,False,False,73491,72021,0.98,0.035,high
Vandalism,31,0,1,not_reported,True,False,False,False,47201,48478,1.027,0.059,medium
Hit & Run,52,0,0,reported,True,False,False,False,186172,182449,0.98,0.122,low
Collision,33,1,13,not_reported,True,True,False,False,114766,96018,0.837,0.084,high
Vandalism,56,0,12,not_reported,True,False,False,False,60422,61161,1.012,0.046,high
Hit & Run,33,0,5,reported,False,False,False,False,48850,38851,0.795,0.048,high
Collision,23,0,1,reported,True,False,False,False,210983,175792,0.833,0.07,low
Collision,25,0,16,not_reported,True,False,False,False,60614,40963,0.676,0.04,low
Collision,39,1,6,reported,True,False,False,False,47704,38727,0.812,0.032,low
Theft,28,0,1,reported,True,True,False,False,239297,143839,0.601,0.208,low
Natural Disaster,34,1,10,not_required,True,True,False,True,41094,35645,0.867,0.039,medium
Hit & Run,40,0,4,reported,True,False,False,False,91559,82245,0.898,0.076,medium
Hit & Run,46,1,5,reported,True,False,False,False,70445,60281,0.856,0.077,medium
Other,40,0,4,reported,True,True,False,True,139720,132148,0.946,0.106,low
Other,46,1,2,not_reported,True,False,False,False,86588,73035,0.843,0.1,medium
Other,41,0,0,reported,True,True,False,True,98206,107542,1.095,0.142,low
Theft,72,4,5,reported,False,False,False,False,62825,50233,0.8,0.111,high
Natural Disaster,23,0,13,not_required,True,False,False,False,155849,156113,1.002,0.231,high
Other,20,1,5,reported,True,True,False,True,97829,90859,0.929,0.075,medium
Hit & Run,35,1,1,reported,True,True,True,False,84947,88962,1.047,0.036,high
Theft,20,1,5,not_required,True,False,False,False,79540,66390,0.835,0.061,high
Collision,38,1,0,reported,True,True,False,True,144134,109267,0.758,0.192,medium
Collision,47,0,0,not_reported,True,False,False,False,347223,353537,1.018,0.449,high
Collision,27,3,3,not_reported,True,True,True,True,99979,86965,0.87,0.105,high
Collision,48,2,5,not_reported,True,False,False,False,118567,126595,1.068,0.158,high
Hail/Weather,42,1,4,not_required,True,False,False,False,76000,74197,0.976,0.054,low
Collision,35,0,1,reported,True,True,True,False,50743,29919,0.59,0.035,medium
Hit & Run,42,1,0,not_reported,True,False,False,False,166267,117591,0.707,0.183,high
Natural Disaster,58,0,3,not_required,True,True,False,False,243164,222970,0.917,0.538,low
Hail/Weather,49,0,9,not_required,True,True,False,True,66180,63388,0.958,0.094,medium
Collision,30,1,5,reported,False,True,False,False,53415,38312,0.717,0.078,high
Collision,38,0,6,reported,True,True,False,True,312955,291600,0.932,0.516,high
Collision,36,0,2,not_reported,True,False,False,False,92770,100192,1.08,0.274,medium
Collision,56,1,1,not_reported,True,False,False,False,180945,145625,0.805,0.281,medium
Vandalism,45,1,10,not_reported,True,False,False,False,52277,52451,1.003,0.034,high
Vandalism,36,0,6,not_reported,True,False,False,False,410994,399815,0.973,0.469,medium
Fire,34,2,1,reported,True,False,False,False,71753,60064,0.837,0.087,medium
Collision,41,1,4,not_reported,True,False,False,False,77183,57141,0.74,0.056,low
Collision,24,1,4,not_reported,True,True,False,True,57531,42819,0.744,0.101,medium
Collision,36,2,0,reported,True,False,False,False,46677,36837,0.789,0.075,medium
Other,44,2,17,not_required,True,False,False,False,39324,42406,1.078,0.038,high
Collision,47,3,10,reported,True,False,False,False,71435,75023,1.05,0.125,high
Collision,47,0,18,reported,True,False,False,False,36869,31092,0.843,0.04,low
Theft,55,1,3,reported,False,False,False,False,136876,145606,1.064,0.168,high
Natural Disaster,51,0,12,not_required,True,False,False,False,102314,69807,0.682,0.073,low
Hail/Weather,51,1,4,reported,True,True,False,True,120987,125272,1.035,0.089,medium
Vandalism,26,0,0,reported,True,True,False,True,79466,56678,0.713,0.038,low
Collision,49,1,3,reported,True,False,False,False,54981,53634,0.976,0.065,low
Collision,38,1,5,not_required,True,True,False,False,133520,121031,0.906,0.117,medium
Hit & Run,68,1,6,not_reported,True,False,False,False,202236,170931,0.845,0.072,high
Other,22,0,9,not_reported,True,True,False,False,54209,57727,1.065,0.061,high
Collision,50,0,8,reported,True,False,False,False,69224,53086,0.767,0.046,medium
Vandalism,25,1,4,not_reported,True,True,False,True,118859,109433,0.921,0.064,high
Collision,25,2,6,reported,True,False,False,False,60483,47650,0.788,0.072,medium
Collision,35,0,4,not_required,True,True,False,False,67805,59252,0.874,0.061,medium
Collision,67,0,3,reported,True,False,False,False,138919,117927,0.849,0.108,low
Hail/Weather,33,1,5,not_required,True,False,False,False,22077,14932,0.676,0.015,low
Fire,63,1,0,not_reported,True,False,False,False,31505,30875,0.98,0.042,medium
Hail/Weather,32,1,13,not_reported,False,True,False,True,67404,49007,0.727,0.069,high
Vandalism,71,0,3,reported,True,False,False,False,81902,72567,0.886,0.125,low
Hail/Weather,23,0,12,not_required,True,False,False,False,69916,48258,0.69,0.063,medium
Hit & Run,56,0,30,reported,True,False,False,False,97325,74142,0.762,0.108,high
Collision,42,0,3,reported,True,True,False,False,89124,61025,0.685,0.107,low
Collision,74,1,0,reported,True,False,False,False,320288,229080,0.715,0.259,low
Hit & Run,40,2,13,reported,True,False,False,False,108008,116648,1.08,0.151,high
Collision,19,0,1,reported,True,False,False,False,114871,100898,0.878,0.12,low
Collision,44,1,6,reported,True,True,False,True,114996,120438,1.047,0.056,high
Natural Disaster,35,1,4,not_required,True,False,False,False,165219,105867,0.641,0.131,low
Collision,28,0,9,not_required,False,False,False,False,68167,45863,0.673,0.04,high
Natural Disaster,40,3,2,not_required,True,False,False,False,276387,222593,0.805,0.2,medium
Vandalism,44,1,5,reported,True,True,False,False,36715,35981,0.98,0.071,medium
Fire,42,0,2,reported,True,False,False,False,54019,52426,0.971,0.109,low
Collision,72,0,4,not_reported,False,True,False,True,113842,91524,0.804,0.126,high
Vandalism,39,2,0,not_required,True,False,False,False,54286,57958,1.068,0.068,medium
Collision,44,0,3,reported,True,True,False,False,422924,414466,0.98,0.552,low
Hit & Run,40,1,2,reported,True,True,False,True,106302,109439,1.03,0.111,medium
Vandalism,18,1,3,reported,True,False,False,False,114800,63140,0.55,0.253,low
Hail/Weather,65,1,1,not_required,True,False,False,False,104138,87256,0.838,0.073,low
Collision,27,1,1,not_required,True,True,False,True,91029,94512,1.038,0.21,high
Collision,43,0,14,not_reported,True,True,False,True,125876,86745,0.689,0.155,high
Collision,36,0,3,reported,True,True,False,False,73937,51704,0.699,0.055,low
Collision,24,0,11,reported,True,False,False,False,35513,36453,1.026,0.089,low
Other,21,1,5,reported,True,True,False,False,96512,76225,0.79,0.115,medium
Collision,60,1,4,reported,True,False,False,False,83310,69285,0.832,0.147,medium
Collision,56,0,4,reported,True,False,False,False,192652,132137,0.686,0.124,low
Other,74,1,3,not_required,True,True,False,False,69357,53706,0.774,0.093,medium
Collision,36,0,12,reported,True,True,False,True,170794,159838,0.936,0.237,medium
Other,31,1,2,not_required,True,True,False,False,113580,106973,0.942,0.091,medium
Theft,74,3,1,not_required,True,True,False,False,52632,58834,1.118,0.098,high
Hit & Run,50,2,2,reported,True,True,False,True,134982,109511,0.811,0.076,high
Fire,18,1,14,reported,False,True,True,True,33262,28344,0.852,0.057,high
Collision,47,0,18,reported,True,False,False,False,60048,63090,1.051,0.065,medium
Collision,47,0,2,not_required,True,False,False,False,151295,157905,1.044,0.109,low
Vandalism,73,3,2,reported,True,False,False,False,112579,74988,0.666,0.078,medium
Theft,37,0,13,not_required,True,True,False,False,134267,134117,0.999,0.111,high
Collision,60,0,5,reported,True,True,False,True,156942,161443,1.029,0.155,low
Hit & Run,52,0,0,reported,True,False,False,False,94054,92726,0.986,0.081,medium
Fire,51,1,2,not_reported,True,True,True,True,153553,141574,0.922,0.235,high
Collision,73,0,3,not_reported,True,False,False,False,47332,35336,0.747,0.029,low
Hail/Weather,39,0,27,reported,True,False,False,False,37458,36240,0.967,0.054,low
Theft,25,2,1,reported,True,True,False,True,194852,185366,0.951,0.158,high
Vandalism,42,2,2,not_reported,True,False,False,False,60078,54251,0.903,0.045,high
Fire,29,0,5,reported,True,True,False,False,58183,42650,0.733,0.048,low
Other,20,0,0,not_required,True,True,False,True,90125,68917,0.765,0.083,low
Collision,74,2,5,reported,True,False,False,False,75556,60531,0.801,0.08,high
Collision,25,1,0,reported,False,False,False,False,116411,87462,0.751,0.077,medium
Collision,32,1,0,reported,True,False,False,False,90772,85284,0.94,0.089,low
Collision,21,2,3,reported,True,False,False,False,70923,77559,1.094,0.088,high
Collision,25,1,1,reported,True,False,False,False,61035,58530,0.959,0.083,medium
Natural Disaster,68,3,3,not_required,True,True,False,True,75246,59312,0.788,0.079,medium
Hit & Run,74,2,5,not_reported,True,False,False,False,76341,72469,0.949,0.073,high
Collision,32,3,5,not_required,True,True,False,True,47863,35956,0.751,0.059,high
Theft,24,1,0,reported,True,False,False,False,60495,36617,0.605,0.045,low
Natural Disaster,33,1,2,reported,True,False,False,False,54490,43501,0.798,0.047,low
Collision,73,1,3,not_reported,True,False,False,False,59512,49691,0.835,0.069,medium
Collision,65,1,2,not_reported,True,True,True,True,100784,99618,0.988,0.101,high
Collision,68,1,5,reported,True,False,False,False,46777,43521,0.93,0.036,low
Theft,23,3,1,not_required,True,False,False,False,134890,105771,0.784,0.102,high
Collision,26,1,0,reported,False,False,False,False,52303,37568,0.718,0.074,medium
Theft,21,2,3,reported,False,True,False,True,31972,27829,0.87,0.044,high
Theft,42,1,5,reported,True,False,False,False,171264,133730,0.781,0.23,medium
Collision,43,1,4,reported,True,True,True,True,48493,40793,0.841,0.041,high
Natural Disaster,53,1,0,not_required,True,True,False,True,31048,23244,0.749,0.025,medium
Collision,61,0,1,not_required,True,False,False,False,64096,53597,0.836,0.103,low
Hit & Run,29,0,3,not_reported,True,False,False,False,154607,155265,1.004,0.125,medium
Hail/Weather,52,2,11,not_required,True,True,False,True,70357,59750,0.849,0.052,high
Vandalism,43,0,6,not_reported,False,True,False,True,38720,32040,0.827,0.04,high
Theft,45,0,14,reported,True,False,False,False,70850,42588,0.601,0.085,low
Collision,67,2,1,reported,True,False,False,False,26162,22731,0.869,0.028,medium
Collision,43,0,3,reported,True,True,False,False,88536,72434,0.818,0.06,low
Collision,42,1,2,not_reported,True,False,False,False,68683,53877,0.784,0.216,low
Vandalism,41,0,0,not_required,True,False,False,False,28497,23438,0.822,0.034,low
Natural Disaster,66,1,3,not_required,True,False,False,False,41219,41045,0.996,0.164,low
Collision,23,3,1,not_required,True,False,False,False,49649,42594,0.858,0.044,low
Theft,41,0,12,reported,True,True,False,True,82282,62454,0.759,0.075,medium
Collision,46,0,0,reported,True,False,False,False,141399,117095,0.828,0.172,low
Theft,49,2,5,reported,True,True,True,True,74527,59005,0.792,0.069,high
Fire,65,2,3,reported,True,True,True,False,86874,89020,1.025,0.203,high
Hit & Run,62,2,0,reported,True,True,False,True,152305,124937,0.82,0.13,high
Collision,35,1,3,reported,True,False,False,False,73805,50702,0.687,0.067,low
Collision,29,0,9,reported,True,False,False,False,65789,53955,0.82,0.065,low
Collision,25,3,4,not_reported,True,False,False,False,188979,135213,0.715,0.194,high
Vandalism,33,0,1,reported,True,True,False,True,33265,32939,0.99,0.014,low
Vandalism,65,0,0,not_reported,True,True,False,True,114475,118505,1.035,0.215,high
Collision,64,1,2,not_required,True,True,False,True,40235,44152,1.097,0.021,medium
Collision,37,1,2,not_reported,False,True,True,True,26488,23392,0.883,0.018,high
Vandalism,62,1,5,not_reported,True,True,False,False,34628,37490,1.083,0.059,high
Collision,47,1,0,reported,False,False,False,False,101985,67705,0.664,0.126,high
Collision,31,0,4,not_required,True,True,False,True,105925,86426,0.816,0.066,low
Hit & Run,24,0,1,reported,True,False,False,False,83058,58443,0.704,0.044,low
Hit & Run,39,2,14,reported,False,False,False,False,85266,65755,0.771,0.054,high
Collision,24,0,5,reported,True,False,False,False,42586,32506,0.763,0.089,low
Collision,19,1,5,reported,True,False,False,False,149921,146922,0.98,0.185,high
Natural Disaster,19,0,0,not_reported,True,False,False,False,45770,38552,0.842,0.036,low
Collision,46,1,13,reported,True,False,False,False,17792,14822,0.833,0.015,medium
Collision,22,1,14,not_required,True,True,False,True,116591,110745,0.95,0.073,high
Hit & Run,41,1,4,reported,True,False,False,False,40904,41846,1.023,0.167,medium
Collision,25,1,2,reported,True,False,False,False,283877,231522,0.816,0.432,low
Collision,68,1,3,reported,True,False,False,False,85000,93835,1.104,0.081,medium
Collision,41,1,7,not_reported,True,True,False,True,134711,117294,0.871,0.065,high
Hit & Run,72,0,0,reported,True,False,False,False,534638,594361,1.112,0.95,medium
Hail/Weather,46,0,1,not_required,True,True,False,False,54067,50769,0.939,0.097,medium
Theft,45,1,21,reported,True,False,False,False,236770,176696,0.746,0.223,high
Collision,66,0,24,not_reported,True,False,False,False,174145,132613,0.762,0.148,high
Other,48,0,11,not_required,True,True,False,False,130408,94933,0.728,0.064,medium
Other,29,1,2,not_reported,True,False,False,False,42062,41221,0.98,0.026,medium
Theft,30,0,2,reported,True,False,False,False,53839,43206,0.802,0.051,low
Collision,44,0,9,reported,True,True,False,True,177846,142256,0.8,0.147,low
Collision,36,0,2,reported,True,False,False,False,106578,89510,0.84,0.14,medium
Collision,25,1,11,reported,True,False,False,False,103153,102229,0.991,0.132,low
Other,75,2,4,reported,True,True,False,False,108219,88471,0.818,0.093,medium
Collision,41,0,2,not_required,True,True,True,True,28897,22521,0.779,0.04,medium
Collision,69,0,0,reported,True,True,False,True,22999,17283,0.751,0.038,low
Hail/Weather,46,1,3,not_required,True,True,False,True,47427,32271,0.68,0.029,medium
Collision,37,1,2,not_reported,True,False,False,False,89459,72274,0.808,0.091,medium
Theft,43,0,22,reported,True,False,False,False,50344,49381,0.981,0.056,high
Hail/Weather,44,0,10,not_required,True,True,False,True,151147,129382,0.856,0.116,medium
Fire,40,1,12,not_reported,True,True,False,False,43400,26853,0.619,0.027,high
Collision,36,1,2,reported,True,False,False,False,126041,97296,0.772,0.127,low
Collision,66,2,13,not_required,True,True,False,True,56690,50288,0.887,0.093,medium
Collision,44,0,8,reported,True,False,False,False,130556,127945,0.98,0.118,low
Theft,18,1,3,reported,True,False,False,False,78031,69524,0.891,0.086,medium
Vandalism,39,0,3,not_reported,True,True,False,False,71122,63430,0.892,0.028,low
Hail/Weather,70,2,5,not_required,True,False,False,False,68131,67596,0.992,0.129,medium
Collision,51,2,5,reported,True,False,False,False,131144,88094,0.672,0.078,low
Fire,44,0,14,reported,True,True,False,True,212749,171217,0.805,0.136,medium
Other,48,2,5,reported,True,False,False,False,63579,44736,0.704,0.027,low
Vandalism,27,0,19,not_required,True,False,False,False,64282,65539,1.02,0.066,low
Collision,49,0,24,reported,False,False,False,False,73656,48565,0.659,0.055,medium
Theft,43,1,9,not_reported,True,False,False,False,106158,109944,1.036,0.118,high
Other,36,2,0,reported,True,False,False,False,24090,25593,1.062,0.016,medium
Collision,38,1,14,not_required,False,False,False,False,289313,302982,1.047,0.277,high
Collision,46,0,8,not_reported,True,True,False,True,65696,53398,0.813,0.049,high
Other,53,3,12,not_reported,True,False,False,False,127702,92044,0.721,0.155,high
Vandalism,30,0,3,not_reported,True,True,False,False,24989,18818,0.753,0.033,medium
Hit & Run,35,2,4,reported,True,True,False,True,64767,47534,0.734,0.047,high
Collision,22,4,2,reported,True,False,False,False,461079,328384,0.712,0.204,high
Collision,65,1,5,not_required,True,False,False,False,86612,78087,0.902,0.177,medium
Collision,23,2,8,reported,True,True,False,True,110086,81637,0.742,0.092,high
Hit & Run,46,0,4,reported,True,False,False,False,87034,64429,0.74,0.114,low
Vandalism,41,1,0,not_required,True,True,False,False,110284,103323,0.937,0.09,medium
Collision,40,1,5,not_reported,True,False,False,False,243779,245704,1.008,0.418,high
Vandalism,29,1,5,not_reported,True,True,False,False,109921,125288,1.14,0.099,high
Vandalism,35,1,1,not_reported,True,False,False,False,24532,25273,1.03,0.012,high
Collision,35,0,21,reported,True,False,False,False,74173,67251,0.907,0.105,medium
Vandalism,39,0,2,not_required,True,True,False,True,101287,71853,0.709,0.08,medium
Fire,56,0,2,not_required,True,False,False,False,26972,20470,0.759,0.023,low
Other,39,3,4,not_reported,True,False,False,False,201809,175474,0.87,0.222,high
Vandalism,24,0,7,not_required,True,False,False,False,121969,132444,1.086,0.129,medium
Collision,33,1,5,reported,True,True,False,True,45823,44436,0.97,0.074,high
Theft,62,2,1,reported,True,False,False,False,181687,146071,0.804,0.137,medium
Natural Disaster,34,1,1,reported,True,False,False,False,179113,175531,0.98,0.196,low
Other,74,1,3,not_reported,True,False,False,False,78172,78526,1.005,0.081,medium
Natural Disaster,69,1,19,reported,True,False,False,False,37177,35028,0.942,0.053,medium
Theft,46,1,4,reported,True,False,False,False,45296,46490,1.026,0.088,medium
Collision,52,2,11,reported,True,False,False,False,36456,36257,0.995,0.032,medium
Collision,54,0,5,not_required,True,False,False,False,117722,99338,0.844,0.12,low
Hit & Run,37,2,4,reported,True,False,False,False,226114,207099,0.916,0.191,high
Hail/Weather,32,0,4,not_required,True,True,False,True,122137,97373,0.797,0.144,low
Collision,48,1,1,reported,True,False,False,False,152566,121742,0.798,0.122,low
Other,25,2,1,not_reported,True,False,False,False,277635,175639,0.633,0.195,medium
Collision,56,0,8,reported,True,False,False,False,43582,44036,1.01,0.056,medium
Collision,50,1,20,reported,True,True,False,False,149113,160542,1.077,0.12,high
Vandalism,36,0,4,not_reported,False,False,False,False,216887,156926,0.724,0.264,high
Theft,35,1,4,not_reported,True,False,False,False,86244,56880,0.66,0.082,high
Hit & Run,51,1,4,reported,True,False,False,False,108986,62989,0.578,0.06,low
Collision,30,1,5,not_reported,True,False,False,False,33812,27956,0.827,0.029,high
Collision,68,2,1,not_reported,True,True,False,True,55807,38781,0.695,0.072,high
Theft,45,2,0,reported,True,False,False,False,37289,26178,0.702,0.028,medium
Theft,38,0,10,reported,True,True,False,True,40853,42910,1.05,0.075,medium
Theft,22,2,2,reported,True,True,False,True,72872,56721,0.778,0.117,high
Collision,33,1,5,reported,True,True,True,True,261302,175280,0.671,0.116,medium
Hit & Run,60,3,0,reported,True,False,False,False,62399,57407,0.92,0.04,high
Hit & Run,24,0,1,reported,True,False,False,False,70159,56678,0.808,0.104,low
Vandalism,56,2,3,not_reported,True,False,False,False,116819,88878,0.761,0.128,high
Vandalism,43,1,1,reported,True,False,False,False,268420,215674,0.803,0.242,medium
Collision,30,1,0,reported,True,True,True,False,125192,78426,0.626,0.048,low
Hit & Run,39,1,7,reported,True,False,False,False,26909,24126,0.897,0.017,medium
Collision,47,0,13,reported,True,True,False,True,30410,28002,0.921,0.032,medium
Other,45,0,4,reported,True,False,False,False,156161,117777,0.754,0.212,low
Collision,49,2,9,reported,True,False,False,False,120834,85889,0.711,0.059,low
Natural Disaster,19,0,4,not_required,True,False,False,False,83430,56249,0.674,0.095,low
Collision,42,4,4,reported,True,False,False,False,119734,104055,0.869,0.221,high
Natural Disaster,42,1,1,not_required,True,False,False,False,79261,95169,1.201,0.082,medium
Other,36,0,11,not_reported,True,True,False,False,180379,131836,0.731,0.16,high
Hit & Run,32,2,14,not_reported,True,False,False,False,135707,109015,0.803,0.109,high
Theft,41,0,2,reported,True,True,False,True,140152,163019,1.163,0.21,medium
Collision,36,0,0,reported,True,False,False,False,63271,62006,0.98,0.133,medium
Natural Disaster,46,2,0,not_required,False,False,False,False,91077,85200,0.935,0.114,high
Collision,23,1,4,not_required,True,False,False,False,94323,97252,1.031,0.163,medium
Theft,44,1,5,reported,True,True,True,True,85497,84881,0.993,0.109,high
Collision,49,0,13,reported,True,True,False,False,56666,47233,0.834,0.069,low
Hail/Weather,40,0,0,reported,True,True,False,False,131055,141250,1.078,0.13,low
Collision,22,2,1,not_reported,False,True,False,False,79309,77723,0.98,0.157,high
Collision,55,0,0,reported,True,True,False,True,110756,115484,1.043,0.136,medium
Other,35,0,8,not_required,True,True,False,False,106886,93920,0.879,0.131,high
Collision,35,0,12,not_reported,True,True,True,False,367483,336244,0.915,0.3,high
Hit & Run,75,1,4,reported,True,False,False,False,124501,97980,0.787,0.116,medium
Collision,39,1,7,reported,True,False,False,False,284784,263109,0.924,0.142,medium
Collision,40,1,0,not_reported,True,False,False,False,218574,174097,0.797,0.288,medium
Other,52,1,1,reported,True,True,False,False,409818,353515,0.863,0.588,medium
Other,60,1,3,reported,True,True,True,True,39717,30119,0.758,0.044,medium
Natural Disaster,47,0,0,not_required,True,False,False,False,39285,32299,0.822,0.039,low
Collision,25,0,4,not_reported,True,False,False,False,223969,209192,0.934,0.494,medium
Vandalism,60,1,1,reported,True,False,False,False,16188,13096,0.809,0.011,low
Theft,27,1,2,reported,True,True,False,True,18950,16081,0.849,0.023,low
Hit & Run,32,0,6,reported,True,False,False,False,278831,215790,0.774,0.316,medium
Collision,30,0,1,not_reported,True,True,False,False,103726,76266,0.735,0.088,high
Collision,39,0,5,not_reported,True,False,False,False,116735,78227,0.67,0.052,low
Other,34,1,26,reported,True,False,False,False,60656,64605,1.065,0.098,high
Natural Disaster,22,2,1,not_required,True,False,False,False,135531,146110,1.078,0.318,high
Collision,37,1,1,reported,True,True,False,False,315059,275307,0.874,0.265,medium
Hail/Weather,34,0,10,not_reported,True,False,False,False,42675,25282,0.592,0.03,medium
Other,37,2,1,reported,True,False,False,False,163499,125876,0.77,0.238,low
Collision,43,1,5,reported,True,False,False,False,49100,33780,0.688,0.024,low
Vandalism,39,2,10,not_reported,True,False,False,False,220350,172849,0.784,0.145,high
Collision,69,1,12,reported,True,False,False,False,100635,93696,0.931,0.069,low
Theft,32,1,5,not_reported,True,True,False,True,111676,97879,0.876,0.124,high
Vandalism,28,2,2,reported,True,False,False,False,91150,67867,0.745,0.069,low
Theft,66,0,5,reported,True,False,False,False,76058,52622,0.692,0.126,medium
Collision,60,1,0,not_reported,True,False,False,False,99377,78638,0.791,0.104,low
Collision,21,0,3,reported,True,False,False,False,147893,115907,0.784,0.136,low
Collision,72,0,8,not_required,True,True,False,True,45016,31813,0.707,0.058,medium
Vandalism,32,2,11,reported,True,False,False,False,65160,57396,0.881,0.026,high
Collision,23,0,0,not_reported,True,False,False,False,72927,71468,0.98,0.083,medium
Other,48,0,5,not_reported,True,False,False,False,62276,61062,0.981,0.082,low
Collision,52,1,0,reported,True,False,False,False,42944,31550,0.735,0.039,low
Theft,41,0,12,reported,True,False,False,False,58697,60080,1.024,0.063,high
Fire,52,0,4,reported,True,False,False,False,69576,50552,0.727,0.046,low
Natural Disaster,73,1,3,not_required,True,True,False,False,141900,103228,0.727,0.17,medium
Vandalism,38,1,0,reported,True,False,False,False,77695,55296,0.712,0.092,low
Collision,22,0,2,reported,True,False,False,False,68952,46038,0.668,0.029,low
Vandalism,62,2,7,not_reported,True,False,False,False,73876,55809,0.755,0.06,high
Theft,25,1,4,reported,True,False,False,False,97350,61693,0.634,0.081,low
Hail/Weather,38,0,10,not_required,True,True,False,True,100473,77512,0.771,0.06,low
Vandalism,47,2,3,reported,True,True,False,True,97260,91378,0.94,0.152,medium
Collision,37,0,0,reported,True,True,False,False,600000,490414,0.817,0.491,medium
Collision,35,1,2,reported,True,False,False,False,46956,29841,0.635,0.023,low
Other,66,0,5,not_required,True,False,False,False,59818,47449,0.793,0.1,low
Other,43,0,1,not_required,True,False,False,False,117146,83005,0.709,0.183,low
Collision,43,1,1,not_required,True,False,False,False,95609,69659,0.729,0.092,low
Collision,41,2,2,reported,True,False,False,False,203142,219120,1.079,0.38,high
Vandalism,34,1,4,not_reported,True,True,True,True,82797,75132,0.907,0.063,high
Collision,34,0,14,reported,True,False,False,False,326635,292378,0.895,0.503,medium
Fire,71,1,5,not_reported,True,False,False,False,45495,44585,0.98,0.034,medium
Theft,65,1,3,reported,True,True,False,True,56127,51637,0.92,0.075,high
Collision,45,0,4,reported,True,False,False,False,58620,55771,0.951,0.102,low
Collision,37,0,0,not_reported,True,True,False,False,192982,153378,0.795,0.183,medium
Hit & Run,51,1,4,reported,True,False,False,False,58153,39276,0.675,0.041,low
Other,52,0,4,reported,True,True,False,True,138518,112186,0.81,0.163,low
Collision,36,1,5,reported,True,True,False,True,65051,56882,0.874,0.051,low
Hit & Run,24,1,21,not_reported,True,False,False,False,53278,44279,0.831,0.037,high
Fire,44,0,0,not_reported,True,False,False,False,132091,109229,0.827,0.113,medium
Collision,46,0,1,not_reported,True,True,False,True,89226,92894,1.041,0.102,medium
Hit & Run,29,2,29,reported,True,True,False,True,170201,112360,0.66,0.114,high
Other,51,1,3,not_reported,True,False,False,False,90171,70397,0.781,0.096,low
Natural Disaster,25,2,4,not_required,True,False,False,False,127564,121464,0.952,0.13,medium
Vandalism,42,4,5,reported,False,True,False,True,54795,35179,0.642,0.082,high
Hail/Weather,52,0,3,not_required,True,True,False,True,54446,44596,0.819,0.077,low
Natural Disaster,28,0,1,reported,True,False,False,False,96443,73825,0.765,0.077,low
Theft,19,1,19,reported,True,False,False,False,133154,114495,0.86,0.131,high
Collision,60,0,5,reported,True,True,False,True,64935,51415,0.792,0.063,low
Collision,65,1,20,reported,True,True,False,False,109327,74300,0.68,0.062,high
Fire,25,1,14,reported,True,True,True,True,71891,76107,1.059,0.08,high
Collision,48,1,2,reported,True,False,False,False,92241,69274,0.751,0.061,low
Vandalism,23,1,0,reported,True,True,False,False,128888,130819,1.015,0.222,medium
Hit & Run,36,2,3,reported,True,False,False,False,216446,242348,1.12,0.188,high
Fire,22,1,2,not_required,True,True,False,False,59062,44676,0.756,0.05,medium
Collision,55,1,11,not_reported,True,False,False,False,44885,38426,0.856,0.043,high
Natural Disaster,31,0,3,not_required,True,False,False,False,107587,87979,0.818,0.103,low
Collision,54,2,8,not_reported,True,False,False,False,46945,38948,0.83,0.032,high
Collision,35,1,2,reported,True,False,False,False,62182,62712,1.009,0.088,medium
Collision,35,0,3,reported,True,True,False,True,47436,54519,1.149,0.057,medium
Collision,44,0,2,reported,True,False,False,False,293588,275832,0.94,0.3,low
Hit & Run,36,3,5,reported,True,False,False,False,123526,109324,0.885,0.085,high
Collision,25,2,1,reported,True,False,False,False,75981,50565,0.666,0.028,low
Other,62,2,4,reported,True,False,False,False,59336,52995,0.893,0.04,low
Fire,38,1,13,reported,True,False,False,False,128652,97656,0.759,0.071,medium
Other,58,2,4,not_reported,True,True,False,True,84792,55391,0.653,0.079,medium
Hit & Run,49,1,2,reported,True,True,False,False,49693,46810,0.942,0.047,low
Hail/Weather,35,2,5,not_required,True,False,False,False,90264,76869,0.852,0.106,medium
Fire,73,0,10,reported,True,True,False,False,63916,48312,0.756,0.047,low
Theft,47,1,2,reported,True,False,False,False,117519,70294,0.598,0.088,low
Natural Disaster,31,0,3,reported,True,False,False,False,90266,88123,0.976,0.114,low
Other,33,0,10,not_reported,True,True,False,False,120444,98860,0.821,0.087,high
Collision,73,0,23,reported,True,False,False,False,108665,75117,0.691,0.082,medium
Collision,21,0,0,reported,True,False,False,False,411000,364919,0.888,0.377,medium
Collision,35,0,2,reported,True,False,False,False,184474,148217,0.803,0.251,low
Vandalism,37,2,14,not_reported,False,False,False,False,165976,130390,0.786,0.139,high
Vandalism,31,0,2,not_reported,True,True,False,True,34627,26802,0.774,0.059,medium
Vandalism,41,1,10,reported,True,True,True,True,55105,52470,0.952,0.06,high
Fire,71,1,10,reported,True,True,False,False,96537,79905,0.828,0.097,medium
Other,75,0,13,not_required,True,False,False,False,41424,28749,0.694,0.035,low
Vandalism,31,0,3,not_reported,True,True,False,True,81829,70224,0.858,0.054,high
Collision,39,1,12,not_reported,False,False,False,False,53863,40668,0.755,0.024,high
Hit & Run,21,0,5,reported,True,False,False,False,17283,13506,0.781,0.022,low
Collision,25,2,5,reported,True,False,False,False,77417,75869,0.98,0.039,medium
Other,23,2,0,reported,True,False,False,False,174814,145611,0.833,0.113,low
Theft,42,0,0,reported,True,False,False,False,156952,133102,0.848,0.095,low
Theft,25,0,30,reported,True,False,False,False,337157,249345,0.74,0.438,high
Other,46,0,10,not_required,True,False,False,False,96936,108826,1.123,0.249,medium
Theft,73,1,4,reported,True,False,False,False,59177,51777,0.875,0.051,high
Collision,50,0,2,reported,True,False,False,False,165677,164911,0.995,0.222,medium
Natural Disaster,54,3,3,not_required,True,True,False,False,51294,50268,0.98,0.054,high
Collision,36,2,5,not_required,False,False,False,False,20253,14521,0.717,0.009,high
Hail/Weather,37,0,4,not_required,True,False,False,False,172659,103215,0.598,0.043,low
Hit & Run,23,2,4,reported,True,False,False,False,51230,43452,0.848,0.051,high
Collision,52,3,3,not_required,True,False,False,False,247624,211631,0.855,0.138,medium
Collision,24,1,27,not_required,True,False,False,False,223578,193834,0.867,0.116,high
Vandalism,63,0,9,not_required,True,False,False,False,128213,135899,1.06,0.061,medium
Collision,49,2,2,reported,True,True,False,False,97847,78867,0.806,0.126,medium
Other,43,0,12,not_reported,True,True,True,True,125181,92533,0.739,0.104,high
Hail/Weather,22,0,6,not_required,True,False,False,False,25618,19075,0.745,0.016,low
Natural Disaster,18,0,14,reported,True,False,False,False,32819,25920,0.79,0.021,low
Theft,32,0,0,reported,True,False,False,False,106520,100744,0.946,0.159,low
Collision,49,0,2,reported,True,False,False,False,104414,62364,0.597,0.078,low
Vandalism,52,2,3,not_reported,True,True,False,True,186182,183768,0.987,0.217,high
Vandalism,27,1,0,not_reported,True,True,False,True,78852,52898,0.671,0.052,medium
Vandalism,29,1,1,reported,True,False,False,False,112804,85593,0.759,0.109,low
Collision,48,2,2,reported,True,True,False,True,56086,55933,0.997,0.077,high
Hit & Run,40,2,4,reported,True,False,False,False,47413,44332,0.935,0.091,medium
Collision,20,1,3,reported,True,False,False,False,73235,55917,0.764,0.04,low
Vandalism,40,0,0,not_reported,True,False,False,False,119560,106605,0.892,0.21,medium
Fire,37,3,13,not_reported,True,True,False,True,178154,127569,0.716,0.365,high
Vandalism,34,2,0,not_reported,True,True,False,True,64789,69391,1.071,0.062,high
Collision,46,1,14,not_required,False,False,False,False,55557,44924,0.809,0.06,high
Collision,23,2,1,not_required,True,False,False,False,46725,47467,1.016,0.029,high
Collision,32,0,9,reported,True,False,False,False,36665,26206,0.715,0.022,low
Other,54,0,11,not_reported,False,False,False,False,118303,101776,0.86,0.117,high
Collision,46,2,3,reported,True,False,False,False,88724,67489,0.761,0.098,low
Hit & Run,25,1,2,reported,True,False,False,False,100238,91413,0.912,0.122,low
Theft,37,2,1,not_required,True,False,False,False,29703,29537,0.994,0.022,high
Collision,48,1,10,reported,True,True,False,False,210680,159538,0.757,0.3,medium
Fire,37,0,13,not_required,True,False,False,False,87083,70553,0.81,0.054,low
Collision,68,3,5,reported,True,False,False,False,30977,25686,0.829,0.09,high
Collision,34,1,1,not_required,True,True,False,False,35884,27965,0.779,0.034,medium
Collision,50,0,4,not_reported,True,False,False,False,101822,84265,0.828,0.068,low
Fire,21,1,8,not_required,True,False,False,False,148839,126354,0.849,0.128,low
Vandalism,72,1,2,not_reported,True,False,False,False,30931,26962,0.872,0.051,high
Collision,38,1,10,not_required,False,True,False,True,183335,198001,1.08,0.164,high
Collision,43,0,6,not_reported,True,False,False,False,58992,46237,0.784,0.031,low
Fire,44,0,2,reported,True,False,False,False,57107,62480,1.094,0.061,low
Fire,27,0,4,reported,True,False,False,False,158129,115687,0.732,0.187,low
Hail/Weather,28,1,1,not_reported,True,False,False,False,33607,30213,0.899,0.035,low
Natural Disaster,31,1,7,not_required,True,False,False,False,190245,158809,0.835,0.156,high
Hit & Run,73,1,27,reported,True,True,False,False,123592,105278,0.852,0.075,high
Vandalism,24,1,20,reported,True,True,False,True,80828,79212,0.98,0.101,high
Hit & Run,50,0,0,reported,True,True,False,True,73640,68522,0.931,0.08,high
Theft,42,1,4,reported,True,True,False,False,36267,26166,0.721,0.018,high
Other,54,2,5,not_required,True,False,False,False,22442,27379,1.22,0.011,high
Theft,38,1,1,reported,True,True,False,True,280173,228785,0.817,0.316,high
Other,41,0,0,reported,True,False,False,False,68902,47620,0.691,0.06,low
Collision,42,1,8,reported,True,False,False,False,259887,157559,0.606,0.123,low
Hail/Weather,74,0,1,not_required,True,False,False,False,185580,129437,0.697,0.178,low
Vandalism,31,0,0,not_required,True,False,False,False,47261,36702,0.777,0.057,low
Fire,40,0,3,not_required,True,False,False,False,264969,192086,0.725,0.15,low
Vandalism,45,2,5,not_reported,True,False,False,False,70509,74453,1.056,0.123,high
Collision,23,0,1,reported,False,False,False,False,70140,59531,0.849,0.055,high
Natural Disaster,47,0,0,not_required,True,True,False,False,59529,49170,0.826,0.032,low
Other,30,2,3,reported,True,False,False,False,89420,73962,0.827,0.102,low
Collision,35,0,3,reported,True,False,False,False,344602,230133,0.668,0.116,low
Collision,32,0,2,reported,True,False,False,False,73727,58230,0.79,0.064,low
Collision,29,0,3,reported,True,True,True,False,211003,174493,0.827,0.328,medium
Hail/Weather,43,2,0,not_required,True,True,False,True,103384,113870,1.101,0.081,high
Hail/Weather,67,3,2,reported,True,False,False,False,57435,45982,0.801,0.058,high
Collision,30,0,8,not_required,True,False,False,False,56322,44124,0.783,0.103,low
Natural Disaster,73,1,0,reported,True,False,False,False,25412,18844,0.742,0.026,low
Natural Disaster,39,2,2,not_required,True,False,False,False,218418,222204,1.017,0.326,medium
Other,54,0,3,not_reported,False,False,False,False,127351,91886,0.722,0.14,high
Vandalism,46,0,4,not_required,True,False,False,False,51088,48147,0.942,0.121,medium
Theft,67,2,3,reported,True,False,False,False,60488,42845,0.708,0.096,medium
Collision,75,1,12,reported,True,False,False,False,57940,43743,0.755,0.019,low
Collision,32,0,3,reported,False,False,False,False,104023,97844,0.941,0.19,high
Theft,41,1,2,reported,False,True,True,True,91285,61983,0.679,0.069,high
Vandalism,19,0,10,not_reported,True,False,False,False,16887,14758,0.874,0.019,medium
Collision,29,2,1,reported,False,True,False,True,281013,249635,0.888,0.283,high
Collision,67,0,5,reported,True,True,False,True,186486,115938,0.622,0.123,low
Natural Disaster,26,0,9,reported,True,False,False,False,83049,55679,0.67,0.06,low
Collision,60,1,5,reported,True,False,False,False,217935,125886,0.578,0.409,medium
Collision,73,2,2,not_reported,True,False,False,False,138501,138554,1.0,0.163,high
Collision,44,1,2,reported,True,False,False,False,61686,52733,0.855,0.022,low
Collision,43,1,0,reported,True,False,False,False,183595,166478,0.907,0.272,low
Collision,21,1,5,not_reported,True,True,False,True,78760,61175,0.777,0.102,high
Collision,46,1,4,reported,True,True,False,False,31966,22033,0.689,0.039,low
Hail/Weather,33,4,5,not_required,True,False,False,False,105014,75366,0.718,0.076,medium
Collision,41,3,5,not_required,True,True,False,True,78910,56227,0.713,0.094,high
Collision,61,0,8,reported,True,True,False,False,101716,102192,1.005,0.181,medium
Collision,47,1,3,reported,True,False,False,False,54360,45449,0.836,0.024,low
Hit & Run,20,2,14,reported,True,False,False,False,63523,48688,0.766,0.089,high
Theft,45,0,3,reported,True,True,False,False,213723,154373,0.722,0.213,medium
Theft,37,0,11,reported,True,False,False,False,120429,113139,0.939,0.208,medium
Hail/Weather,25,1,4,not_required,True,True,False,True,212300,233177,1.098,0.227,high
Other,44,0,0,reported,True,True,False,True,54089,55504,1.026,0.037,medium
Collision,26,2,12,not_reported,True,False,False,False,88129,95817,1.087,0.137,high
Collision,58,2,0,not_reported,True,False,False,False,40248,33134,0.823,0.037,medium
Collision,49,1,4,not_required,True,False,False,False,26726,21380,0.8,0.018,low
Fire,42,1,5,not_required,True,False,False,False,228804,189534,0.828,0.469,high
Theft,48,0,4,reported,True,True,False,False,90185,82293,0.912,0.076,medium
Natural Disaster,20,0,2,not_required,True,True,False,True,41692,30907,0.741,0.03,low
Theft,65,1,14,reported,True,False,False,False,76561,63760,0.833,0.049,medium
Hail/Weather,66,2,4,not_required,True,False,False,False,16196,11241,0.694,0.019,low
Hail/Weather,72,1,5,not_reported,True,False,False,False,103927,71712,0.69,0.091,low
Natural Disaster,40,0,0,not_required,True,True,True,True,33125,23577,0.712,0.046,medium
Fire,51,0,30,reported,True,True,False,False,165079,164424,0.996,0.172,high
Fire,25,0,4,not_required,True,True,False,False,57083,50837,0.891,0.047,low
Theft,66,0,0,reported,True,False,False,False,45078,40118,0.89,0.08,medium
Collision,42,4,0,reported,True,False,False,False,76044,66405,0.873,0.14,medium
Collision,35,2,1,reported,True,False,False,False,122302,94502,0.773,0.069,medium
Collision,69,1,7,not_reported,True,True,False,True,215313,173229,0.805,0.275,high
Natural Disaster,43,2,7,not_required,True,False,False,False,257999,200876,0.779,0.353,low
Natural Disaster,33,2,1,reported,True,False,False,False,43324,31729,0.732,0.05,low
Collision,51,0,4,reported,True,False,False,False,46864,38563,0.823,0.062,low
Other,36,0,0,not_reported,True,False,False,False,73663,51913,0.705,0.073,low
Collision,27,1,29,not_required,True,True,False,False,8506,7825,0.92,0.008,high
Other,50,2,10,reported,True,True,False,False,117729,86367,0.734,0.071,medium
Other,45,0,3,not_reported,False,True,False,False,241880,201916,0.835,0.312,high
Fire,36,0,2,not_required,True,True,False,False,99159,98159,0.99,0.111,medium
Fire,34,1,2,reported,False,True,False,True,98288,74995,0.763,0.203,high
Collision,39,1,1,reported,True,False,False,False,413214,422260,1.022,0.448,medium
Collision,25,0,4,reported,True,False,False,False,112183,106728,0.951,0.089,low
Collision,46,2,9,not_required,True,True,False,False,65662,67351,1.026,0.059,high
Fire,25,1,1,reported,True,False,False,False,221958,189155,0.852,0.466,medium
Collision,33,5,3,reported,True,False,False,False,61945,58373,0.942,0.088,high
Collision,44,2,5,reported,True,False,False,False,84504,64545,0.764,0.082,low
Fire,37,0,10,not_required,False,True,False,False,32205,26765,0.831,0.024,high
Collision,35,0,3,reported,True,True,False,True,128438,125869,0.98,0.183,low
Other,45,2,2,reported,True,True,False,True,201480,214143,1.063,0.285,high
Vandalism,63,1,5,not_required,True,False,False,False,75706,71797,0.948,0.19,medium
Vandalism,24,3,1,not_required,True,True,False,True,49953,53870,1.078,0.085,high
Collision,73,1,21,reported,True,True,False,True,122288,113688,0.93,0.132,medium
Vandalism,47,2,6,reported,True,True,False,True,48683,42078,0.864,0.043,high
Natural Disaster,74,1,2,reported,True,False,False,False,215605,165313,0.767,0.176,medium
Vandalism,36,2,6,not_required,True,True,False,True,92889,69552,0.749,0.098,high
Natural Disaster,38,2,6,reported,True,False,False,False,197611,176058,0.891,0.132,low
Theft,37,2,12,reported,True,True,False,True,62183,52197,0.839,0.058,medium
Vandalism,42,2,11,not_reported,True,False,False,False,104014,79446,0.764,0.136,high
Hit & Run,71,3,1,not_required,True,True,True,True,126483,126521,1.0,0.138,high
Other,56,0,4,reported,True,True,False,True,209261,179453,0.858,0.201,medium
Natural Disaster,25,1,7,not_required,True,False,False,False,37460,30235,0.807,0.053,low
Hail/Weather,63,0,11,not_required,True,True,False,False,68007,56920,0.837,0.063,low
Fire,37,3,5,not_required,True,False,False,False,21019,16043,0.763,0.021,low
Other,21,0,2,not_reported,True,False,False,False,57114,37895,0.663,0.043,medium
Collision,38,1,8,reported,True,True,False,True,112650,76197,0.676,0.081,medium
Hit & Run,57,0,5,reported,True,False,False,False,58413,46683,0.799,0.034,medium
Theft,39,0,1,not_reported,True,True,False,True,87318,79053,0.905,0.154,high
Theft,39,1,2,reported,True,True,False,True,82921,84756,1.022,0.154,medium
Theft,31,2,0,reported,True,True,True,False,124825,130726,1.047,0.147,high
Collision,55,1,3,not_required,True,False,False,False,106869,89483,0.837,0.065,medium
Hit & Run,48,3,2,reported,True,False,False,False,136084,137690,1.012,0.114,high
Collision,34,1,1,not_required,True,False,False,False,110217,115080,1.044,0.203,low
Hit & Run,65,2,0,reported,True,True,False,True,96417,99569,1.033,0.048,high
Collision,43,1,14,not_reported,False,False,False,False,93695,97042,1.036,0.092,high
Hit & Run,66,1,3,reported,True,True,True,False,71673,57694,0.805,0.099,medium
Other,23,1,4,reported,True,True,False,False,45665,41465,0.908,0.039,medium
Collision,39,0,9,reported,True,False,False,False,90172,75923,0.842,0.12,medium
Theft,55,0,8,reported,True,False,False,False,157161,116637,0.742,0.129,medium
Collision,41,2,3,reported,True,False,False,False,38237,30376,0.794,0.022,low
Collision,56,1,29,reported,True,True,False,True,43158,32918,0.763,0.043,high
Vandalism,24,1,4,reported,True,False,False,False,76917,71137,0.925,0.085,low
Vandalism,67,1,2,not_required,True,False,False,False,223188,166839,0.748,0.342,low
Collision,24,3,8,reported,True,False,False,False,368992,343225,0.93,0.279,high
Other,30,0,1,reported,True,False,False,False,169290,138167,0.816,0.328,low
Hit & Run,48,0,6,not_required,True,False,False,False,102032,99991,0.98,0.128,high
Collision,61,0,1,reported,True,False,False,False,91677,67945,0.741,0.105,low
Collision,31,0,2,not_reported,True,False,False,False,70242,59167,0.842,0.098,low
Hit & Run,74,0,3,not_reported,False,True,False,False,147884,105368,0.713,0.098,high
Vandalism,72,1,2,not_reported,True,False,False,False,73013,62923,0.862,0.094,low
Collision,23,1,11,reported,True,False,False,False,132877,115691,0.871,0.185,medium
Collision,70,2,21,reported,True,False,False,False,116930,90763,0.776,0.07,high
Vandalism,73,1,1,reported,True,True,False,True,125170,110498,0.883,0.131,high
Hit & Run,66,1,1,not_required,True,False,False,False,50949,46317,0.909,0.079,high
Natural Disaster,33,1,9,not_required,True,True,False,False,111108,117013,1.053,0.174,high
Hail/Weather,36,0,9,not_required,True,True,False,False,26753,21488,0.803,0.025,medium
Vandalism,34,0,0,not_required,True,True,False,True,99416,71799,0.722,0.048,low
Hit & Run,53,0,3,not_reported,False,False,False,False,54779,43956,0.802,0.068,high
Other,30,0,0,not_reported,True,False,False,False,60741,62095,1.022,0.08,medium
Collision,45,0,7,reported,True,False,False,False,66740,70097,1.05,0.053,medium
Collision,18,1,9,not_required,True,False,False,False,18507,18518,1.001,0.009,high
Collision,48,1,5,not_required,True,False,False,False,63555,62867,0.989,0.048,medium
Other,20,0,0,reported,True,False,False,False,109644,84521,0.771,0.124,low
Natural Disaster,42,1,1,not_required,True,False,False,False,83547,84423,1.01,0.044,medium
Hail/Weather,31,0,4,not_required,True,False,False,False,84880,74745,0.881,0.102,low
Collision,25,1,12,reported,True,False,False,False,233046,202769,0.87,0.211,low
Collision,41,0,11,reported,True,False,False,False,49653,48660,0.98,0.073,low
Theft,19,0,5,reported,True,True,False,True,58311,44755,0.768,0.102,medium
Theft,63,0,1,reported,True,True,False,False,35407,26618,0.752,0.029,low
Collision,24,1,1,not_reported,True,True,False,True,278268,306474,1.101,0.256,high
Collision,48,0,3,reported,True,False,False,False,119512,67502,0.565,0.063,low
Collision,44,2,2,reported,True,True,False,True,138160,110246,0.798,0.205,medium
Hail/Weather,35,0,3,not_required,True,False,False,False,79550,59687,0.75,0.077,low
Collision,52,2,11,not_required,True,False,False,False,117374,110078,0.938,0.054,high
Collision,72,0,5,not_required,True,False,False,False,105394,94162,0.893,0.043,low
Hit & Run,38,3,14,reported,True,False,False,False,48748,49270,1.011,0.06,high
Hit & Run,48,0,7,reported,True,True,False,False,177708,177065,0.996,0.105,high
Vandalism,68,1,4,not_reported,True,False,False,False,87697,63456,0.724,0.058,medium
Vandalism,20,1,14,reported,True,False,False,False,64272,47100,0.733,0.046,medium
Hit & Run,34,0,2,reported,True,False,False,False,133887,98837,0.738,0.178,low
Hail/Weather,36,1,9,not_required,True,False,False,False,19620,20960,1.068,0.03,medium
Collision,21,1,7,not_required,True,False,False,False,507857,379247,0.747,0.637,medium
Other,46,1,4,not_reported,True,False,False,False,61329,53711,0.876,0.021,low
Vandalism,55,0,5,reported,True,False,False,False,80753,66802,0.827,0.08,low
Hail/Weather,53,1,2,not_required,True,True,False,False,64982,41349,0.636,0.044,low
Hit & Run,37,2,26,not_reported,True,False,False,False,112978,98237,0.87,0.159,high
Theft,67,3,1,reported,True,True,True,False,191826,138167,0.72,0.132,high
Natural Disaster,44,0,4,not_required,True,True,False,True,65409,49619,0.759,0.051,low
Theft,25,0,5,reported,True,True,False,True,84794,83098,0.98,0.045,high
Theft,28,0,2,reported,True,False,False,False,164835,149622,0.908,0.168,medium
Theft,71,2,10,reported,True,False,False,False,76046,49629,0.653,0.121,high
Collision,38,2,11,reported,True,True,False,True,87149,76087,0.873,0.046,high
Collision,26,1,0,not_reported,True,False,False,False,86494,71300,0.824,0.153,medium
Natural Disaster,27,0,1,reported,True,False,False,False,46665,44592,0.956,0.065,low
Collision,45,0,10,not_required,True,False,False,False,63431,61662,0.972,0.062,low
Other,56,0,3,reported,True,False,False,False,46089,45331,0.984,0.048,low
Natural Disaster,33,2,1,reported,True,False,False,False,136495,113605,0.832,0.139,medium
Vandalism,25,0,8,not_reported,True,False,False,False,84144,73110,0.869,0.125,high
Collision,26,0,5,reported,True,False,False,False,70658,77032,1.09,0.146,medium
Hail/Weather,43,0,7,not_required,True,True,False,True,111570,76229,0.683,0.139,medium
Vandalism,41,0,20,reported,False,False,False,False,68204,66840,0.98,0.031,high
Collision,18,2,8,not_reported,True,True,False,False,193590,192083,0.992,0.271,high
Vandalism,40,0,1,not_reported,True,True,False,True,72234,55399,0.767,0.068,low
Hail/Weather,61,0,0,not_required,True,False,False,False,48384,55396,1.145,0.068,low
Collision,22,1,11,reported,True,False,False,False,56984,61385,1.077,0.126,high
Vandalism,46,2,5,not_reported,True,True,False,True,86416,96281,1.114,0.127,high
Collision,35,0,2,reported,True,False,False,False,56006,43040,0.768,0.044,low
Collision,25,2,12,reported,True,False,False,False,132028,115253,0.873,0.087,high
Other,24,0,24,not_reported,True,True,False,True,80895,55163,0.682,0.087,high
Fire,72,0,2,reported,True,False,False,False,117129,91872,0.784,0.04,low
Natural Disaster,73,0,3,not_required,True,False,False,False,141354,109927,0.778,0.229,low
Collision,43,3,7,not_required,False,False,False,False,246544,239804,0.973,0.241,high
Fire,40,2,13,reported,True,False,False,False,66529,56892,0.855,0.132,high
Hail/Weather,43,1,5,not_required,True,True,False,True,290199,284395,0.98,0.496,high
Hit & Run,19,1,5,not_required,True,True,False,False,51897,41088,0.792,0.035,high
Collision,44,1,3,reported,True,False,False,False,52793,41573,0.787,0.055,low
Vandalism,36,2,5,not_reported,True,False,False,False,56283,45753,0.813,0.059,medium
Collision,39,1,1,reported,True,False,False,False,75877,72897,0.961,0.071,medium
Hit & Run,71,0,4,reported,True,False,False,False,99500,81147,0.816,0.066,high
Hail/Weather,33,1,1,not_required,True,False,False,False,59739,68489,1.146,0.089,low
Natural Disaster,65,0,5,not_required,True,False,False,False,165188,155425,0.941,0.255,medium
Collision,47,2,3,reported,True,False,False,False,234859,205924,0.877,0.185,medium
Natural Disaster,68,1,3,not_required,True,True,False,True,129408,113339,0.876,0.144,medium
Hail/Weather,25,1,1,reported,True,False,False,False,71597,61689,0.862,0.096,low
Hit & Run,23,1,10,reported,True,False,False,False,192230,221820,1.154,0.368,high
Other,37,0,5,not_reported,True,False,False,False,117634,91203,0.775,0.094,low
Theft,66,2,3,reported,True,False,False,False,70916,58652,0.827,0.056,medium
Fire,38,0,27,not_required,True,False,False,False,72055,61054,0.847,0.077,medium
Other,60,3,5,reported,True,False,False,False,66496,65166,0.98,0.072,high
Collision,39,0,2,reported,True,True,False,False,59792,41934,0.701,0.082,low
Other,50,2,3,not_reported,True,False,False,False,118470,123584,1.043,0.096,high
Theft,57,2,3,not_reported,True,True,False,True,49891,32548,0.652,0.04,high
Collision,25,1,7,reported,True,False,False,False,157267,160435,1.02,0.247,medium
Hail/Weather,33,0,5,not_required,True,False,False,False,80654,79041,0.98,0.139,low
Other,53,0,1,not_required,True,False,False,False,87383,74013,0.847,0.097,medium
Hit & Run,40,2,1,reported,True,True,False,True,11282,11738,1.04,0.008,high
Other,40,1,3,not_required,True,True,False,False,116420,85791,0.737,0.105,low
Collision,67,2,1,reported,True,True,False,True,64033,62752,0.98,0.05,medium
Fire,33,1,2,reported,True,False,False,False,223973,215858,0.964,0.397,high
Collision,70,0,17,reported,True,True,False,True,33941,29506,0.869,0.023,high
Hit & Run,62,1,3,not_required,False,True,False,False,336287,329561,0.98,0.473,high
Other,51,1,3,not_required,True,False,False,False,74692,49317,0.66,0.048,medium
Collision,34,0,4,not_reported,True,False,False,False,107311,99550,0.928,0.081,medium
Hail/Weather,25,0,11,not_required,True,False,False,False,274554,270897,0.987,0.11,medium
Vandalism,40,0,2,reported,True,True,False,False,339726,357195,1.051,0.269,medium
Vandalism,32,1,1,not_required,True,False,False,False,130330,116558,0.894,0.112,medium
Hit & Run,49,1,5,not_reported,True,False,False,False,208878,136052,0.651,0.199,medium
Other,23,1,0,reported,True,False,False,False,144987,128832,0.889,0.089,medium
Collision,47,2,4,not_required,True,True,False,True,51057,51610,1.011,0.09,high
Other,49,0,5,not_required,False,False,False,False,89134,85201,0.956,0.166,high
Theft,23,0,5,not_reported,True,False,False,False,86435,61747,0.714,0.094,high
Natural Disaster,52,2,1,not_required,True,False,False,False,148179,116451,0.786,0.197,medium
Hit & Run,41,1,4,reported,True,True,False,True,121812,95696,0.786,0.143,medium
Theft,44,2,3,reported,True,False,False,False,160205,163693,1.022,0.2,high
Hit & Run,43,3,13,not_reported,True,False,False,False,39311,33351,0.848,0.03,high
Collision,40,0,5,not_reported,True,True,False,False,58502,39873,0.682,0.043,low
Collision,35,0,2,reported,False,False,False,False,53606,53379,0.996,0.105,high
Hail/Weather,59,0,2,not_required,True,False,False,False,66066,62447,0.945,0.087,low
Theft,32,1,2,reported,True,False,False,False,208536,166462,0.798,0.246,medium
Theft,21,1,11,reported,True,True,False,True,88918,72830,0.819,0.065,high
Collision,18,1,1,reported,True,True,False,False,42280,35544,0.841,0.071,medium
Natural Disaster,43,0,11,not_required,True,True,False,True,223519,212324,0.95,0.381,medium
Fire,65,1,4,reported,True,True,False,True,81762,63828,0.781,0.126,medium
Hit & Run,50,0,4,reported,True,False,False,False,36317,30650,0.844,0.041,low
Collision,22,1,5,not_required,True,True,False,False,422129,283279,0.671,0.593,high
Collision,39,0,0,not_reported,True,False,False,False,77331,84830,1.097,0.077,low
Collision,52,1,0,not_required,True,True,False,False,200368,149304,0.745,0.232,medium
Collision,21,0,5,reported,True,True,False,False,47586,51787,1.088,0.063,medium
Theft,69,4,4,reported,True,False,False,False,69888,58673,0.84,0.101,high
Collision,38,0,2,reported,True,False,False,False,26878,21545,0.802,0.025,low
Natural Disaster,49,0,6,reported,True,False,False,False,120188,103003,0.857,0.087,low
Collision,42,1,0,reported,True,False,False,False,388044,380283,0.98,0.33,medium
Hail/Weather,18,1,1,reported,True,False,False,False,284229,189825,0.668,0.092,low
Hit & Run,39,0,3,reported,True,True,False,True,69118,67199,0.972,0.135,medium
Hit & Run,20,0,5,reported,True,False,False,False,50870,40363,0.793,0.053,high
Hail/Weather,25,1,1,reported,True,True,False,True,66334,53930,0.813,0.088,low
Collision,58,1,2,not_reported,True,False,False,False,109893,122724,1.117,0.219,medium
Other,46,0,5,reported,True,True,True,True,126986,114446,0.901,0.1,high
Natural Disaster,59,0,4,not_required,True,False,False,False,89434,66781,0.747,0.101,low
Theft,41,0,0,reported,True,True,False,True,58964,58609,0.994,0.049,medium
Fire,23,1,9,not_required,True,False,False,False,52997,56135,1.059,0.088,high
Collision,35,2,1,reported,False,False,False,False,135694,136263,1.004,0.193,high
Theft,25,1,3,reported,True,False,False,False,73432,74188,1.01,0.09,medium
Collision,44,3,29,reported,True,False,False,False,183476,120551,0.657,0.213,high
Hail/Weather,25,1,3,not_reported,True,False,False,False,96878,108767,1.123,0.177,medium
Collision,36,0,2,reported,True,False,False,False,61076,59854,0.98,0.108,low
Other,41,2,3,reported,True,False,False,False,45358,32832,0.724,0.024,low
Other,49,1,8,reported,True,True,False,True,85413,66798,0.782,0.056,medium
Hit & Run,37,0,4,reported,True,False,False,False,45649,47241,1.035,0.061,medium
Natural Disaster,56,0,3,reported,True,True,False,True,50443,59449,1.179,0.122,medium
Collision,36,1,11,reported,True,False,False,False,103202,85447,0.828,0.093,low
Collision,31,0,0,not_reported,True,False,False,False,51145,51325,1.004,0.049,medium
Theft,61,1,5,not_required,True,False,False,False,97809,56999,0.583,0.079,medium
Fire,62,0,12,reported,True,True,False,True,35425,33570,0.948,0.104,low
Hit & Run,69,3,4,reported,True,False,False,False,121461,88056,0.725,0.096,medium
Theft,33,1,10,reported,True,True,False,False,84411,79032,0.936,0.045,medium
Other,29,0,5,reported,True,False,False,False,95170,79306,0.833,0.102,low
Natural Disaster,40,0,0,not_reported,True,True,False,False,373209,230489,0.618,0.245,medium
Vandalism,40,1,0,reported,True,False,False,False,67970,51934,0.764,0.036,low
Vandalism,61,2,2,not_reported,True,False,False,False,154061,133882,0.869,0.088,high
Hail/Weather,36,1,3,not_required,True,False,False,False,76276,58517,0.767,0.046,low
Fire,22,1,6,reported,True,False,False,False,52467,37402,0.713,0.081,medium
Vandalism,50,2,12,not_reported,True,True,False,False,114962,87315,0.76,0.095,high
Collision,25,0,4,reported,True,True,True,True,89185,68420,0.767,0.13,medium
Hail/Weather,67,1,1,not_required,True,False,False,False,186317,163102,0.875,0.124,low
Hit & Run,41,0,3,reported,True,True,False,True,42465,32407,0.763,0.123,medium
Collision,54,3,1,reported,True,False,False,False,52930,39410,0.745,0.02,medium
Theft,54,1,3,reported,True,False,False,False,51895,50857,0.98,0.067,medium
Natural Disaster,48,0,10,not_reported,True,True,False,True,85043,46848,0.551,0.039,medium
Collision,74,1,4,reported,True,False,False,False,151353,124745,0.824,0.109,low
Collision,30,0,3,not_required,True,True,False,True,49984,45573,0.912,0.077,medium
Collision,48,0,5,reported,True,True,False,True,97034,101187,1.043,0.106,medium
Collision,48,1,0,not_required,True,False,False,False,53689,40838,0.761,0.054,low
Collision,43,5,2,not_reported,True,True,False,True,107357,90227,0.84,0.079,high
Natural Disaster,20,0,0,not_reported,True,False,False,False,35224,29285,0.831,0.029,low
Vandalism,61,0,8,not_required,True,False,False,False,55675,43296,0.778,0.026,low
Collision,37,0,3,reported,True,True,False,True,180159,175670,0.975,0.28,medium
Hit & Run,38,1,0,reported,True,True,True,True,79524,73563,0.925,0.132,medium
Other,62,1,2,not_required,True,False,False,False,75491,81530,1.08,0.055,medium
Hit & Run,25,1,4,reported,True,False,False,False,92475,101187,1.094,0.229,medium
Collision,71,0,0,reported,True,False,False,False,42360,28640,0.676,0.031,low
Fire,32,1,4,reported,True,False,False,False,28009,28142,1.005,0.023,low
Collision,38,0,4,not_reported,True,True,False,True,82527,80877,0.98,0.056,high
Hit & Run,23,2,2,reported,True,False,False,False,130284,131620,1.01,0.151,medium
Theft,30,0,5,reported,False,False,False,False,245556,208223,0.848,0.223,high
Collision,36,0,3,not_required,True,False,False,False,185184,195405,1.055,0.322,low
Collision,43,0,3,reported,True,False,False,False,263500,225613,0.856,0.298,low
Collision,34,0,14,not_reported,False,False,False,False,159099,119617,0.752,0.197,high
Theft,75,1,1,reported,True,False,False,False,32753,24728,0.755,0.012,low
Hail/Weather,71,2,7,not_required,True,False,False,False,65784,54426,0.827,0.031,medium
Theft,40,0,3,reported,True,False,False,False,47355,35390,0.747,0.074,low
Theft,41,1,5,reported,True,False,False,False,600000,647293,1.079,0.855,high
Hail/Weather,38,1,0,not_required,True,True,False,True,35349,30567,0.865,0.038,low
Collision,20,0,0,not_reported,True,True,False,False,108230,82778,0.765,0.085,medium
Theft,19,2,2,reported,True,False,False,False,61610,64677,1.05,0.137,high
Natural Disaster,47,0,10,not_required,True,True,False,True,155876,118253,0.759,0.188,medium
Hit & Run,38,1,8,reported,True,True,False,False,134028,100909,0.753,0.134,medium
Other,52,0,3,not_reported,True,False,False,False,39698,39596,0.997,0.03,low
Natural Disaster,36,0,1,not_required,True,False,False,False,61060,43115,0.706,0.05,low
Other,23,0,5,not_reported,True,False,False,False,103264,100753,0.976,0.148,medium
Collision,23,1,0,not_reported,True,False,False,False,67576,44983,0.666,0.05,medium
Collision,22,1,5,not_required,True,True,False,False,32801,31782,0.969,0.03,high
Other,53,1,27,reported,True,False,False,False,128644,106171,0.825,0.132,high
Collision,47,0,3,reported,False,False,False,False,130893,108346,0.828,0.347,high
Other,33,1,7,not_required,True,False,False,False,69164,64987,0.94,0.141,low
Theft,46,0,1,reported,True,False,False,False,220641,222716,1.009,0.366,low
Collision,26,2,3,reported,True,False,False,False,142670,139817,0.98,0.159,medium
Natural Disaster,33,0,1,not_required,True,True,False,True,92170,90326,0.98,0.072,medium
Collision,20,1,12,not_reported,True,False,False,False,78860,81219,1.03,0.098,high
Collision,35,2,2,not_reported,True,True,False,False,38102,34858,0.915,0.08,high
Theft,23,0,5,not_required,True,True,False,False,204706,220433,1.077,0.13,high
Vandalism,34,2,3,not_reported,True,False,False,False,140058,131013,0.935,0.065,high
Hail/Weather,45,0,1,reported,True,True,False,False,90480,88670,0.98,0.137,low
Fire,53,1,5,not_required,True,False,False,False,51998,52668,1.013,0.088,medium
Collision,41,2,2,not_required,True,True,False,True,171603,143694,0.837,0.085,medium
Hit & Run,28,2,0,reported,True,False,False,False,194087,162832,0.839,0.243,medium
Collision,38,0,2,not_reported,True,False,False,False,97944,110817,1.131,0.114,medium
Theft,62,2,4,reported,True,False,False,False,45629,50915,1.116,0.044,high
Hail/Weather,48,0,17,not_required,True,False,False,False,86270,79648,0.923,0.219,medium
Collision,21,1,0,not_reported,True,False,False,False,82400,75363,0.915,0.093,medium
Collision,33,1,1,not_reported,False,False,False,False,87576,92252,1.053,0.059,high
Vandalism,20,1,2,not_reported,True,False,False,False,89819,84467,0.94,0.096,medium
Collision,39,0,5,not_reported,True,False,False,False,18558,13530,0.729,0.027,medium
Natural Disaster,29,1,3,not_required,True,False,False,False,151354,152149,1.005,0.228,medium
Other,50,0,3,not_required,True,True,False,True,206065,178989,0.869,0.129,low
Theft,24,1,8,not_required,True,False,False,False,40309,42806,1.062,0.035,high
Vandalism,35,3,0,not_reported,True,False,False,False,78473,66080,0.842,0.108,high
Collision,37,2,4,not_required,True,False,False,False,199848,148581,0.743,0.109,medium
Vandalism,52,0,13,reported,True,False,False,False,133181,130612,0.981,0.149,medium
Collision,29,0,0,reported,True,True,False,False,215778,171799,0.796,0.21,low
Collision,25,5,12,not_required,True,True,False,True,221274,196735,0.889,0.129,high
Collision,37,2,14,reported,True,True,False,False,53780,49728,0.925,0.071,high
Collision,67,0,1,reported,True,True,True,False,99151,87557,0.883,0.057,medium
Natural Disaster,70,1,10,not_required,True,False,False,False,92463,70522,0.763,0.04,low
Theft,40,3,5,reported,True,False,False,False,76181,68698,0.902,0.095,high
Other,50,2,2,reported,True,False,False,False,191656,206375,1.077,0.146,low
Other,42,0,2,reported,True,False,False,False,84359,88960,1.055,0.065,medium
Vandalism,18,1,4,reported,True,False,False,False,35951,25255,0.702,0.016,medium
Collision,70,1,5,not_required,True,True,False,False,125833,106739,0.848,0.299,high
Collision,46,2,3,reported,False,False,False,False,54652,55194,1.01,0.05,high
Collision,73,2,5,reported,True,False,False,False,59159,62388,1.055,0.058,medium
Collision,30,0,10,reported,True,False,False,False,50696,37146,0.733,0.043,medium
Theft,34,1,3,reported,True,True,False,True,89284,62992,0.706,0.03,medium
Theft,28,0,0,reported,True,True,False,True,76949,63471,0.825,0.099,medium
Theft,23,2,24,reported,True,True,False,True,135818,109503,0.806,0.076,high
Collision,53,2,2,reported,True,True,True,True,85859,80719,0.94,0.08,high
Collision,18,3,13,not_reported,True,False,False,False,55861,49768,0.891,0.028,high
Theft,48,0,9,not_reported,True,False,False,False,89766,80505,0.897,0.083,high
Collision,75,0,3,not_required,True,False,False,False,35796,27212,0.76,0.026,low
Other,20,2,2,not_reported,True,True,False,True,111476,110080,0.987,0.084,high
Other,63,2,3,reported,True,False,False,False,52687,35100,0.666,0.045,low
Theft,35,0,11,reported,True,True,False,True,51323,49412,0.963,0.077,medium
Hail/Weather,20,1,0,not_required,True,True,False,True,32345,22711,0.702,0.03,medium
Hit & Run,28,0,13,reported,True,False,False,False,135578,110068,0.812,0.152,low
Theft,41,0,12,not_required,True,False,False,False,348484,304866,0.875,0.528,high
Collision,39,4,12,not_reported,True,False,False,False,52853,51796,0.98,0.071,high
Natural Disaster,44,0,4,not_required,False,False,False,False,233797,215796,0.923,0.348,medium
Natural Disaster,22,1,5,reported,True,False,False,False,42828,44013,1.028,0.054,low
Hit & Run,27,0,5,not_reported,True,False,False,False,151164,153138,1.013,0.231,high
Collision,46,2,6,not_required,True,True,False,True,570349,529369,0.928,0.693,high
Collision,50,2,16,not_required,True,False,False,False,97130,97293,1.002,0.153,high
Collision,23,1,7,reported,True,False,False,False,62432,51539,0.826,0.053,low
Hit & Run,45,3,1,reported,True,False,False,False,62444,58130,0.931,0.031,high
Theft,67,1,5,reported,True,False,False,False,70038,58367,0.833,0.045,medium
Vandalism,36,3,0,not_required,False,True,False,True,74930,80924,1.08,0.035,high
Collision,58,3,10,reported,True,True,False,True,120800,116666,0.966,0.167,high
Vandalism,67,0,3,not_required,True,False,False,False,132573,106313,0.802,0.07,low
Collision,43,1,2,reported,True,False,False,False,73671,77250,1.049,0.065,low
Other,43,3,17,not_reported,True,False,False,False,228382,193877,0.849,0.102,high
Other,25,0,5,not_reported,True,False,False,False,208089,156315,0.751,0.273,medium
Collision,33,1,3,reported,True,False,False,False,137443,89412,0.651,0.098,low
Collision,34,0,1,not_reported,True,True,False,True,102921,86376,0.839,0.14,medium
Hail/Weather,64,2,2,not_required,True,True,False,False,72267,68812,0.952,0.043,high
Collision,28,0,1,not_reported,False,False,False,False,123229,111623,0.906,0.129,high
Collision,55,0,13,reported,True,False,False,False,116764,83212,0.713,0.099,low
Hail/Weather,19,1,0,not_required,False,False,False,False,57493,41369,0.72,0.069,high
Hail/Weather,34,1,11,not_required,True,False,False,False,71595,62792,0.877,0.047,medium
Vandalism,40,1,3,not_reported,True,False,False,False,44219,44365,1.003,0.094,low
Theft,23,1,12,reported,True,True,False,False,147244,96526,0.656,0.118,medium
Vandalism,46,0,1,not_reported,True,True,True,False,223181,149772,0.671,0.185,medium
Collision,55,0,11,not_reported,True,False,False,False,49735,48740,0.98,0.053,high
Vandalism,35,0,8,not_reported,True,False,False,False,113887,73204,0.643,0.052,medium
Fire,46,2,5,reported,True,True,False,True,21479,17680,0.823,0.03,high
Theft,50,1,2,reported,True,False,False,False,52220,36853,0.706,0.04,low
Theft,49,0,14,reported,True,False,False,False,43559,33481,0.769,0.028,high
Hit & Run,24,2,4,not_reported,True,False,False,False,49979,39553,0.791,0.075,high
Natural Disaster,71,1,4,reported,False,False,False,False,63848,62658,0.981,0.079,high
Collision,39,1,5,not_reported,True,False,False,False,85996,67102,0.78,0.067,medium
Theft,40,2,4,reported,True,True,False,False,30367,27204,0.896,0.043,high
Collision,69,2,1,reported,True,False,False,False,35084,27050,0.771,0.062,low
Other,49,1,2,not_required,True,False,False,False,54533,50170,0.92,0.056,medium
Collision,47,1,14,not_required,True,True,True,True,37927,29548,0.779,0.039,high
Theft,25,1,10,reported,True,False,False,False,150515,149061,0.99,0.139,high
Collision,54,0,3,reported,True,True,False,True,517400,451912,0.873,0.451,low
Collision,46,2,0,reported,True,True,False,False,96039,76875,0.8,0.145,low
Collision,74,0,5,not_required,True,False,False,False,92502,75884,0.82,0.063,low
Collision,24,1,0,reported,True,False,False,False,324710,358347,1.104,0.35,medium
Theft,64,2,2,reported,True,False,False,False,147357,112494,0.763,0.106,medium
Vandalism,37,0,5,not_reported,True,False,False,False,42127,28304,0.672,0.039,low
Hit & Run,39,1,5,reported,True,True,False,True,138732,126077,0.909,0.194,high
Theft,48,1,0,reported,True,True,False,False,96133,109593,1.14,0.138,high
Collision,25,2,5,reported,True,False,False,False,173314,146485,0.845,0.115,low
Collision,38,0,4,reported,True,True,False,False,65488,55320,0.845,0.169,low
Collision,24,1,3,not_reported,False,True,False,True,49067,45759,0.933,0.079,high
Theft,43,1,5,not_required,True,False,False,False,49534,49931,1.008,0.064,medium
Vandalism,49,1,0,reported,True,True,False,False,108204,110951,1.025,0.215,medium
Fire,31,0,0,not_required,True,False,False,False,238855,160444,0.672,0.265,low
Other,23,2,2,not_reported,True,False,False,False,218039,148724,0.682,0.109,high
Collision,21,0,0,reported,True,False,False,False,35945,37929,1.055,0.031,low
Collision,42,1,12,not_required,True,True,False,True,48216,41217,0.855,0.105,high
Hit & Run,24,1,0,reported,True,False,False,False,600000,497342,0.829,0.29,low
Collision,38,2,13,not_required,True,False,False,False,84192,73287,0.87,0.17,medium
Fire,48,0,4,reported,True,True,False,False,148885,147925,0.994,0.23,medium
Hail/Weather,18,1,5,not_required,True,False,False,False,174851,171691,0.982,0.15,low
Fire,75,0,3,not_required,True,True,False,False,50266,41155,0.819,0.03,low
Other,27,0,5,reported,True,False,False,False,55130,48674,0.883,0.064,low
Hit & Run,39,0,10,reported,True,True,False,True,128519,87979,0.685,0.068,medium
Theft,68,0,2,reported,True,False,False,False,122053,106652,0.874,0.141,low
Collision,41,1,3,reported,True,False,False,False,30118,29386,0.976,0.056,low
Fire,26,0,0,reported,True,True,True,False,140192,108603,0.775,0.097,medium
Collision,32,0,3,reported,True,False,False,False,23311,16237,0.697,0.009,low
Hit & Run,48,1,1,reported,True,True,False,True,330942,275360,0.832,0.821,high
Collision,29,0,1,reported,True,False,False,False,140619,111762,0.795,0.075,low
Hit & Run,43,2,3,reported,True,False,False,False,210607,193232,0.917,0.293,high
Collision,23,3,14,reported,True,True,False,False,114719,118965,1.037,0.18,high
Vandalism,34,1,4,reported,True,True,True,False,143133,120070,0.839,0.147,high
Collision,49,1,1,not_required,True,True,False,True,210839,206622,0.98,0.549,high
Other,57,1,30,reported,True,False,False,False,29778,21845,0.734,0.019,medium
Collision,41,1,0,not_required,True,True,False,False,142312,87515,0.615,0.07,low
Hit & Run,74,1,2,reported,True,False,False,False,52622,54563,1.037,0.051,high
Hit & Run,46,1,6,reported,False,True,False,False,103560,81612,0.788,0.045,high
Natural Disaster,62,0,3,not_required,True,False,False,False,59095,44238,0.749,0.039,low
Other,41,0,3,not_reported,True,False,False,False,89523,84487,0.944,0.06,medium
Collision,25,1,1,reported,True,False,False,False,78888,48781,0.618,0.045,low
Vandalism,43,2,5,not_required,True,False,False,False,68712,62848,0.915,0.062,medium
Vandalism,72,0,3,not_reported,False,True,False,True,222375,181861,0.818,0.156,high
Vandalism,47,3,5,reported,True,True,False,False,57119,58584,1.026,0.055,high
Theft,34,1,3,reported,True,False,False,False,59377,64074,1.079,0.054,medium
Natural Disaster,18,0,3,not_required,False,True,False,True,141856,120937,0.853,0.249,high
Other,51,1,8,reported,True,False,False,False,54978,55528,1.01,0.028,low
Theft,70,2,4,reported,True,False,False,False,147086,155894,1.06,0.127,high
Collision,37,1,1,reported,True,False,False,False,54628,44907,0.822,0.045,low
Vandalism,43,1,19,reported,True,False,False,False,130366,98857,0.758,0.08,medium
Theft,35,1,1,reported,True,False,False,False,176764,145499,0.823,0.35,high
Hail/Weather,25,0,8,reported,True,False,False,False,64230,38884,0.605,0.031,low
Collision,53,1,5,reported,True,True,False,True,241164,171952,0.713,0.221,low
Collision,20,1,13,reported,True,False,False,False,91667,95911,1.046,0.111,medium
Vandalism,51,4,5,not_reported,True,False,False,False,43788,29514,0.674,0.057,high
Theft,39,1,3,not_reported,True,False,False,False,117399,116018,0.988,0.147,high
Collision,38,1,4,reported,True,False,False,False,109186,76541,0.701,0.056,low
Collision,64,0,3,reported,True,True,False,True,62067,42858,0.691,0.094,low
Other,42,1,5,reported,True,False,False,False,118204,117521,0.994,0.05,medium
Collision,55,2,0,not_reported,True,False,False,False,84667,68445,0.808,0.041,high
Collision,22,0,1,reported,True,True,False,True,81529,79606,0.976,0.153,medium
Natural Disaster,29,0,3,not_required,True,True,True,False,266042,237903,0.894,0.277,medium
Fire,27,1,5,not_required,True,False,False,False,185959,174088,0.936,0.215,medium
Natural Disaster,21,1,23,not_required,True,True,False,True,52121,54706,1.05,0.079,high
Collision,26,4,3,reported,True,True,False,True,59201,46428,0.784,0.033,high
Hail/Weather,47,2,1,not_reported,True,True,False,True,171552,125696,0.733,0.196,high
Hit & Run,41,1,5,reported,True,False,False,False,48773,29309,0.601,0.029,medium
Hail/Weather,33,2,13,not_required,True,False,False,False,63422,65894,1.039,0.065,medium
Theft,23,0,0,not_required,True,False,False,False,88804,64205,0.723,0.115,low
Collision,39,1,5,not_reported,True,False,False,False,77666,46875,0.604,0.088,medium
Other,37,3,3,not_required,True,False,False,False,66904,65566,0.98,0.1,high
Theft,75,1,0,reported,False,True,False,False,74035,48735,0.658,0.036,high
Theft,22,1,11,reported,False,False,False,False,74729,62499,0.836,0.164,high
Natural Disaster,47,2,0,reported,True,True,False,True,66542,56923,0.855,0.091,medium
Other,45,1,1,reported,True,False,False,False,71171,69747,0.98,0.082,low
Other,43,1,1,not_reported,True,True,False,True,120934,103283,0.854,0.2,medium
Hail/Weather,33,1,4,reported,True,True,True,True,39025,36389,0.932,0.051,high
Vandalism,69,0,3,reported,True,False,False,False,131893,122249,0.927,0.081,low
Collision,22,1,0,reported,True,False,False,False,132624,118677,0.895,0.346,medium
Collision,24,0,3,not_required,True,True,False,True,53258,47819,0.898,0.038,medium
Collision,39,0,8,reported,True,True,False,True,102828,79090,0.769,0.053,medium
Other,54,4,4,not_reported,True,False,False,False,124271,133139,1.071,0.149,high
Collision,65,0,4,reported,True,False,False,False,42303,40344,0.954,0.055,low
Natural Disaster,43,0,11,not_required,True,False,False,False,29389,23829,0.811,0.029,low
Collision,52,0,1,reported,True,False,False,False,45378,51841,1.142,0.049,low
Fire,19,0,2,not_required,True,False,False,False,98373,78021,0.793,0.131,low
Collision,18,0,1,reported,True,False,False,False,84271,87100,1.034,0.077,low
Collision,43,0,5,reported,True,False,False,False,71078,51460,0.724,0.067,low
Hail/Weather,55,0,1,reported,True,False,False,False,59566,42015,0.705,0.059,low
Vandalism,20,0,5,reported,True,True,False,True,63642,52704,0.828,0.125,medium
Hit & Run,68,1,2,reported,True,False,False,False,205887,135810,0.66,0.115,medium
Theft,42,0,0,reported,True,False,False,False,60787,48352,0.795,0.048,low
Vandalism,41,1,10,reported,True,False,False,False,600000,424978,0.708,0.246,medium
Natural Disaster,50,0,2,not_reported,True,False,False,False,119096,77822,0.653,0.106,low
Collision,22,1,3,reported,True,True,False,True,56684,58558,1.033,0.077,low
Other,45,2,11,not_reported,True,False,False,False,62331,46152,0.74,0.027,high
Fire,40,1,0,not_reported,True,False,False,False,35336,28820,0.816,0.039,high
Collision,20,0,4,reported,True,False,False,False,244831,215150,0.879,0.175,low
Hit & Run,55,2,2,not_reported,True,False,False,False,66598,67260,1.01,0.058,high
Collision,19,0,0,reported,True,False,False,False,91608,94982,1.037,0.145,low
Other,36,2,2,not_required,True,False,False,False,24916,17781,0.714,0.031,medium
Collision,65,1,5,reported,True,True,False,True,121771,121170,0.995,0.115,medium
Natural Disaster,34,1,4,not_required,True,True,False,False,90817,80887,0.891,0.267,high
Natural Disaster,34,2,2,reported,True,True,False,False,49239,39458,0.801,0.053,low
Fire,60,1,4,reported,True,True,False,True,124927,106566,0.853,0.066,medium
Collision,42,2,3,reported,True,False,False,False,81111,56461,0.696,0.069,low
Vandalism,57,0,27,not_required,True,False,False,False,69195,55115,0.797,0.075,medium
Other,74,0,3,not_reported,True,False,False,False,247026,241783,0.979,0.244,medium
Theft,42,0,5,reported,True,False,False,False,88020,85268,0.969,0.082,medium
Collision,44,2,0,not_reported,True,False,False,False,61597,66354,1.077,0.109,high
Collision,22,1,0,reported,True,False,False,False,72559,42638,0.588,0.075,low
Theft,37,1,1,reported,True,False,False,False,102541,105039,1.024,0.076,medium
Other,25,2,4,not_required,True,False,False,False,45180,49183,1.089,0.036,medium
Collision,22,1,0,not_reported,True,False,False,False,86376,65835,0.762,0.046,low
Theft,34,3,0,reported,True,False,False,False,82105,59608,0.726,0.073,high
Collision,49,1,5,reported,True,True,False,False,79875,63827,0.799,0.074,medium
Other,25,0,18,reported,True,False,False,False,33206,35788,1.078,0.067,low
Vandalism,49,1,2,not_required,True,False,False,False,155009,167946,1.083,0.309,medium
Theft,45,0,2,not_reported,True,False,False,False,187328,135726,0.725,0.233,low
Collision,48,2,4,reported,True,False,False,False,139965,145288,1.038,0.25,high
Hit & Run,41,1,4,reported,True,False,False,False,85141,77651,0.912,0.142,low
Collision,36,0,25,reported,True,False,False,False,29120,20520,0.705,0.036,high
Other,62,0,0,reported,False,False,False,False,73692,55859,0.758,0.062,medium
Natural Disaster,31,0,0,reported,True,False,False,False,23304,22359,0.959,0.017,low
Theft,45,0,0,reported,True,False,False,False,24039,18278,0.76,0.03,low
Hit & Run,48,1,1,reported,True,True,True,True,105043,90187,0.859,0.124,medium
Other,53,1,2,not_required,True,True,False,True,113570,98670,0.869,0.136,medium
Collision,18,3,1,reported,True,False,False,False,48682,44542,0.915,0.062,medium
Collision,34,0,5,not_reported,True,False,False,False,39220,42104,1.074,0.071,medium
Collision,31,1,6,not_reported,True,True,False,False,72098,74651,1.035,0.183,high
Fire,61,1,3,reported,True,False,False,False,37719,21245,0.563,0.036,low
Hit & Run,39,0,4,reported,True,True,True,True,104948,88448,0.843,0.114,high
Hail/Weather,72,0,3,not_reported,True,True,False,False,290204,265621,0.915,0.116,low
Collision,29,0,5,reported,True,False,False,False,198618,128546,0.647,0.1,low
Other,63,2,4,not_reported,True,False,False,False,165514,161839,0.978,0.117,high
Collision,29,0,14,reported,True,False,False,False,136282,133556,0.98,0.395,medium
Collision,53,0,3,reported,True,True,False,True,65903,49563,0.752,0.067,low
Theft,38,1,2,reported,True,False,False,False,138816,124795,0.899,0.226,medium
Natural Disaster,41,1,14,not_required,True,False,False,False,44731,39441,0.882,0.039,low
Hail/Weather,25,1,2,not_required,True,True,False,True,48472,30977,0.639,0.036,low
Hit & Run,25,0,5,reported,True,True,False,True,38023,27226,0.716,0.034,medium
Theft,18,0,7,reported,True,True,False,True,26264,22234,0.847,0.024,high
Collision,41,0,0,reported,True,False,False,False,136413,115936,0.85,0.099,low
Hit & Run,33,2,15,reported,True,True,False,True,42819,36436,0.851,0.057,high
Collision,69,0,3,reported,True,True,True,False,137721,105833,0.768,0.073,low
Hit & Run,38,0,23,not_required,True,False,False,False,43843,42964,0.98,0.042,high
Hit & Run,20,0,3,not_reported,True,False,False,False,82643,61780,0.748,0.056,medium
Collision,36,1,7,not_required,True,False,False,False,180540,200462,1.11,0.218,high
Collision,21,0,5,reported,True,False,False,False,58674,41005,0.699,0.124,low
Collision,25,0,2,not_reported,True,True,False,True,41240,31040,0.753,0.083,medium
Collision,18,0,8,reported,True,False,False,False,45726,34965,0.765,0.046,low
Collision,62,2,1,not_required,True,False,False,False,88118,71266,0.809,0.058,medium
Collision,43,1,12,reported,True,False,False,False,157573,109763,0.697,0.104,medium
Collision,44,0,29,reported,True,False,False,False,98710,83553,0.846,0.064,low
Other,47,2,2,reported,True,False,False,False,44309,32348,0.73,0.045,low
Vandalism,22,2,3,not_required,True,False,False,False,103098,109025,1.057,0.129,high
Hail/Weather,41,0,1,not_required,True,True,False,False,81221,74708,0.92,0.071,low
Collision,45,1,0,reported,True,False,False,False,113164,110901,0.98,0.174,low
Theft,22,0,24,reported,True,False,False,False,149248,118916,0.797,0.139,high
Collision,19,0,3,reported,False,False,False,False,41806,36300,0.868,0.029,high
Other,22,0,21,not_reported,True,True,False,False,238891,206507,0.864,0.405,high
Theft,38,0,3,not_required,True,False,False,False,256124,187473,0.732,0.075,low
Hail/Weather,26,0,0,not_reported,True,True,False,False,114253,80553,0.705,0.08,low
Collision,30,1,9,reported,True,False,False,False,175261,171450,0.978,0.148,low
Collision,25,1,2,reported,True,False,False,False,57909,47207,0.815,0.065,medium
Hit & Run,31,1,7,reported,True,False,False,False,36977,29275,0.792,0.029,medium
Collision,33,1,1,reported,True,False,False,False,40343,41213,1.022,0.025,medium
Collision,41,0,3,reported,False,False,False,False,91568,59592,0.651,0.075,medium
Collision,18,0,7,reported,True,False,False,False,198544,174683,0.88,0.204,low
Vandalism,74,2,11,reported,True,False,False,False,60414,57211,0.947,0.063,medium
Hail/Weather,48,1,6,not_required,True,True,False,True,131543,107200,0.815,0.179,low
Hit & Run,47,1,6,reported,True,False,False,False,123113,87734,0.713,0.094,medium
Collision,39,1,5,reported,True,True,False,False,132950,120626,0.907,0.153,medium
Vandalism,35,0,2,not_reported,True,False,False,False,60382,52885,0.876,0.067,low
Theft,26,0,0,reported,True,False,False,False,213837,207147,0.969,0.277,high
Collision,69,0,4,reported,True,True,False,True,109748,76784,0.7,0.104,medium
Natural Disaster,43,0,9,reported,True,False,False,False,98701,97028,0.983,0.142,low
Natural Disaster,41,0,1,not_required,True,True,True,True,63791,59280,0.929,0.141,high
Natural Disaster,31,2,4,reported,True,False,False,False,172310,141650,0.822,0.137,low
Theft,52,0,3,reported,True,False,False,False,45639,37858,0.83,0.035,low
Collision,68,0,5,reported,True,False,False,False,82172,49648,0.604,0.068,low
Vandalism,66,0,5,not_reported,True,True,False,False,38220,39102,1.023,0.032,medium
Hit & Run,38,2,2,reported,True,False,False,False,74393,61005,0.82,0.108,medium
Theft,52,1,5,reported,True,False,False,False,151890,156386,1.03,0.203,medium
Natural Disaster,31,1,0,not_reported,True,False,False,False,25980,24654,0.949,0.021,medium
Collision,61,2,16,reported,True,True,False,True,93711,87039,0.929,0.141,high
Hail/Weather,50,0,0,not_required,True,False,False,False,218124,213492,0.979,0.118,low
Collision,32,0,30,not_required,True,False,False,False,90306,102660,1.137,0.108,medium
Hail/Weather,66,1,7,not_reported,True,True,False,True,96795,71983,0.744,0.113,high
Hit & Run,25,0,9,reported,True,False,False,False,38684,28556,0.738,0.022,medium
Vandalism,25,3,4,reported,True,True,False,True,48120,38442,0.799,0.032,high
Theft,53,0,9,reported,True,False,False,False,419006,320367,0.765,0.287,medium
Collision,43,0,10,reported,True,False,False,False,174720,180069,1.031,0.344,medium
Hail/Weather,21,0,12,not_required,True,False,False,False,204488,166814,0.816,0.17,medium
Collision,22,0,22,reported,True,False,False,False,40638,33422,0.822,0.058,medium
Collision,43,0,1,reported,True,True,True,True,129603,111858,0.863,0.295,medium
Hit & Run,35,0,1,reported,True,False,False,False,23773,21189,0.891,0.041,low
Natural Disaster,45,1,4,reported,False,False,False,False,118848,115015,0.968,0.137,medium
Hail/Weather,49,1,0,not_required,True,False,False,False,169383,173911,1.027,0.096,low
Theft,25,2,5,reported,True,False,False,False,79421,62864,0.792,0.119,high
Theft,21,0,8,reported,False,False,False,False,84737,59685,0.704,0.038,high
Fire,30,2,11,not_required,True,False,False,False,182986,171445,0.937,0.339,high
Hit & Run,30,1,1,not_required,True,True,False,False,71488,70059,0.98,0.069,high
Hail/Weather,22,1,4,reported,True,False,False,False,64861,44561,0.687,0.08,low
Natural Disaster,20,1,3,not_required,True,True,False,True,359055,209021,0.582,0.21,high
Vandalism,37,2,4,not_reported,True,False,False,False,85458,72897,0.853,0.05,high
Vandalism,72,0,12,not_reported,True,True,False,True,123180,93289,0.757,0.058,high
Other,25,1,1,not_reported,True,False,False,False,106590,111670,1.048,0.131,high
Collision,42,1,14,reported,True,False,False,False,393459,353124,0.897,0.263,low
Theft,23,0,2,reported,True,False,False,False,89917,94844,1.055,0.106,low
Theft,41,0,16,not_reported,True,False,False,False,112067,90042,0.803,0.17,high
Natural Disaster,25,0,5,reported,True,True,False,False,73364,71897,0.98,0.084,low
Collision,46,1,13,not_required,True,False,False,False,80129,73352,0.915,0.052,high
Collision,25,3,1,not_reported,True,True,False,True,71441,61831,0.865,0.047,high
Collision,60,1,3,reported,True,False,False,False,237325,157081,0.662,0.255,low
Theft,41,0,2,not_reported,True,False,False,False,64292,69265,1.077,0.074,medium
Theft,69,1,4,reported,True,True,False,True,313131,318083,1.016,0.228,high
Other,59,3,0,reported,True,True,False,True,129516,111757,0.863,0.127,medium
Hail/Weather,50,1,9,not_required,True,True,False,False,83893,75949,0.905,0.094,medium
Fire,36,1,5,reported,True,False,False,False,71620,44937,0.627,0.051,low
Collision,48,0,6,reported,True,True,False,True,123822,87536,0.707,0.085,low
Natural Disaster,32,1,9,not_reported,True,False,False,False,105269,85346,0.811,0.08,medium
Natural Disaster,63,3,2,reported,True,False,False,False,98800,107675,1.09,0.108,medium
Collision,55,1,2,not_required,True,False,False,False,101952,100910,0.99,0.106,medium
Hail/Weather,25,1,0,not_required,True,True,False,True,163517,133779,0.818,0.151,high
Other,23,0,3,not_required,True,False,False,False,391875,294818,0.752,0.375,low
Hit & Run,49,0,6,not_reported,True,False,False,False,41728,46466,1.114,0.072,high
Collision,31,0,2,not_required,True,True,False,True,104810,89324,0.852,0.253,medium
Hail/Weather,43,1,1,not_reported,True,True,False,False,91313,65626,0.719,0.099,low
Collision,33,2,23,reported,True,False,False,False,169646,122971,0.725,0.212,high
Fire,54,1,6,not_required,True,True,False,True,113489,87341,0.77,0.067,medium
Collision,51,0,5,not_reported,True,False,False,False,158465,168819,1.065,0.203,high
Hail/Weather,42,2,4,not_required,True,False,False,False,36693,25440,0.693,0.045,low
Hail/Weather,43,3,10,not_required,True,False,False,False,96780,87915,0.908,0.085,high
Other,41,0,0,reported,True,False,False,False,113429,94121,0.83,0.095,low
Natural Disaster,46,0,4,reported,True,True,False,True,48404,39895,0.824,0.049,low
Hit & Run,38,1,4,not_required,True,False,False,False,133651,119917,0.897,0.092,medium
Other,29,1,2,not_required,True,False,False,False,48839,39918,0.817,0.063,low
Natural Disaster,30,2,3,not_required,True,False,False,False,164087,143584,0.875,0.141,medium
Collision,39,0,3,reported,True,True,False,False,32538,27381,0.842,0.035,low
Other,33,0,3,not_required,True,False,False,False,158772,134431,0.847,0.184,low
Collision,61,1,24,reported,True,False,False,False,46145,37915,0.822,0.067,high
Collision,46,3,4,reported,True,False,False,False,89115,63799,0.716,0.218,medium
Hit & Run,46,1,1,reported,True,False,False,False,38301,41102,1.073,0.068,medium
Hit & Run,25,0,5,reported,True,False,False,False,101858,97892,0.961,0.101,high
Hail/Weather,34,0,3,reported,False,False,False,False,54588,55986,1.026,0.079,medium
Hail/Weather,44,1,4,not_required,True,True,False,False,86009,61506,0.715,0.089,medium
Other,62,2,1,reported,True,False,False,False,130586,122823,0.941,0.064,medium
Collision,66,1,3,reported,True,False,False,False,45423,32609,0.718,0.045,low
Hit & Run,47,1,5,reported,True,False,False,False,39146,38142,0.974,0.028,high
Collision,69,0,10,reported,True,False,False,False,135134,126167,0.934,0.163,low
Collision,27,0,0,not_required,True,False,False,False,130958,86332,0.659,0.043,low
Fire,19,0,6,not_required,True,True,False,True,187507,185679,0.99,0.285,high
Collision,39,0,2,reported,True,False,False,False,58896,54174,0.92,0.038,low
Collision,39,0,8,not_reported,True,False,False,False,49273,50556,1.026,0.026,high
Vandalism,46,1,5,reported,False,False,False,False,66812,60584,0.907,0.07,high
Theft,74,1,0,reported,True,False,False,False,89257,65061,0.729,0.151,low
Collision,41,2,5,reported,False,False,False,False,45903,34747,0.757,0.094,high
Vandalism,40,0,6,not_reported,True,True,False,True,186859,140107,0.75,0.191,medium
Other,24,1,1,reported,True,True,False,False,210663,206449,0.98,0.277,medium
Collision,28,1,0,reported,True,False,False,False,72102,85474,1.185,0.118,medium
Other,31,0,7,not_reported,True,False,False,False,161628,164589,1.018,0.172,medium
Collision,24,0,5,not_required,True,False,False,False,230500,176062,0.764,0.179,medium
Collision,27,2,2,not_required,True,False,False,False,123453,89367,0.724,0.078,low
Vandalism,53,1,3,not_reported,True,True,True,True,71032,41981,0.591,0.023,high
Other,25,0,2,not_required,True,False,False,False,29149,18598,0.638,0.008,low
Hail/Weather,25,0,7,not_required,True,True,False,False,154594,160858,1.041,0.215,medium
Vandalism,44,1,3,reported,True,True,False,False,32183,23014,0.715,0.024,low
Collision,25,1,5,not_required,True,True,False,True,141846,103191,0.727,0.177,medium
Hail/Weather,37,0,0,reported,True,False,False,False,48970,52860,1.079,0.085,low
Vandalism,39,1,2,reported,True,True,False,True,167298,163952,0.98,0.101,high
Collision,37,0,16,reported,True,False,False,False,62365,37568,0.602,0.054,low
Collision,55,1,13,reported,True,False,False,False,86219,66103,0.767,0.14,low
Vandalism,44,1,5,not_required,True,True,False,True,253723,244623,0.964,0.378,high
Collision,54,2,2,reported,True,True,False,False,57913,41869,0.723,0.04,low
Hit & Run,53,0,1,not_reported,True,True,False,True,63714,48575,0.762,0.077,medium
Natural Disaster,47,0,11,not_required,False,False,False,False,101007,87605,0.867,0.163,high
Hail/Weather,32,0,9,reported,True,False,False,False,46582,42856,0.92,0.045,low
Collision,39,0,1,reported,True,False,False,False,145874,129393,0.887,0.12,low
Theft,33,1,1,reported,True,True,False,False,111533,94952,0.851,0.083,medium
Collision,34,0,11,not_reported,True,False,False,False,47011,46071,0.98,0.027,high
Fire,61,2,4,reported,True,False,False,False,105500,78174,0.741,0.1,high
Hit & Run,39,2,3,reported,True,False,False,False,74697,65581,0.878,0.086,medium
Vandalism,27,1,5,not_reported,True,False,False,False,42417,32295,0.761,0.021,medium
Collision,41,0,1,not_reported,True,True,False,True,149470,151638,1.015,0.168,medium
Collision,23,1,5,reported,True,False,False,False,69570,74491,1.071,0.062,medium
Vandalism,41,0,11,reported,True,True,False,True,101172,71330,0.705,0.054,medium
Hail/Weather,61,3,0,not_required,True,True,False,True,64126,64920,1.012,0.121,high
Hit & Run,20,0,3,reported,True,False,False,False,124975,122475,0.98,0.084,low
Hit & Run,38,0,13,reported,True,False,False,False,36114,25841,0.716,0.02,medium
Collision,75,2,12,reported,True,False,False,False,36282,25081,0.691,0.031,medium
Collision,54,1,1,reported,True,True,True,True,45268,50631,1.118,0.039,high
Collision,50,2,3,reported,True,False,False,False,132147,131864,0.998,0.166,high
Theft,25,0,3,reported,True,False,False,False,89229,84875,0.951,0.135,medium
Theft,72,1,5,reported,True,False,False,False,143359,121244,0.846,0.174,medium
Fire,70,2,10,reported,True,True,False,True,78839,55608,0.705,0.043,medium
Collision,67,0,13,reported,False,False,False,False,69651,61838,0.888,0.036,high
Collision,68,0,1,reported,True,True,False,False,60466,41423,0.685,0.053,low
Collision,38,0,2,reported,True,False,False,False,81851,85579,1.046,0.229,low
Vandalism,42,2,2,not_reported,True,False,False,False,64172,50956,0.794,0.038,medium
Other,41,0,10,not_required,True,False,False,False,124092,121768,0.981,0.216,medium
Vandalism,37,0,4,not_reported,True,True,False,True,210361,166018,0.789,0.286,medium
Vandalism,25,0,1,not_reported,True,True,False,False,130356,109922,0.843,0.149,medium
Theft,71,1,12,reported,True,False,False,False,47497,43130,0.908,0.066,high
Hit & Run,25,1,14,not_reported,True,False,False,False,116178,91274,0.786,0.07,high
Collision,42,0,14,reported,True,True,False,True,63279,58112,0.918,0.065,medium
Hail/Weather,26,2,4,not_required,True,False,False,False,52784,45988,0.871,0.073,low
Other,33,0,24,reported,True,False,False,False,73015,55416,0.759,0.036,low
Hail/Weather,62,3,5,not_required,True,True,False,True,187076,191440,1.023,0.32,high
Natural Disaster,27,0,3,reported,True,False,False,False,28029,21412,0.764,0.07,low
Theft,62,2,0,reported,True,False,False,False,140353,91926,0.655,0.134,low
Natural Disaster,74,0,3,not_required,True,True,True,True,36010,35290,0.98,0.036,high
Collision,69,0,4,not_reported,True,False,False,False,25323,15084,0.596,0.011,low
Hit & Run,42,2,4,reported,True,True,False,False,77850,56372,0.724,0.07,medium
Collision,46,0,9,not_required,True,False,False,False,69509,54359,0.782,0.044,medium
Hail/Weather,60,0,5,reported,True,False,False,False,288998,215429,0.745,0.291,low
Hit & Run,40,1,5,reported,True,True,False,True,95989,85969,0.896,0.13,high
Theft,25,0,24,reported,True,False,False,False,98941,93332,0.943,0.097,high
Collision,47,0,2,reported,True,False,False,False,32031,17897,0.559,0.019,low
Collision,38,0,0,reported,True,False,False,False,101970,86768,0.851,0.285,low
Hit & Run,37,1,5,reported,True,True,True,True,39352,44446,1.129,0.115,high
Vandalism,18,3,3,not_reported,True,False,False,False,187380,206599,1.103,0.364,high
Theft,55,1,5,reported,True,False,False,False,52866,43644,0.826,0.083,medium
Hit & Run,33,0,5,not_reported,True,False,False,False,37755,29080,0.77,0.048,high
Collision,35,0,10,reported,True,True,False,False,116133,88109,0.759,0.101,medium
Natural Disaster,41,1,8,not_required,True,False,False,False,85148,61040,0.717,0.055,low
Collision,37,0,14,reported,True,False,False,False,77807,60120,0.773,0.037,medium
Hit & Run,23,2,4,reported,True,True,False,True,106348,97305,0.915,0.204,high
Collision,38,1,4,reported,True,False,False,False,125725,69149,0.55,0.107,low
Collision,45,0,14,reported,True,False,False,False,134378,134662,1.002,0.195,medium
Other,47,3,10,reported,True,False,False,False,49888,59192,1.186,0.078,high
Collision,43,1,7,not_required,True,False,False,False,139739,117744,0.843,0.195,medium
Vandalism,46,1,0,reported,True,False,False,False,41596,30722,0.739,0.022,low
Theft,37,1,4,reported,True,True,False,True,12468,12536,1.005,0.018,high
Hail/Weather,47,2,10,not_required,True,True,False,False,106928,97935,0.916,0.078,medium
Vandalism,42,2,1,not_reported,True,False,False,False,42913,43818,1.021,0.052,high
Vandalism,45,1,5,not_reported,True,False,False,False,106311,86491,0.814,0.076,medium
Hit & Run,45,1,0,reported,True,False,False,False,222326,147009,0.661,0.165,medium
Collision,33,1,3,reported,True,False,False,False,99924,74427,0.745,0.045,low
Collision,73,1,11,not_required,False,False,False,False,128674,128996,1.003,0.069,high
Hail/Weather,23,0,3,not_required,True,True,False,True,55497,64339,1.159,0.121,low
Fire,38,2,1,not_required,True,False,False,False,135004,91460,0.677,0.094,medium
Vandalism,42,1,3,not_reported,True,False,False,False,64634,46174,0.714,0.039,low
Theft,40,2,4,not_reported,True,True,False,True,58329,57162,0.98,0.051,high
Hit & Run,35,0,2,reported,True,False,False,False,122769,137298,1.118,0.15,high
Other,75,0,3,reported,True,False,False,False,101065,72848,0.721,0.066,low
Collision,68,2,7,not_reported,True,True,False,True,30999,32379,1.045,0.047,high
Natural Disaster,35,0,3,not_required,True,False,False,False,164633,157295,0.955,0.629,high
Collision,37,1,7,reported,True,False,False,False,175674,140965,0.802,0.285,medium
Collision,20,0,0,not_reported,True,False,False,False,43038,29710,0.69,0.036,low
Theft,43,0,10,reported,True,True,False,False,131544,116480,0.885,0.117,medium
Collision,50,2,7,not_reported,True,False,False,False,68091,52818,0.776,0.064,high
Collision,44,2,23,not_reported,True,True,True,False,33102,25704,0.777,0.033,high
Collision,28,4,4,reported,True,False,False,False,38684,33252,0.86,0.024,high
Collision,25,2,30,not_reported,True,False,False,False,24992,22900,0.916,0.036,high
Collision,24,1,4,reported,False,False,False,False,68196,66842,0.98,0.102,high
Collision,21,0,8,reported,True,False,False,False,270859,211234,0.78,0.403,medium
Theft,36,0,2,not_reported,True,True,False,True,497481,518469,1.042,1.254,high
Vandalism,36,0,14,not_reported,True,True,True,True,62751,38579,0.615,0.03,high
Collision,48,1,14,reported,True,False,False,False,72942,61669,0.845,0.086,medium
Theft,38,2,0,not_reported,True,False,False,False,34686,34824,1.004,0.019,high
Collision,52,0,5,reported,True,True,False,True,121870,101883,0.836,0.147,medium
Collision,33,0,2,reported,True,False,False,False,59870,55935,0.934,0.066,low
Hit & Run,18,0,1,reported,True,True,False,True,39335,30504,0.776,0.027,medium
Collision,48,0,29,reported,True,False,False,False,77357,64570,0.835,0.057,medium
Hail/Weather,19,1,5,not_required,True,True,False,False,131754,102944,0.781,0.135,low
Hail/Weather,47,2,2,not_required,True,True,False,False,176241,190341,1.08,0.217,high
Hit & Run,22,0,1,not_reported,True,True,False,True,22806,15173,0.665,0.035,high
Collision,27,0,1,reported,True,False,False,False,95562,63241,0.662,0.052,low
Collision,21,1,2,reported,True,False,False,False,65098,51885,0.797,0.034,low
Fire,48,0,22,not_required,True,False,False,False,45705,48231,1.055,0.082,high
Other,74,1,11,reported,True,True,False,True,140227,137422,0.98,0.362,high
Theft,33,1,0,reported,True,True,True,True,52795,57138,1.082,0.091,high
Theft,46,0,4,not_reported,True,False,False,False,44207,28212,0.638,0.046,low
Collision,55,2,2,reported,True,False,False,False,120455,129490,1.075,0.276,high
Natural Disaster,44,1,1,not_reported,True,True,False,True,100359,80063,0.798,0.108,low
Other,24,1,2,not_reported,True,False,False,False,87097,63757,0.732,0.067,low
Collision,21,2,10,not_required,True,True,False,True,58713,57406,0.978,0.073,high
Hit & Run,56,2,3,reported,True,False,False,False,126251,99821,0.791,0.098,medium
Hit & Run,23,0,1,reported,True,False,False,False,165143,150682,0.912,0.136,low
Theft,23,0,4,reported,True,True,False,False,192580,142795,0.741,0.236,low
Collision,19,0,3,reported,True,True,False,False,39791,40276,1.012,0.062,medium
Theft,40,2,0,reported,True,True,False,True,59873,58676,0.98,0.07,high
Theft,39,0,1,reported,True,False,False,False,237515,180638,0.761,0.443,low
Collision,38,2,9,reported,True,True,False,False,58524,43449,0.742,0.042,medium
Vandalism,36,1,1,not_reported,True,False,False,False,268506,163487,0.609,0.291,medium
Theft,38,0,4,reported,True,False,False,False,33289,23804,0.715,0.026,low
Theft,40,0,3,not_reported,True,False,False,False,19089,19615,1.028,0.021,medium
Other,42,1,6,not_reported,True,False,False,False,82455,45350,0.55,0.055,medium
Collision,40,0,5,not_reported,True,True,False,True,58009,43984,0.758,0.026,low
Hail/Weather,31,2,3,not_required,True,False,False,False,82789,73152,0.884,0.129,medium
Collision,51,0,11,reported,True,True,False,True,225157,199905,0.888,0.272,medium
Theft,47,0,4,reported,True,False,False,False,88641,95655,1.079,0.132,low
Other,34,1,4,not_reported,True,False,False,False,111674,106156,0.951,0.182,medium
Collision,20,0,0,not_required,True,False,False,False,39652,40489,1.021,0.056,low
Fire,32,1,0,not_reported,True,False,False,False,101357,97125,0.958,0.123,medium
Hit & Run,39,0,1,reported,True,True,True,True,35746,26519,0.742,0.035,low
Collision,40,2,13,reported,True,False,False,False,62855,49801,0.792,0.084,medium
Collision,33,1,0,not_reported,True,False,False,False,106543,81238,0.762,0.093,medium
Hail/Weather,38,3,0,reported,True,False,False,False,94248,76402,0.811,0.076,low
Fire,33,3,1,not_reported,True,False,False,False,36529,29746,0.814,0.034,high
Collision,42,0,0,reported,True,True,False,False,182241,168678,0.926,0.398,low
Collision,35,0,5,reported,True,False,False,False,127946,85616,0.669,0.045,low
Collision,43,0,26,not_reported,True,False,False,False,51176,58820,1.149,0.075,high
Hit & Run,31,0,5,reported,True,False,False,False,75896,82884,1.092,0.128,medium
Hit & Run,36,0,10,not_required,True,True,False,True,21269,21685,1.02,0.016,high
Natural Disaster,48,1,17,not_required,True,False,False,False,28138,24483,0.87,0.024,medium
Collision,42,2,2,not_reported,True,True,False,False,71067,54017,0.76,0.069,high
Theft,47,0,9,reported,True,False,False,False,119185,75718,0.635,0.072,low
Collision,43,0,5,reported,True,True,False,False,136314,117649,0.863,0.101,low
Other,51,0,4,not_reported,False,False,False,False,45186,30187,0.668,0.029,high
Vandalism,75,1,14,reported,True,True,False,True,79211,64739,0.817,0.06,medium
Fire,37,1,5,reported,False,False,False,False,222621,209418,0.941,0.155,high
Collision,39,4,4,not_required,True,False,False,False,144560,115394,0.798,0.175,high
Collision,60,1,4,reported,True,False,False,False,53862,56715,1.053,0.134,medium
Fire,62,0,5,reported,True,True,False,True,129038,115514,0.895,0.066,medium
Natural Disaster,55,1,0,not_required,True,False,False,False,69017,68689,0.995,0.084,medium
Hit & Run,55,2,10,reported,True,False,False,False,112378,88964,0.792,0.154,high
Theft,25,1,24,reported,True,False,False,False,98621,77766,0.789,0.054,high
Other,18,1,2,not_required,True,True,False,True,66725,49048,0.735,0.065,medium
Fire,21,0,13,reported,True,False,False,False,88493,56571,0.639,0.067,medium
Vandalism,45,0,2,reported,True,False,False,False,33448,29556,0.884,0.036,low
Collision,33,0,4,reported,True,True,False,True,35537,37596,1.058,0.045,low
Vandalism,53,0,5,not_reported,True,False,False,False,78126,81461,1.043,0.162,medium
Collision,18,1,5,reported,True,False,False,False,49646,54474,1.097,0.057,medium
Collision,24,0,5,not_required,True,True,False,False,242359,213237,0.88,0.374,medium
Other,36,1,5,not_reported,True,True,False,True,171556,127176,0.741,0.231,medium
Collision,52,3,4,reported,True,False,False,False,281859,247806,0.879,0.33,medium
Collision,34,0,4,reported,True,False,False,False,212481,153233,0.721,0.333,low
Collision,53,0,1,reported,True,False,False,False,304732,298637,0.98,0.234,low
Theft,55,2,4,reported,True,False,False,False,28109,23985,0.853,0.026,medium
Vandalism,24,2,3,not_required,True,False,False,False,89162,67711,0.759,0.055,high
Other,22,1,1,not_reported,True,False,False,False,88788,62989,0.709,0.048,medium
Hail/Weather,44,1,8,not_required,False,False,False,False,142022,157362,1.108,0.281,high
Hit & Run,42,1,0,reported,True,True,False,True,78931,75225,0.953,0.101,medium
Theft,73,0,2,not_reported,True,False,False,False,88205,90990,1.032,0.107,high
Collision,42,2,3,reported,True,True,True,False,50961,49255,0.967,0.026,high
Vandalism,30,1,14,reported,True,True,False,True,600000,359538,0.599,0.371,medium
Collision,29,2,4,not_reported,True,False,False,False,195156,180406,0.924,0.235,high
Hit & Run,42,2,0,not_reported,True,True,False,False,207595,179252,0.863,0.112,high
Vandalism,41,1,12,not_required,True,False,False,False,89064,85085,0.955,0.073,medium
Hail/Weather,69,1,3,not_required,True,True,False,True,57716,39241,0.68,0.041,low
Natural Disaster,42,0,29,not_required,True,False,False,False,52397,33937,0.648,0.054,medium
Collision,37,2,22,reported,True,True,True,True,59110,55588,0.94,0.032,high
Collision,46,0,3,reported,True,False,False,False,223187,185520,0.831,0.239,low
Theft,46,0,3,not_reported,True,False,False,False,156906,140447,0.895,0.155,medium
Other,53,0,6,reported,True,True,False,True,17539,13397,0.764,0.013,low
Collision,44,1,8,not_reported,True,True,False,False,112210,105172,0.937,0.123,high
Theft,44,0,24,reported,True,False,False,False,119867,70135,0.585,0.07,high
Natural Disaster,38,0,3,reported,True,True,False,False,138234,127709,0.924,0.16,low
Natural Disaster,63,1,11,not_required,False,False,False,False,101646,75359,0.741,0.09,high
Collision,75,3,3,not_reported,True,False,False,False,81236,63727,0.784,0.066,high
Collision,71,0,4,not_reported,True,False,False,False,27640,19496,0.705,0.018,medium
Collision,31,1,13,reported,True,True,False,True,503690,550697,1.093,1.029,medium
Collision,70,2,0,reported,True,False,False,False,140917,104712,0.743,0.117,low
Other,26,1,3,not_required,True,False,False,False,80846,88600,1.096,0.141,medium
Collision,20,1,26,reported,True,True,False,True,56874,55986,0.984,0.057,high
Other,39,2,0,not_required,True,True,False,False,79741,86597,1.086,0.111,medium
Collision,21,1,14,reported,True,False,False,False,254874,203160,0.797,0.188,medium
Collision,39,0,4,reported,True,True,False,True,89798,86518,0.963,0.051,low
Collision,60,0,2,reported,False,True,False,False,105632,103519,0.98,0.133,medium
Vandalism,21,0,2,reported,True,False,False,False,88172,68425,0.776,0.084,low
Collision,63,0,5,reported,True,False,False,False,192109,119701,0.623,0.154,low
Other,19,1,0,not_reported,True,True,False,True,61935,47089,0.76,0.057,high
Vandalism,18,0,10,not_reported,True,True,False,True,109254,107069,0.98,0.083,high
Other,40,0,3,not_required,False,False,False,False,57305,40642,0.709,0.044,high
Collision,75,2,13,reported,True,True,True,True,93096,68046,0.731,0.053,high
Fire,41,1,15,reported,True,True,False,True,82748,88921,1.075,0.07,medium
Other,42,1,4,not_reported,True,True,False,True,113815,135437,1.19,0.408,high
Collision,42,1,2,not_required,True,False,False,False,32980,28709,0.87,0.027,low
Vandalism,54,1,3,reported,True,True,False,True,100886,83551,0.828,0.076,medium
Collision,58,0,10,not_required,True,True,False,False,60691,53411,0.88,0.048,medium
Hail/Weather,37,1,13,not_required,True,False,False,False,49818,31676,0.636,0.063,low
Natural Disaster,25,0,2,not_required,True,True,False,True,37568,32687,0.87,0.055,low
Hit & Run,22,1,4,reported,False,False,False,False,132282,135492,1.024,0.076,high
Collision,64,1,5,not_required,False,False,False,False,263942,145168,0.55,0.072,medium
Other,75,0,4,reported,False,True,False,False,39143,27944,0.714,0.031,high
Natural Disaster,40,2,3,not_required,True,False,False,False,162372,156436,0.963,0.14,high
Theft,39,1,12,reported,True,False,False,False,125266,86545,0.691,0.153,medium
Collision,23,1,4,reported,True,False,False,False,154459,155087,1.004,0.313,medium
Other,51,0,1,reported,True,True,False,False,64706,45264,0.7,0.046,low
Vandalism,30,0,23,not_required,True,False,False,False,21668,16862,0.778,0.014,medium
Hail/Weather,68,0,7,not_required,False,False,False,False,157481,168942,1.073,0.416,high
Natural Disaster,61,3,14,reported,True,False,False,False,153905,134070,0.871,0.34,high
Vandalism,37,0,2,not_reported,True,False,False,False,45194,44555,0.986,0.062,low
Theft,33,0,10,not_reported,True,True,False,True,64388,73684,1.144,0.197,high
Natural Disaster,39,1,5,reported,True,False,False,False,509602,394889,0.775,0.529,low
Hit & Run,74,1,4,reported,True,False,False,False,146884,153499,1.045,0.191,high
Collision,39,1,3,not_required,True,False,False,False,294819,308970,1.048,0.491,medium
Collision,24,0,10,reported,True,True,False,False,60399,39052,0.647,0.029,low
Hit & Run,61,0,2,reported,True,False,False,False,34362,33675,0.98,0.03,medium
Hit & Run,20,1,12,reported,True,False,False,False,61431,48126,0.783,0.07,high
Fire,31,2,2,reported,True,False,False,False,72304,40409,0.559,0.051,low
Theft,49,1,18,reported,True,False,False,False,79942,62012,0.776,0.046,high
Other,42,0,4,not_required,True,False,False,False,74534,54169,0.727,0.045,low
Collision,62,2,2,not_required,True,False,False,False,153291,165840,1.082,0.254,high
Vandalism,42,1,27,not_reported,True,True,False,True,72868,65967,0.905,0.059,high
Other,42,1,0,reported,True,False,False,False,146609,123605,0.843,0.144,low
Collision,25,0,3,reported,True,False,False,False,103107,94336,0.915,0.149,low
Collision,29,0,5,not_reported,True,True,False,False,103452,82605,0.798,0.098,medium
Collision,36,2,5,reported,False,False,False,False,60763,63642,1.047,0.107,high
Theft,49,2,18,reported,True,False,False,False,65433,64124,0.98,0.076,high
Collision,25,0,2,reported,True,True,False,False,80798,74037,0.916,0.077,low
Hail/Weather,50,0,1,not_required,True,False,False,False,51778,36149,0.698,0.062,low
Natural Disaster,30,0,4,reported,True,False,False,False,118400,94381,0.797,0.072,low
Fire,40,2,11,reported,True,True,False,True,355761,331957,0.933,0.184,high
Other,39,1,4,not_reported,True,False,False,False,75447,65606,0.87,0.053,medium
Collision,43,2,7,not_reported,True,False,False,False,38505,32877,0.854,0.032,medium
Hit & Run,73,0,12,reported,True,True,False,False,107093,108154,1.01,0.15,high
Hit & Run,75,2,5,reported,True,False,False,False,14351,11388,0.794,0.015,medium
Hit & Run,66,1,4,reported,True,True,False,True,100156,94022,0.939,0.228,high
Other,41,0,7,reported,True,True,False,True,119954,122190,1.019,0.172,medium
Collision,59,0,0,reported,True,False,False,False,217656,182954,0.841,0.345,medium
Collision,30,0,5,reported,True,True,False,True,54258,42034,0.775,0.066,low
Natural Disaster,36,2,2,not_required,True,False,False,False,45732,41257,0.902,0.058,medium
Theft,38,1,0,reported,True,False,False,False,104879,85586,0.816,0.141,low
Theft,43,0,1,reported,True,True,False,False,102557,79875,0.779,0.05,medium
Theft,64,1,3,reported,True,True,False,True,21234,15190,0.715,0.016,medium
Natural Disaster,22,1,6,not_required,True,False,False,False,105695,121404,1.149,0.112,high
Collision,20,0,2,reported,True,False,False,False,35670,29564,0.829,0.034,low
Hit & Run,37,0,28,reported,True,False,False,False,31171,29262,0.939,0.017,high
Collision,39,1,6,reported,True,True,True,False,73427,69383,0.945,0.075,high
Hail/Weather,41,1,6,not_required,True,True,False,True,144445,129393,0.896,0.182,medium
Other,30,0,0,not_reported,True,False,False,False,308302,264918,0.859,0.426,medium
Other,67,0,1,reported,True,False,False,False,157574,151770,0.963,0.265,low
Collision,34,3,0,reported,True,False,False,False,62926,48695,0.774,0.038,low
Collision,25,3,12,reported,True,False,False,False,69444,48829,0.703,0.062,medium
Collision,40,0,3,reported,True,True,True,False,49527,35256,0.712,0.079,low
Hail/Weather,32,0,13,reported,True,True,False,False,84581,59338,0.702,0.036,low
Hit & Run,66,3,2,reported,True,False,False,False,165221,92843,0.562,0.078,high
Other,39,1,1,not_reported,True,False,False,False,66125,69002,1.044,0.105,high
Hit & Run,56,2,3,reported,True,True,False,False,75493,65873,0.873,0.102,medium
Natural Disaster,28,1,5,reported,True,False,False,False,42196,35047,0.831,0.034,medium
Theft,46,0,3,reported,True,False,False,False,294261,292491,0.994,0.353,medium
Collision,73,1,0,not_reported,True,False,False,False,74443,79197,1.064,0.189,medium
Collision,36,0,1,not_reported,True,True,False,False,235844,166488,0.706,0.149,medium
Collision,73,0,3,not_required,True,False,False,False,79663,51616,0.648,0.037,low
Other,43,1,3,not_reported,True,False,False,False,116782,132533,1.135,0.199,high
Collision,70,1,1,not_reported,True,False,False,False,34396,21760,0.633,0.023,low
Collision,42,2,4,not_required,True,False,False,False,102458,122151,1.192,0.169,high
Natural Disaster,29,1,1,not_required,True,True,False,True,72643,54389,0.749,0.058,low
Collision,37,0,4,reported,True,True,False,True,161856,186625,1.153,0.21,high
Collision,25,1,7,reported,True,False,False,False,197050,214756,1.09,0.215,low
Collision,39,2,0,reported,True,False,False,False,180067,142800,0.793,0.114,low
Other,38,3,2,reported,True,False,False,False,84890,86275,1.016,0.082,high
Hit & Run,68,1,3,reported,True,False,False,False,90821,87121,0.959,0.121,high
Collision,36,0,14,reported,True,True,False,False,63355,56387,0.89,0.062,medium
Theft,66,0,2,reported,True,False,False,False,160368,172478,1.076,0.3,medium
Collision,50,1,0,not_reported,False,False,False,False,22052,21621,0.98,0.015,high
Collision,62,1,4,reported,True,False,False,False,177361,185944,1.048,0.204,medium
Collision,42,1,4,not_reported,True,False,False,False,179503,130825,0.729,0.076,low
Theft,62,1,0,reported,True,True,False,True,29789,22409,0.752,0.026,high
Hail/Weather,36,0,27,reported,True,False,False,False,40902,41790,1.022,0.031,medium
Hail/Weather,39,1,15,not_required,True,False,False,False,225395,165336,0.734,0.14,high
Theft,37,0,1,reported,True,True,False,True,204428,210472,1.03,0.261,medium
Hit & Run,42,1,4,reported,True,True,False,True,54202,42367,0.782,0.051,high
Collision,48,1,3,not_required,True,True,False,True,35746,34496,0.965,0.051,low
Collision,49,0,2,not_required,True,False,False,False,156579,178210,1.138,0.129,medium
Theft,45,0,5,reported,True,False,False,False,43096,41576,0.965,0.065,medium
Fire,45,1,2,not_required,True,True,False,True,83766,83529,0.997,0.082,medium
Natural Disaster,47,1,1,not_required,True,False,False,False,95478,65031,0.681,0.049,low
Natural Disaster,49,1,5,not_required,True,False,False,False,148584,147403,0.992,0.131,medium
Theft,46,1,2,not_required,True,True,False,True,77499,76444,0.986,0.142,high
Fire,46,1,20,reported,True,False,False,False,76731,56972,0.742,0.114,medium
Hail/Weather,50,0,3,not_required,True,False,False,False,44619,34316,0.769,0.051,low
Theft,62,1,8,reported,True,False,False,False,338912,186402,0.55,0.35,medium
Hit & Run,65,1,7,not_reported,True,False,False,False,63099,52064,0.825,0.105,high
Collision,28,0,3,reported,True,True,False,False,42916,43255,1.008,0.058,low
Hail/Weather,51,1,0,not_required,True,False,False,False,97074,67794,0.698,0.035,low
Vandalism,37,1,14,not_required,True,False,False,False,88967,91551,1.029,0.18,high
Other,19,2,5,reported,True,False,False,False,156576,123516,0.789,0.292,high
Collision,33,1,3,reported,True,False,False,False,62497,65379,1.046,0.148,low
Hail/Weather,45,0,6,not_reported,True,True,False,False,391603,329101,0.84,0.278,high
Collision,47,4,0,reported,True,False,False,False,64989,41120,0.633,0.038,low
Fire,31,1,4,reported,True,True,False,True,36335,23628,0.65,0.02,medium
Vandalism,27,1,1,reported,True,True,False,False,30259,28291,0.935,0.026,medium
Hit & Run,51,0,10,reported,True,True,False,False,52207,43186,0.827,0.085,medium
Collision,55,0,2,not_reported,True,True,False,False,64906,63608,0.98,0.129,medium
Theft,25,0,10,not_reported,True,False,False,False,63302,65153,1.029,0.097,medium
Theft,25,0,13,reported,True,True,False,True,142978,158539,1.109,0.242,high
Other,27,2,13,not_required,True,False,False,False,51480,46276,0.899,0.035,high
Collision,23,1,2,reported,True,True,True,True,279013,201220,0.721,0.29,high
Theft,45,2,8,not_reported,True,False,False,False,118984,116605,0.98,0.186,high
Fire,36,0,11,reported,True,True,False,False,118566,108771,0.917,0.088,medium
Collision,25,2,3,reported,True,False,False,False,47637,35167,0.738,0.089,low
Collision,28,1,5,not_required,True,True,False,False,159242,136165,0.855,0.116,low
Hail/Weather,52,0,3,reported,True,True,False,True,47818,42851,0.896,0.032,low
Collision,24,0,8,reported,True,False,False,False,109991,117150,1.065,0.237,low
Vandalism,24,0,1,not_reported,True,False,False,False,142910,116236,0.813,0.234,high
Collision,59,1,0,reported,True,True,False,True,39137,32624,0.834,0.034,medium
Collision,75,0,3,not_required,True,False,False,False,435867,430039,0.987,0.687,medium
Hit & Run,50,1,4,reported,True,False,False,False,412873,435375,1.054,0.829,medium
Other,75,0,7,reported,True,True,True,True,60090,46940,0.781,0.038,medium
Collision,50,0,2,reported,True,False,False,False,80842,69098,0.855,0.071,low
Theft,37,0,14,reported,True,True,False,True,86703,71238,0.822,0.106,high
Collision,31,2,3,reported,True,False,False,False,55287,56646,1.025,0.051,high
Collision,30,0,3,reported,True,True,False,True,119033,108919,0.915,0.076,low
Collision,41,1,1,reported,True,False,False,False,68903,54964,0.798,0.053,low
Theft,73,1,5,reported,True,True,False,True,33882,20478,0.604,0.028,high
Theft,35,2,0,reported,True,True,True,True,85716,76838,0.896,0.166,high
Other,58,0,7,not_required,False,True,False,False,69249,72801,1.051,0.09,high
Other,58,1,2,not_reported,True,False,False,False,318363,311995,0.98,0.267,high
Collision,46,1,1,not_reported,True,True,False,False,36746,31484,0.857,0.035,high
Collision,35,2,2,reported,True,False,False,False,39912,33496,0.839,0.03,low
Collision,33,2,0,reported,True,False,False,False,25261,21155,0.837,0.019,low
Collision,35,2,5,not_required,True,False,False,False,216827,183568,0.847,0.113,medium
Vandalism,27,1,26,not_reported,True,True,False,False,64588,56274,0.871,0.034,high
Vandalism,22,0,1,not_required,True,False,False,False,24302,25679,1.057,0.029,medium
Vandalism,41,1,4,not_reported,True,True,False,True,65680,44689,0.68,0.055,high
Collision,26,0,1,not_required,True,True,False,True,93633,80253,0.857,0.096,low
Theft,58,1,7,reported,True,False,False,False,132577,107904,0.814,0.093,medium
Collision,47,1,6,not_required,True,True,False,False,140364,137557,0.98,0.133,medium
Theft,47,0,1,reported,True,False,False,False,106337,89610,0.843,0.136,low
Theft,51,0,28,reported,True,True,False,False,223166,167929,0.752,0.115,medium
Hit & Run,65,0,4,reported,True,True,False,True,188257,205905,1.094,0.146,high
Vandalism,39,1,3,not_required,True,False,False,False,83018,57862,0.697,0.138,medium
Hit & Run,36,1,3,reported,True,False,False,False,76425,74345,0.973,0.164,high
Collision,21,0,2,not_required,True,False,False,False,286438,282456,0.986,0.578,medium
Natural Disaster,37,0,11,not_required,True,False,False,False,50321,44718,0.889,0.092,low
Theft,58,2,4,reported,True,True,False,True,93347,98689,1.057,0.12,high
Collision,33,1,5,reported,True,True,True,True,114553,86098,0.752,0.076,high
Other,47,2,2,reported,True,False,False,False,113649,89951,0.791,0.15,low
Fire,25,1,12,reported,True,True,True,True,95762,98937,1.033,0.13,high
Collision,19,1,19,reported,True,False,False,False,39756,26660,0.671,0.026,medium
Natural Disaster,32,0,6,not_reported,True,True,False,True,116008,110742,0.955,0.064,medium
Collision,33,0,3,not_reported,True,True,True,False,76525,85758,1.121,0.1,high
Theft,63,0,1,not_reported,True,False,False,False,80460,59654,0.741,0.175,low
Natural Disaster,43,0,0,not_required,True,True,False,True,39976,29165,0.73,0.028,medium
Hit & Run,24,2,1,reported,True,False,False,False,126629,128550,1.015,0.218,high
Vandalism,41,1,7,not_reported,True,False,False,False,188263,153015,0.813,0.107,medium
Collision,55,1,4,not_required,True,False,False,False,87300,95352,1.092,0.249,medium
Collision,45,0,12,reported,True,True,False,False,76330,51222,0.671,0.042,low
Collision,42,0,2,reported,True,True,False,True,63512,53318,0.839,0.041,low
Theft,33,1,4,reported,True,False,False,False,129933,102311,0.787,0.277,medium
Collision,43,0,4,reported,True,False,False,False,32280,22407,0.694,0.03,low
Collision,43,0,1,reported,True,False,False,False,52496,40785,0.777,0.055,low
Theft,48,2,1,reported,True,False,False,False,89754,67088,0.747,0.064,low
Collision,21,0,1,reported,False,False,False,False,54374,56951,1.047,0.116,high
Theft,59,2,4,reported,True,False,False,False,61365,56828,0.926,0.055,high
Theft,18,1,3,reported,True,True,False,True,77581,92585,1.193,0.124,high
Collision,72,0,2,not_reported,True,False,False,False,84052,80176,0.954,0.131,medium
Collision,71,0,0,reported,False,False,False,False,227335,207381,0.912,0.333,high
Fire,44,0,3,not_required,False,False,False,False,49108,39024,0.795,0.042,medium
Collision,32,2,9,reported,True,False,False,False,51799,32040,0.619,0.028,low
Theft,21,1,5,not_reported,True,False,False,False,121455,130638,1.076,0.245,high
Collision,38,1,0,reported,True,False,False,False,93575,90614,0.968,0.133,medium
Collision,36,0,4,reported,True,False,False,False,63708,56982,0.894,0.048,low
Fire,50,0,2,reported,True,False,False,False,18429,19303,1.047,0.035,low
Collision,51,0,0,reported,True,True,False,True,77401,62127,0.803,0.067,low
Other,30,0,2,not_reported,True,False,False,False,49382,49947,1.011,0.042,low
Natural Disaster,35,0,10,reported,True,False,False,False,92952,59978,0.645,0.112,low
Collision,26,1,4,reported,True,True,False,False,54845,36801,0.671,0.057,low
Fire,72,1,0,reported,True,True,False,True,134010,126288,0.942,0.07,high
Hail/Weather,33,1,27,not_required,True,False,False,False,177126,115019,0.649,0.124,medium
Hit & Run,51,1,1,reported,True,True,False,True,96931,82282,0.849,0.058,high
Collision,22,2,2,reported,True,False,False,False,66289,57105,0.861,0.076,medium
Collision,63,0,5,reported,True,True,False,False,98182,85161,0.867,0.2,medium
Theft,35,4,4,reported,True,True,False,True,171115,155606,0.909,0.215,high
Collision,50,0,3,reported,True,False,False,False,71100,55526,0.781,0.025,low
Theft,37,0,3,not_required,True,False,False,False,65153,54751,0.84,0.066,low
Collision,38,0,6,not_required,True,True,False,False,138632,98227,0.709,0.115,low
Collision,36,1,7,reported,True,True,False,False,56252,43339,0.77,0.031,medium
Theft,25,1,4,not_reported,True,True,False,True,43265,27377,0.633,0.045,medium
Collision,38,0,1,reported,True,False,False,False,47746,44704,0.936,0.085,low
Collision,47,0,1,reported,True,False,False,False,22162,19306,0.871,0.03,low
Collision,40,3,0,reported,True,False,False,False,50902,41782,0.821,0.062,medium
Vandalism,42,0,0,not_reported,True,False,False,False,129159,97569,0.755,0.152,low
Collision,75,0,1,reported,True,True,False,False,136441,133829,0.981,0.16,medium
Other,19,3,2,not_reported,True,False,False,False,209497,188524,0.9,0.299,high
Other,38,1,4,not_required,False,True,False,True,135902,110008,0.809,0.223,high
Vandalism,23,0,12,reported,False,True,False,True,83691,63642,0.76,0.112,high
Collision,45,0,3,reported,True,False,False,False,76387,60024,0.786,0.056,low
Other,60,0,3,not_required,True,False,False,False,182086,162607,0.893,0.08,low
Other,63,1,3,reported,True,True,False,False,44248,46775,1.057,0.046,medium
Hail/Weather,50,2,5,not_required,True,False,False,False,38665,37435,0.968,0.061,medium
Collision,21,1,11,reported,True,True,False,True,128808,113743,0.883,0.216,medium
Hit & Run,43,1,4,reported,True,False,False,False,49873,49897,1.0,0.115,medium
Collision,44,1,5,not_reported,True,False,False,False,388365,332721,0.857,0.474,high
Fire,68,0,1,reported,True,False,False,False,128574,114180,0.888,0.302,low
Collision,25,2,3,not_reported,True,True,False,True,76287,60044,0.787,0.064,high
Fire,71,1,10,not_required,True,True,False,False,213846,220424,1.031,0.142,high
Collision,30,3,8,reported,True,False,False,False,72590,60484,0.833,0.029,medium
Collision,48,1,3,reported,True,True,False,True,49524,48534,0.98,0.037,medium
Hit & Run,69,1,4,reported,True,False,False,False,240669,148604,0.617,0.137,low
Theft,39,0,1,reported,True,False,False,False,122782,114167,0.93,0.096,medium
Collision,25,1,2,reported,True,False,False,False,40324,44003,1.091,0.057,medium
Collision,40,1,1,reported,True,True,False,True,53930,58351,1.082,0.102,medium
Other,37,1,2,not_required,True,False,False,False,52466,49639,0.946,0.034,low
Collision,73,1,4,reported,True,False,False,False,93917,74123,0.789,0.097,low
Other,45,1,5,not_required,True,False,False,False,36990,33385,0.903,0.037,low
Other,20,1,4,reported,True,False,False,False,238085,222427,0.934,0.174,medium
Other,22,0,2,reported,True,False,False,False,85919,90488,1.053,0.118,low
Collision,52,2,1,reported,True,False,False,False,14653,11341,0.774,0.02,low
Collision,37,1,5,reported,True,True,False,False,219091,205171,0.936,0.33,medium
Collision,42,1,10,reported,True,False,False,False,331678,295312,0.89,0.404,medium
Collision,42,0,2,not_required,False,False,False,False,98723,85415,0.865,0.173,high
Hail/Weather,59,0,10,not_required,True,False,False,False,60348,47026,0.779,0.043,low
Collision,30,0,4,reported,True,True,True,True,46383,42672,0.92,0.054,medium
Fire,31,1,0,reported,True,False,False,False,179272,190748,1.064,0.43,high
Vandalism,29,0,1,reported,True,False,False,False,85450,80468,0.942,0.057,low
Collision,29,0,0,not_required,False,False,False,False,110350,111434,1.01,0.077,medium
Hit & Run,45,1,1,not_required,True,True,False,False,147672,123628,0.837,0.176,high
Collision,49,0,2,not_required,True,True,False,False,151774,120239,0.792,0.143,medium
Collision,43,2,4,reported,False,False,False,False,53234,40391,0.759,0.058,high
Collision,36,2,3,reported,True,False,False,False,32287,35717,1.106,0.073,medium
Collision,51,1,3,reported,True,True,False,True,290562,266797,0.918,0.181,medium
Fire,23,1,5,reported,True,False,False,False,74601,58723,0.787,0.18,medium
Collision,32,0,0,not_required,True,True,False,True,48244,41908,0.869,0.061,medium
Hail/Weather,53,1,3,not_required,True,True,False,True,97118,88693,0.913,0.111,medium
Hit & Run,29,2,5,not_reported,True,True,False,True,36519,38242,1.047,0.029,high
Theft,40,1,14,reported,True,True,False,False,65863,64545,0.98,0.053,high
Natural Disaster,38,2,1,not_reported,True,True,False,False,151249,112188,0.742,0.158,medium
Collision,74,0,5,not_reported,True,False,False,False,161784,120492,0.745,0.08,low
Other,50,1,2,reported,True,False,False,False,78156,51276,0.656,0.133,low
Collision,41,1,3,reported,True,True,False,False,230516,244662,1.061,0.183,medium
Collision,59,1,5,reported,True,True,False,False,19465,21030,1.08,0.029,medium
Hit & Run,36,0,6,reported,True,True,False,True,37158,26188,0.705,0.035,high
Collision,35,0,1,reported,True,False,False,False,74521,83452,1.12,0.19,low
Other,63,0,6,reported,True,True,False,True,49456,47402,0.958,0.1,medium
Theft,73,1,2,reported,True,False,False,False,125408,132162,1.054,0.167,medium
Theft,42,3,0,reported,True,False,False,False,104569,102477,0.98,0.161,high
Collision,46,2,11,not_required,True,False,False,False,122711,132528,1.08,0.186,high
Collision,29,2,2,reported,True,True,False,True,73411,58359,0.795,0.062,medium
Collision,70,0,5,not_required,True,False,False,False,24163,19576,0.81,0.036,low
Other,47,0,15,not_required,True,False,False,False,142860,141041,0.987,0.14,low
Collision,39,0,4,not_reported,True,False,False,False,119400,107222,0.898,0.086,medium
Collision,71,3,9,reported,True,False,False,False,267068,271476,1.017,0.284,high
Theft,42,0,4,not_reported,True,False,False,False,124629,118792,0.953,0.087,medium
Theft,21,1,29,reported,True,True,False,True,62311,46168,0.741,0.042,high
Collision,42,1,5,not_reported,True,False,False,False,92641,67422,0.728,0.098,high
Hit & Run,30,0,5,reported,True,True,False,True,68403,56886,0.832,0.042,high
Hit & Run,29,0,3,reported,True,True,False,True,160488,157956,0.984,0.145,high
Collision,25,1,1,not_reported,False,False,False,False,168366,119407,0.709,0.153,high
Other,36,2,5,reported,True,True,False,False,113109,107523,0.951,0.09,high
Theft,23,0,13,reported,True,True,False,True,127510,95893,0.752,0.088,high
Collision,42,1,13,not_reported,True,True,False,False,219771,170170,0.774,0.213,high
Other,54,4,2,not_reported,True,False,False,False,135494,101242,0.747,0.134,high
Theft,34,0,3,reported,True,False,False,False,203819,208934,1.025,0.747,medium
Other,53,1,5,not_reported,True,True,True,False,47997,39258,0.818,0.023,high
Theft,49,4,5,reported,True,False,False,False,102763,82649,0.804,0.094,high
Theft,39,1,2,reported,True,True,False,True,85452,63900,0.748,0.09,medium
Vandalism,52,1,3,not_required,True,False,False,False,96189,52904,0.55,0.026,low
Collision,43,0,4,reported,True,True,False,True,24453,24737,1.012,0.027,low
Vandalism,40,2,0,reported,True,True,False,False,52242,49436,0.946,0.053,medium
Collision,46,0,4,reported,True,False,False,False,29419,26933,0.916,0.037,low
Collision,61,0,6,not_reported,True,True,False,True,128025,125814,0.983,0.211,medium
Hail/Weather,21,0,5,not_required,True,False,False,False,48348,47686,0.986,0.071,low
Collision,67,0,12,not_required,True,False,False,False,67794,57552,0.849,0.091,low
Hail/Weather,24,2,5,not_required,True,False,False,False,139662,96021,0.688,0.169,medium
Natural Disaster,46,1,4,not_required,True,False,False,False,70822,58663,0.828,0.122,low
Other,38,1,5,not_required,True,True,False,True,120661,96123,0.797,0.116,medium
Collision,26,1,7,reported,True,True,False,False,78563,60097,0.765,0.074,medium
Theft,46,0,0,not_reported,True,True,False,False,206866,181270,0.876,0.347,high
Natural Disaster,34,1,0,not_required,False,False,False,False,103724,101649,0.98,0.093,high
Other,39,0,5,not_reported,True,True,True,True,77855,71369,0.917,0.193,high
Hit & Run,50,0,6,reported,True,False,False,False,29121,20349,0.699,0.025,medium
Collision,53,0,14,reported,True,True,False,True,93385,82652,0.885,0.102,high
Other,56,2,4,reported,True,False,False,False,121918,103474,0.849,0.171,medium
Collision,18,0,11,reported,True,True,True,False,199154,215086,1.08,0.086,high
Collision,44,0,1,reported,True,False,False,False,154133,109706,0.712,0.122,low
Collision,46,1,18,not_reported,True,False,False,False,63182,57483,0.91,0.053,high
Vandalism,53,1,3,not_required,True,True,False,False,40261,33446,0.831,0.055,medium
Collision,54,2,6,reported,True,True,False,True,126659,94606,0.747,0.157,medium
Vandalism,18,3,6,reported,True,True,True,True,49517,35937,0.726,0.042,high
Other,47,0,5,not_reported,True,True,False,True,148927,122477,0.822,0.329,high
Collision,20,0,0,not_reported,True,False,False,False,29028,21344,0.735,0.037,low
Fire,25,1,5,reported,True,True,True,True,67344,64142,0.952,0.06,medium
Fire,22,0,1,reported,True,True,False,True,255365,207422,0.812,0.362,medium
Hail/Weather,43,0,3,not_required,True,False,False,False,86495,68997,0.798,0.09,low
Theft,41,1,0,not_reported,True,False,False,False,60739,46919,0.772,0.042,high
Hail/Weather,67,2,1,not_reported,True,False,False,False,124585,134551,1.08,0.105,high
Hit & Run,24,2,5,reported,True,False,False,False,48881,47903,0.98,0.029,high
Vandalism,25,0,1,not_required,True,False,False,False,28376,17296,0.61,0.017,low
Hit & Run,57,0,12,reported,True,False,False,False,28260,29098,1.03,0.083,medium
Collision,71,0,0,reported,True,True,True,False,79377,85033,1.071,0.067,low
Theft,56,3,2,not_reported,True,True,False,True,56682,44494,0.785,0.027,high
Collision,67,0,7,reported,True,False,False,False,87730,75811,0.864,0.094,low
Hit & Run,18,1,12,not_reported,True,False,False,False,69609,60576,0.87,0.105,high
Theft,31,1,5,not_reported,True,True,False,False,109557,75199,0.686,0.064,high
Collision,73,2,3,reported,True,True,False,True,135943,96069,0.707,0.133,medium
Collision,70,1,0,reported,True,False,False,False,139728,154000,1.102,0.174,low
Theft,31,1,0,not_reported,True,False,False,False,88136,62941,0.714,0.115,high
Vandalism,40,1,1,not_required,True,False,False,False,44044,36781,0.835,0.028,medium
Natural Disaster,35,3,2,not_required,True,False,False,False,18796,17936,0.954,0.014,high
Fire,49,3,5,reported,True,False,False,False,91277,73558,0.806,0.156,medium
Collision,39,1,0,not_required,True,False,False,False,38741,32402,0.836,0.055,medium
Hail/Weather,32,1,3,not_required,True,True,False,True,133862,131185,0.98,0.099,medium
Vandalism,37,2,9,not_required,True,True,False,False,109304,81019,0.741,0.179,medium
Collision,20,0,3,reported,True,True,False,True,97339,74475,0.765,0.08,medium
Natural Disaster,41,0,5,not_required,True,False,False,False,28932,31150,1.077,0.045,low
Collision,36,0,3,reported,True,True,False,False,161633,111850,0.692,0.135,low
Collision,25,1,2,reported,True,True,True,True,73551,65431,0.89,0.089,medium
Hit & Run,70,0,3,reported,True,True,False,True,83170,75186,0.904,0.147,medium
Collision,69,0,2,reported,True,True,False,True,55918,35070,0.627,0.046,low
Collision,37,0,4,reported,True,False,False,False,178547,164678,0.922,0.13,low
Collision,48,0,0,reported,True,False,False,False,45572,35033,0.769,0.042,low
Natural Disaster,38,0,1,reported,True,False,False,False,335766,276177,0.823,0.196,low
Natural Disaster,25,1,0,not_reported,True,True,False,False,151345,115539,0.763,0.198,medium
Collision,38,3,2,not_reported,True,True,True,False,34731,23870,0.687,0.051,high
Vandalism,23,2,2,reported,True,False,False,False,52633,51201,0.973,0.036,medium
Theft,41,1,2,reported,True,False,False,False,21830,22869,1.048,0.034,medium
Collision,19,0,4,reported,True,False,False,False,104860,76562,0.73,0.08,low
Collision,54,2,0,reported,True,True,False,True,60654,56948,0.939,0.139,high
Other,25,0,7,reported,True,True,False,True,104963,84395,0.804,0.057,low
Collision,40,0,0,not_reported,True,True,True,True,42885,25263,0.589,0.049,medium
Hit & Run,24,0,0,reported,True,False,False,False,283399,277731,0.98,0.28,low
Collision,41,3,3,reported,True,True,False,True,102034,82893,0.812,0.133,medium
Vandalism,26,1,4,not_reported,True,True,True,True,174090,137290,0.789,0.295,high
Fire,43,2,2,not_required,True,False,False,False,70867,52525,0.741,0.045,medium
Natural Disaster,42,3,1,not_required,True,False,False,False,98232,63980,0.651,0.088,low
Collision,51,1,2,reported,True,True,False,True,142566,152063,1.067,0.127,low
Hit & Run,25,0,4,reported,True,True,False,True,81465,79836,0.98,0.145,low
Other,23,0,1,not_required,True,True,False,False,29799,22802,0.765,0.019,low
Collision,25,1,4,reported,True,False,False,False,39492,36332,0.92,0.05,low
Vandalism,31,0,5,not_reported,True,False,False,False,69161,62428,0.903,0.114,medium
Collision,25,0,2,reported,True,True,False,False,95498,66814,0.7,0.066,low
Collision,45,0,1,not_reported,True,True,False,False,21097,17014,0.806,0.011,medium
Theft,20,0,2,reported,True,True,True,True,64099,69808,1.089,0.056,high
Collision,36,1,5,reported,True,False,False,False,28580,18932,0.662,0.02,low
Fire,40,1,3,reported,True,True,False,False,81185,63065,0.777,0.129,medium
Theft,25,1,4,reported,True,True,True,False,86313,68763,0.797,0.051,high
Other,22,1,3,not_reported,True,False,False,False,359245,239133,0.666,0.339,medium
Vandalism,49,0,3,not_required,True,False,False,False,47233,40129,0.85,0.033,low
Hit & Run,48,2,8,not_reported,True,False,False,False,60883,58034,0.953,0.054,high
Other,60,0,10,reported,True,False,False,False,72904,62763,0.861,0.061,low
Natural Disaster,31,1,27,not_required,True,False,False,False,168981,123090,0.728,0.15,medium
Hail/Weather,23,1,2,not_required,True,False,False,False,144824,124904,0.862,0.12,low
Collision,27,2,1,not_reported,True,False,False,False,107422,115184,1.072,0.099,high
Vandalism,26,1,4,reported,True,False,False,False,45663,34598,0.758,0.056,medium
Collision,60,0,14,reported,True,True,False,True,68579,51187,0.746,0.059,medium
Theft,60,2,0,reported,True,True,False,True,255052,182735,0.716,0.154,medium
Fire,29,1,3,not_required,True,False,False,False,55895,37362,0.668,0.023,low
Other,75,1,13,not_required,True,False,False,False,26712,19349,0.724,0.028,low
Collision,56,2,4,reported,True,False,False,False,140622,129102,0.918,0.052,medium
Vandalism,22,1,2,not_reported,True,False,False,False,43442,34322,0.79,0.065,medium
Theft,25,1,2,not_reported,True,False,False,False,87344,85597,0.98,0.18,high
Natural Disaster,56,0,10,not_required,True,False,False,False,177313,141628,0.799,0.184,low
Hail/Weather,47,0,5,not_required,True,False,False,False,66134,57754,0.873,0.08,low
Fire,65,0,2,reported,True,False,False,False,186254,148945,0.8,0.155,medium
Vandalism,41,1,3,not_reported,True,False,False,False,89460,57022,0.637,0.063,medium
Collision,29,0,0,not_required,True,False,False,False,102468,82417,0.804,0.048,low
Collision,75,0,3,reported,True,False,False,False,125541,110389,0.879,0.176,medium
Collision,70,0,6,reported,True,False,False,False,95183,79255,0.833,0.233,low
Fire,75,0,5,reported,True,False,False,False,15408,13175,0.855,0.01,low
Fire,42,0,2,not_required,True,False,False,False,158259,157445,0.995,0.133,low
Collision,21,1,2,reported,True,True,False,False,98349,72082,0.733,0.104,low
Collision,62,0,0,reported,True,False,False,False,155499,161373,1.038,0.17,low
Hit & Run,38,1,7,reported,True,False,False,False,70693,57265,0.81,0.069,high
Hit & Run,45,2,4,reported,False,False,False,False,36196,35472,0.98,0.031,high
Natural Disaster,34,0,3,reported,True,False,False,False,87293,71090,0.814,0.078,low
Vandalism,25,0,4,not_required,True,True,False,True,149247,138251,0.926,0.055,low
Collision,63,0,4,reported,False,False,False,False,80142,60356,0.753,0.126,medium
Hit & Run,50,1,2,not_required,True,False,False,False,121623,86879,0.714,0.081,low
Collision,21,3,4,reported,True,True,False,False,65040,61828,0.951,0.062,high
Collision,28,1,7,reported,False,True,False,True,62818,50224,0.8,0.101,high
Other,32,1,13,reported,True,False,False,False,75210,76254,1.014,0.133,high
Collision,48,1,2,not_reported,True,False,False,False,315178,299422,0.95,0.68,high
Theft,39,0,10,not_required,True,False,False,False,46817,45881,0.98,0.07,high
Hail/Weather,18,2,2,not_reported,True,True,False,True,95186,67620,0.71,0.112,high
Fire,51,1,1,reported,True,False,False,False,48033,33225,0.692,0.047,low
Fire,38,1,0,reported,True,False,False,False,95956,76230,0.794,0.125,low
Natural Disaster,19,1,4,reported,True,False,False,False,68395,59759,0.874,0.047,low
Hail/Weather,52,0,13,not_required,True,False,False,False,41720,34730,0.832,0.028,low
Collision,42,1,4,reported,True,False,False,False,35891,29844,0.832,0.029,medium
Vandalism,20,0,4,reported,True,True,False,True,102264,105479,1.031,0.162,medium
Collision,54,0,5,reported,True,True,False,False,51316,39574,0.771,0.031,low
Theft,24,1,2,reported,True,False,False,False,90713,88899,0.98,0.122,low
Collision,66,1,3,reported,True,True,False,False,81194,65070,0.801,0.058,low
Theft,44,1,1,not_required,True,False,False,False,317969,238705,0.751,0.393,medium
Collision,39,1,4,reported,True,False,False,False,62709,47480,0.757,0.044,low
Collision,43,0,5,reported,True,False,False,False,115934,106659,0.92,0.095,low
Collision,60,2,5,reported,True,True,False,True,104331,79897,0.766,0.051,medium
Natural Disaster,18,0,11,not_required,True,False,False,False,97113,67100,0.691,0.08,low
Vandalism,32,2,5,reported,True,True,False,False,138374,127498,0.921,0.107,high
Hit & Run,32,3,1,not_reported,True,False,False,False,69798,81283,1.165,0.092,high
Collision,36,1,1,not_required,True,False,False,False,32602,22522,0.691,0.033,low
Collision,29,2,7,reported,True,False,False,False,78541,89635,1.141,0.093,high
Collision,42,0,3,not_required,True,False,False,False,42160,33861,0.803,0.021,low
Other,37,2,3,not_required,True,True,False,False,145492,128713,0.885,0.21,high
Hit & Run,49,3,0,reported,True,True,False,True,156624,110219,0.704,0.072,medium
Collision,40,0,14,reported,True,False,False,False,82061,54754,0.667,0.097,low
Other,19,1,24,reported,True,True,False,False,147626,125556,0.851,0.263,medium
Collision,32,0,3,reported,True,False,False,False,76245,74064,0.971,0.116,low
Hit & Run,41,1,9,reported,True,False,False,False,80090,72998,0.911,0.233,high
Vandalism,43,1,8,not_reported,True,False,False,False,124759,102260,0.82,0.145,medium
Theft,46,1,3,reported,True,False,False,False,102393,93384,0.912,0.147,medium
Collision,24,1,0,reported,True,False,False,False,90511,66516,0.735,0.064,low
Collision,47,0,5,reported,True,False,False,False,67282,65937,0.98,0.094,medium
Collision,23,0,5,not_reported,True,True,False,True,111562,109331,0.98,0.12,medium
Fire,24,0,3,reported,True,True,False,False,47746,46820,0.981,0.052,low
Collision,20,0,2,not_required,True,True,False,True,70407,60580,0.86,0.088,low
Vandalism,51,1,5,not_reported,True,False,False,False,54654,39267,0.718,0.034,medium
Natural Disaster,22,0,7,reported,True,False,False,False,45698,39610,0.867,0.056,low
Other,19,1,3,not_reported,True,True,False,True,87738,75199,0.857,0.049,medium
Vandalism,25,2,3,not_reported,True,False,False,False,256052,177373,0.693,0.202,medium
Fire,66,1,2,not_required,True,False,False,False,51327,39176,0.763,0.042,low
Vandalism,48,0,9,reported,True,True,False,False,50666,37005,0.73,0.106,low
Collision,39,1,4,not_required,True,True,False,False,206380,202252,0.98,0.367,medium
Collision,24,0,3,reported,True,False,False,False,144053,150017,1.041,0.257,medium
Collision,27,1,5,not_required,True,False,False,False,113819,103817,0.912,0.088,medium
Hail/Weather,34,0,2,not_required,True,False,False,False,82708,67237,0.813,0.103,low
Vandalism,28,0,5,not_required,True,True,False,True,118197,134462,1.138,0.153,medium
Theft,46,0,4,reported,True,True,False,True,107734,68244,0.633,0.083,medium
Collision,42,0,2,not_required,True,False,False,False,62203,53868,0.866,0.035,low
Theft,51,0,1,reported,True,True,True,True,60238,46546,0.773,0.109,medium
Fire,45,0,11,reported,True,True,False,True,122575,81566,0.665,0.133,medium
Hit & Run,41,1,4,not_reported,True,False,False,False,54611,44420,0.813,0.033,medium
Collision,24,1,1,reported,True,True,False,True,95212,91888,0.965,0.078,medium
Hail/Weather,25,1,6,not_required,True,True,False,False,234145,147315,0.629,0.227,medium
Vandalism,74,0,4,reported,True,False,False,False,142510,109179,0.766,0.063,low
Other,38,0,3,not_reported,True,False,False,False,25072,27536,1.098,0.023,medium
Fire,39,1,12,reported,True,True,False,True,298593,190433,0.638,0.108,medium
Other,41,2,3,not_reported,True,False,False,False,230137,194465,0.845,0.16,high
Fire,25,1,4,not_required,True,False,False,False,94101,72307,0.768,0.159,medium
Collision,37,0,1,reported,True,True,False,False,138328,119424,0.863,0.156,low
Collision,37,1,12,reported,False,False,False,False,74420,55754,0.749,0.051,high
Hail/Weather,38,0,4,reported,True,False,False,False,86774,95586,1.102,0.135,low
Vandalism,35,0,11,not_reported,True,False,False,False,146588,90006,0.614,0.099,medium
Hail/Weather,70,1,1,not_required,True,True,False,True,155754,150932,0.969,0.133,medium
Collision,68,1,15,not_required,True,False,False,False,218341,208081,0.953,0.375,medium
Collision,44,0,0,not_reported,True,False,False,False,57877,58715,1.014,0.132,medium
Collision,29,0,3,reported,True,False,False,False,69047,67445,0.977,0.07,low
Fire,33,0,3,reported,True,False,False,False,50625,49326,0.974,0.028,low
Natural Disaster,70,0,12,reported,True,False,False,False,154806,126355,0.816,0.119,low
Collision,42,1,11,not_required,True,False,False,False,98594,65883,0.668,0.064,low
Natural Disaster,73,1,1,not_required,True,True,False,True,111762,83569,0.748,0.033,medium
Collision,35,1,1,not_reported,True,True,False,True,42548,41669,0.979,0.097,high
Vandalism,68,2,14,not_reported,True,False,False,False,84475,74759,0.885,0.097,high
Hail/Weather,48,3,14,not_required,True,True,False,False,348318,283148,0.813,0.318,high
Theft,46,0,14,reported,True,True,False,True,110578,92096,0.833,0.156,high
Collision,28,0,12,reported,True,True,False,False,108492,98401,0.907,0.134,low
Theft,66,3,3,reported,True,True,False,False,69450,68840,0.991,0.046,high
Vandalism,44,1,0,not_reported,True,False,False,False,304759,298664,0.98,0.236,medium
Natural Disaster,41,1,2,not_required,True,False,False,False,289779,255764,0.883,0.163,medium
Collision,51,1,5,reported,True,True,False,False,78010,61081,0.783,0.064,low
Collision,43,2,2,not_required,True,False,False,False,86000,84617,0.984,0.057,medium
Collision,34,0,6,reported,True,False,False,False,55051,55930,1.016,0.058,low
Collision,48,0,3,not_reported,True,False,False,False,43956,42671,0.971,0.051,low
Theft,23,1,4,reported,True,False,False,False,53192,47238,0.888,0.035,high
Collision,33,1,5,not_reported,True,False,False,False,121674,117311,0.964,0.052,high
Collision,22,1,0,reported,True,False,False,False,241297,257024,1.065,0.402,high
Other,38,0,11,not_reported,True,False,False,False,370422,300771,0.812,0.285,high
Collision,47,3,3,not_reported,True,False,False,False,44870,39088,0.871,0.041,high
Other,68,0,4,not_required,True,True,False,True,52716,41901,0.795,0.086,medium
Other,74,1,1,not_required,True,False,False,False,68787,62121,0.903,0.126,low
Theft,70,1,14,reported,True,False,False,False,106279,104153,0.98,0.11,high
Collision,25,1,0,reported,True,True,True,True,46145,36281,0.786,0.042,medium
Vandalism,40,1,4,not_required,True,False,False,False,22247,14065,0.632,0.021,medium
Hail/Weather,39,1,7,not_required,True,True,False,False,89908,91820,1.021,0.121,medium
Vandalism,48,1,4,not_required,True,False,False,False,205664,206484,1.004,0.158,medium
Collision,36,1,3,reported,True,True,False,True,21884,18629,0.851,0.018,low
Other,40,1,2,reported,True,False,False,False,504732,510059,1.011,0.652,medium
Theft,55,0,0,reported,False,False,False,False,89004,102218,1.148,0.147,high
Collision,32,1,4,not_reported,True,False,False,False,35696,37669,1.055,0.037,high
Hail/Weather,41,0,19,not_required,True,False,False,False,326126,348563,1.069,0.255,high
Hit & Run,24,1,4,reported,True,False,False,False,81474,51103,0.627,0.107,medium
Collision,45,0,5,not_required,True,False,False,False,129594,99671,0.769,0.06,low
Theft,35,3,0,reported,True,True,False,False,24309,23100,0.95,0.021,high
Other,32,2,13,not_reported,True,True,False,True,97649,74032,0.758,0.137,high
Collision,28,2,4,reported,True,False,False,False,46311,29817,0.644,0.055,low
Collision,41,0,4,reported,True,True,False,True,96072,64967,0.676,0.087,low
Hit & Run,41,1,3,reported,True,False,False,False,183526,204171,1.112,0.257,high
Other,43,0,1,reported,True,False,False,False,54517,53427,0.98,0.071,low
Collision,36,2,4,reported,True,False,False,False,167489,138153,0.825,0.062,low
Hail/Weather,49,1,3,not_required,True,True,False,False,75412,74575,0.989,0.068,high
Collision,37,2,4,not_reported,True,True,False,True,216666,233157,1.076,0.421,high
Collision,51,1,14,reported,True,True,False,True,107521,108075,1.005,0.129,high
Collision,22,1,4,reported,True,False,False,False,106044,70881,0.668,0.06,low
Vandalism,62,1,2,not_reported,False,False,False,False,116367,96008,0.825,0.064,high
Collision,37,4,5,reported,True,False,False,False,299463,288997,0.965,0.287,high
Fire,43,0,5,reported,True,False,False,False,145013,84867,0.585,0.08,low
Hail/Weather,28,0,2,not_required,True,False,False,False,101559,104092,1.025,0.149,low
Vandalism,25,0,5,not_reported,True,False,False,False,85029,85374,1.004,0.066,medium
Vandalism,28,0,1,not_required,True,False,False,False,134550,129345,0.961,0.118,low
Collision,25,1,10,reported,True,False,False,False,233911,145507,0.622,0.132,medium
Collision,34,0,5,reported,True,False,False,False,100596,91882,0.913,0.087,low
Theft,62,2,5,not_required,True,False,False,False,83379,74287,0.891,0.119,high
Collision,23,0,27,not_required,True,True,False,True,32364,26458,0.818,0.051,high
Collision,27,1,2,reported,True,False,False,False,57405,56257,0.98,0.104,low
Theft,43,3,11,reported,True,False,False,False,71758,55444,0.773,0.032,medium
Collision,52,0,25,reported,True,False,False,False,79038,68619,0.868,0.072,medium
Collision,45,0,3,not_required,True,False,False,False,89654,73880,0.824,0.215,medium
Other,38,1,12,not_reported,False,True,False,True,59970,50720,0.846,0.066,high
Collision,36,1,1,reported,True,True,False,False,77966,86695,1.112,0.112,medium
Fire,44,4,14,reported,True,False,False,False,63282,49055,0.775,0.041,high
Natural Disaster,24,0,3,not_required,True,False,False,False,105191,68826,0.654,0.122,low
Natural Disaster,60,0,0,not_required,True,False,False,False,36605,28405,0.776,0.061,low
Collision,45,2,5,not_reported,True,True,False,False,56231,50425,0.897,0.043,medium
Theft,40,1,0,not_reported,True,False,False,False,71268,68183,0.957,0.071,high
Vandalism,61,0,1,not_reported,True,True,False,True,31985,21049,0.658,0.018,medium
Collision,34,4,1,not_reported,True,False,False,False,79688,80512,1.01,0.087,high
Collision,19,0,3,reported,True,False,False,False,34588,33897,0.98,0.033,low
Collision,60,2,0,reported,True,False,False,False,23498,19987,0.851,0.019,low
Natural Disaster,39,0,5,not_required,True,False,False,False,90011,64964,0.722,0.161,low
Vandalism,45,0,4,not_reported,True,False,False,False,35171,28634,0.814,0.03,low
Hail/Weather,70,0,11,reported,True,False,False,False,118697,97983,0.825,0.088,low
Collision,40,1,5,reported,True,False,False,False,93172,77744,0.834,0.067,low
Collision,46,0,2,reported,True,False,False,False,48597,51433,1.058,0.055,low
Collision,71,1,10,reported,True,True,False,False,243430,280222,1.151,0.702,high
Collision,50,0,0,not_required,True,False,False,False,219416,224214,1.022,0.313,medium
Other,27,1,13,not_reported,True,False,False,False,60103,64912,1.08,0.109,high
Hail/Weather,18,1,4,not_required,True,True,False,True,119000,115996,0.975,0.169,medium
Collision,51,0,11,not_reported,True,False,False,False,62041,61112,0.985,0.073,medium
Vandalism,46,2,4,not_reported,True,False,False,False,82270,88022,1.07,0.095,high
Theft,30,0,11,reported,True,True,False,True,106689,89062,0.835,0.04,medium
Collision,25,0,1,reported,True,False,False,False,201673,152326,0.755,0.131,low
Collision,73,1,2,reported,True,False,False,False,96782,84876,0.877,0.124,low
Hit & Run,37,2,6,reported,True,False,False,False,97115,95173,0.98,0.051,high
Hit & Run,47,2,8,not_required,True,False,False,False,196479,199830,1.017,0.28,high
Collision,27,1,5,reported,True,False,False,False,145521,100670,0.692,0.107,low
Collision,46,2,3,not_required,True,False,False,False,85506,84122,0.984,0.092,high
Collision,49,2,2,reported,True,False,False,False,93516,99806,1.067,0.193,high
Theft,25,2,2,reported,True,True,True,True,99494,97081,0.976,0.155,high
Collision,46,1,1,not_reported,True,True,True,False,62920,51198,0.814,0.06,medium
Collision,40,0,4,not_required,True,False,False,False,77814,56995,0.732,0.03,low
Hit & Run,62,1,0,not_reported,True,True,False,False,89171,97698,1.096,0.047,high
Collision,20,0,1,reported,True,True,True,True,54238,57288,1.056,0.044,medium
Collision,42,1,22,reported,True,True,False,True,173767,124514,0.717,0.052,medium
Theft,51,1,0,not_reported,True,False,False,False,146401,119773,0.818,0.111,high
Hit & Run,63,0,4,reported,True,True,False,True,68634,69382,1.011,0.119,medium
Theft,37,1,1,reported,True,False,False,False,161020,95790,0.595,0.208,low
Hit & Run,49,0,1,not_reported,True,True,False,False,79701,57109,0.717,0.079,high
Theft,20,1,2,reported,True,True,False,True,23635,19538,0.827,0.025,high
Collision,19,2,4,reported,True,False,False,False,54297,48969,0.902,0.155,medium
Theft,49,0,9,reported,True,False,False,False,36537,36224,0.991,0.068,low
Vandalism,29,0,4,not_reported,False,True,False,False,101490,80454,0.793,0.057,high
Collision,24,5,10,not_reported,True,False,False,False,51657,53091,1.028,0.079,high
Collision,32,0,0,not_required,True,False,False,False,117951,67490,0.572,0.056,low
Other,64,1,3,not_required,True,False,False,False,81325,79699,0.98,0.104,medium
Theft,39,1,5,reported,True,True,False,False,177903,167474,0.941,0.156,medium
Natural Disaster,44,0,5,not_required,True,True,False,True,82255,69654,0.847,0.051,medium
Collision,40,0,10,reported,True,True,False,True,111861,112275,1.004,0.181,medium
Vandalism,43,0,2,not_reported,True,True,False,False,146353,117411,0.802,0.232,high
Collision,33,1,12,reported,True,False,False,False,36444,32888,0.902,0.047,low
Hit & Run,39,0,1,reported,True,False,False,False,150750,162810,1.08,0.159,high
Hit & Run,27,1,29,reported,True,False,False,False,143523,140652,0.98,0.287,high
Other,44,0,14,not_reported,True,False,False,False,59474,47680,0.802,0.06,medium
Theft,29,1,2,reported,True,True,False,True,59303,36696,0.619,0.048,medium
Natural Disaster,25,1,12,not_required,False,False,False,False,79791,65586,0.822,0.136,high
Collision,24,1,4,reported,True,False,False,False,21439,18588,0.867,0.008,low
Vandalism,36,1,5,not_reported,True,False,False,False,45246,44341,0.98,0.041,high
Hit & Run,47,1,5,reported,True,True,False,False,42870,41991,0.979,0.057,high
Natural Disaster,33,0,10,not_reported,True,True,False,False,95498,93793,0.982,0.062,high
Theft,32,1,1,reported,True,True,False,True,72895,57854,0.794,0.059,medium
Collision,45,2,3,not_reported,True,False,False,False,107697,73689,0.684,0.186,medium
Vandalism,22,0,14,not_reported,True,True,False,True,98763,79875,0.809,0.059,high
Theft,48,3,0,reported,False,True,False,True,49424,36044,0.729,0.035,high
Theft,32,0,3,reported,True,True,False,False,94449,85527,0.906,0.103,medium
Theft,42,0,4,reported,True,False,False,False,239794,154585,0.645,0.368,low
Collision,69,3,1,not_reported,True,False,False,False,30672,25556,0.833,0.034,medium
Vandalism,18,2,4,not_required,True,False,False,False,175625,161427,0.919,0.094,medium
Collision,30,0,0,reported,True,False,False,False,81774,60250,0.737,0.049,low
Collision,62,0,2,reported,True,False,False,False,119797,93253,0.778,0.1,low
Hail/Weather,26,0,0,not_required,True,True,False,False,80452,60793,0.756,0.073,low
Theft,19,1,12,not_reported,True,False,False,False,156181,119130,0.763,0.148,high
Vandalism,38,1,5,not_required,True,False,False,False,35763,27910,0.78,0.05,low
Fire,43,0,4,reported,True,True,False,False,39666,42197,1.064,0.059,medium
Collision,34,0,7,reported,True,False,False,False,71907,54982,0.765,0.033,low
Theft,46,0,3,reported,True,False,False,False,61422,56677,0.923,0.104,medium
Vandalism,51,0,2,not_reported,True,False,False,False,157457,86673,0.55,0.114,low
Hit & Run,25,2,5,reported,False,True,False,True,64583,44892,0.695,0.078,high
Hail/Weather,35,2,0,not_required,True,False,False,False,87795,73135,0.833,0.126,medium
Theft,61,0,12,not_reported,True,False,False,False,65995,43988,0.667,0.036,high
Other,57,0,6,reported,True,False,False,False,64487,47149,0.731,0.043,low
Hit & Run,23,1,5,reported,True,False,False,False,9699,9065,0.935,0.016,medium
Collision,55,0,3,reported,True,False,False,False,58629,62390,1.064,0.142,low
Hail/Weather,36,1,30,not_required,True,False,False,False,92955,90656,0.975,0.121,medium
Collision,53,0,1,reported,True,True,True,True,150471,136972,0.91,0.202,high
Fire,28,2,1,reported,True,False,False,False,45083,44039,0.977,0.056,medium
Collision,19,0,20,reported,True,False,False,False,141746,122349,0.863,0.093,high
Theft,28,0,2,reported,True,True,True,True,60636,44714,0.737,0.073,low
Hail/Weather,74,3,0,reported,True,True,False,True,38026,35391,0.931,0.057,high
Collision,18,1,9,reported,True,False,False,False,24256,20144,0.83,0.021,medium
Theft,55,1,5,reported,True,False,False,False,65665,42193,0.643,0.069,medium
Hit & Run,39,2,13,reported,True,False,False,False,68780,53433,0.777,0.036,high
Fire,34,1,11,reported,True,True,False,False,187388,129966,0.694,0.117,medium
Other,44,2,0,not_required,True,True,False,True,128858,97920,0.76,0.146,high
Hail/Weather,64,2,14,not_required,True,True,False,True,87699,60791,0.693,0.096,high
Other,69,1,4,reported,True,False,False,False,37653,28166,0.748,0.047,low
Hit & Run,22,0,4,not_reported,True,True,False,True,40034,39233,0.98,0.04,medium
Fire,50,0,4,reported,True,False,False,False,37225,25953,0.697,0.014,low
Hail/Weather,70,0,4,not_required,True,False,False,False,133232,116303,0.873,0.132,low
Hit & Run,43,0,13,reported,True,False,False,False,145434,102981,0.708,0.198,medium
Natural Disaster,42,1,1,not_required,True,False,False,False,32823,26859,0.818,0.026,low
Fire,41,0,1,not_required,True,False,False,False,46705,45771,0.98,0.049,medium
Natural Disaster,46,1,25,not_required,True,False,False,False,80133,54973,0.686,0.064,medium
Vandalism,44,1,1,reported,True,False,False,False,106944,104805,0.98,0.083,low
Hit & Run,42,0,13,not_reported,False,False,False,False,65437,58157,0.889,0.075,high
Vandalism,65,0,6,not_required,True,True,False,True,307986,253322,0.823,0.524,medium
Hit & Run,56,0,1,reported,True,True,False,True,44755,42936,0.959,0.088,high
Natural Disaster,31,1,11,reported,True,False,False,False,143428,116036,0.809,0.157,medium
Other,33,0,3,reported,True,True,False,True,88836,59457,0.669,0.068,low
Other,49,1,1,not_reported,True,False,False,False,44159,35298,0.799,0.04,low
Vandalism,53,1,5,reported,True,False,False,False,45529,29563,0.649,0.036,medium
Vandalism,31,0,3,reported,True,False,False,False,121793,131537,1.08,0.237,low
Other,44,3,1,not_required,True,False,False,False,29129,18910,0.649,0.023,low
Collision,41,0,3,reported,True,False,False,False,96245,63139,0.656,0.078,low
Collision,73,1,14,reported,True,True,False,False,27233,20405,0.749,0.025,high
Theft,47,1,9,reported,True,False,False,False,17549,12294,0.701,0.024,medium
Other,32,1,11,not_required,True,True,False,True,75343,83313,1.106,0.065,high
Collision,43,2,4,not_reported,True,True,False,True,143999,114064,0.792,0.148,high
Hit & Run,45,0,2,not_required,True,False,False,False,48042,41226,0.858,0.046,low
Hit & Run,37,0,14,reported,True,False,False,False,59041,50619,0.857,0.107,medium
Vandalism,38,0,3,reported,True,True,False,True,82244,60378,0.734,0.066,medium
Collision,21,2,4,not_required,True,True,True,True,81801,72418,0.885,0.102,high
Collision,75,0,0,not_reported,True,False,False,False,113621,95983,0.845,0.126,low
Collision,43,1,14,reported,True,True,False,False,53218,46132,0.867,0.033,medium
Natural Disaster,72,0,10,not_required,True,True,False,True,78451,57746,0.736,0.128,medium
Theft,60,0,0,not_required,False,False,False,False,251994,209125,0.83,0.318,high
Hit & Run,50,1,1,reported,True,True,False,True,43866,36678,0.836,0.049,high
Vandalism,36,1,8,not_reported,True,True,False,False,75605,59310,0.784,0.073,high
Other,35,1,3,not_reported,False,False,False,False,30144,21805,0.723,0.022,high
Vandalism,27,2,9,not_reported,False,True,True,False,240658,160258,0.666,0.395,high
Collision,74,3,3,reported,True,False,False,False,29537,23422,0.793,0.06,low
Collision,54,2,0,not_required,True,True,False,False,91119,89296,0.98,0.077,high
Collision,49,2,5,not_required,True,False,False,False,73686,59973,0.814,0.054,low
Natural Disaster,64,1,18,not_required,True,False,False,False,83459,67500,0.809,0.101,medium
Theft,56,1,2,reported,True,False,False,False,129472,126883,0.98,0.2,medium
Theft,36,0,1,reported,True,False,False,False,57662,55310,0.959,0.022,medium
Hit & Run,57,1,4,reported,True,False,False,False,102572,100520,0.98,0.055,medium
Vandalism,33,0,2,reported,True,True,False,False,41473,45165,1.089,0.047,medium
Natural Disaster,47,0,2,not_required,True,True,False,True,94221,104615,1.11,0.066,medium
Collision,40,1,2,not_reported,True,False,False,False,136727,112891,0.826,0.161,medium
Other,51,0,1,reported,True,False,False,False,99420,94196,0.947,0.16,low
Collision,21,0,0,not_reported,True,False,False,False,58412,52012,0.89,0.049,medium
Fire,62,1,6,reported,True,False,False,False,66945,57106,0.853,0.038,medium
Vandalism,33,0,0,not_reported,True,True,False,True,144622,106389,0.736,0.129,high
Theft,19,0,6,reported,True,False,False,False,22171,18913,0.853,0.024,medium
Collision,49,1,3,not_reported,True,True,False,True,91490,69939,0.764,0.071,low
Hit & Run,32,1,3,reported,False,True,False,False,28952,28625,0.989,0.021,high
Collision,74,2,6,not_required,False,True,True,False,45203,48822,1.08,0.095,high
Collision,55,1,14,reported,True,True,False,False,53447,38438,0.719,0.028,medium
Theft,39,0,8,reported,True,True,False,True,37514,23463,0.625,0.033,medium
Collision,24,0,2,reported,True,False,False,False,70669,66579,0.942,0.095,low
Collision,34,0,1,not_reported,True,True,True,True,103897,66623,0.641,0.079,medium
Collision,45,1,1,not_required,True,True,False,True,69140,59568,0.862,0.041,medium
Theft,58,1,5,reported,True,True,False,False,125439,103427,0.825,0.192,high
Hit & Run,66,2,4,reported,True,False,False,False,101068,62576,0.619,0.032,medium
Theft,58,0,2,not_reported,True,True,False,True,72334,81543,1.127,0.111,high
Collision,41,1,11,reported,True,True,False,True,70528,60070,0.852,0.037,medium
Hail/Weather,47,1,9,not_required,True,False,False,False,317507,268871,0.847,0.213,medium
Other,46,1,4,not_reported,False,False,False,False,108992,98592,0.905,0.052,high
Collision,50,1,4,not_reported,True,False,False,False,232857,207301,0.89,0.123,medium
Natural Disaster,42,1,1,reported,True,False,False,False,69168,62017,0.897,0.08,medium
Collision,23,2,4,not_required,True,False,False,False,210210,206006,0.98,0.327,high
Hail/Weather,25,0,4,not_required,True,True,False,True,90946,79781,0.877,0.105,medium
Natural Disaster,31,1,0,not_required,True,True,False,True,124678,96701,0.776,0.12,medium
Collision,48,1,5,not_required,True,False,False,False,77905,80555,1.034,0.192,medium
Hit & Run,28,1,12,not_reported,True,True,False,False,55787,37911,0.68,0.061,high
Hit & Run,36,1,4,reported,True,True,True,True,78908,58134,0.737,0.064,medium
Collision,54,1,0,reported,True,True,True,False,110173,98747,0.896,0.085,medium
Theft,25,2,11,reported,True,False,False,False,96280,79222,0.823,0.146,high
Collision,40,2,3,reported,True,True,False,True,91276,86961,0.953,0.087,medium
Hit & Run,40,2,6,not_required,True,False,False,False,69277,66055,0.953,0.199,high
Hit & Run,37,0,0,reported,True,False,False,False,117560,123627,1.052,0.154,low
Vandalism,37,0,0,reported,True,True,True,True,88645,72703,0.82,0.077,medium
Other,35,2,14,reported,True,False,False,False,188979,173317,0.917,0.358,high
Fire,38,2,0,not_required,True,True,False,True,91824,60329,0.657,0.076,high
Other,20,1,3,not_reported,True,False,False,False,184261,141099,0.766,0.191,low
Collision,33,1,0,reported,True,False,False,False,37666,40735,1.081,0.028,low
Hit & Run,44,1,0,reported,True,True,False,True,86137,62627,0.727,0.098,low
Vandalism,42,0,3,not_required,True,False,False,False,72801,71486,0.982,0.061,medium
Collision,46,1,11,reported,True,False,False,False,237348,197442,0.832,0.125,medium
Other,38,0,2,reported,True,False,False,False,127275,135286,1.063,0.258,medium
Collision,39,1,3,not_reported,True,True,False,True,42956,41052,0.956,0.046,high
Other,43,1,1,reported,True,False,False,False,94814,76766,0.81,0.137,low
Collision,48,1,2,reported,True,True,False,True,13606,10435,0.767,0.007,low
Collision,37,0,4,reported,True,False,False,False,75920,46896,0.618,0.036,low
Other,23,2,3,not_required,True,True,False,True,66021,44007,0.667,0.063,medium
Other,62,1,1,reported,True,False,False,False,60813,65625,1.079,0.157,low
Fire,44,1,7,reported,True,False,False,False,224653,187439,0.834,0.287,high
Vandalism,73,3,5,reported,True,False,False,False,45018,34022,0.756,0.026,high
Hail/Weather,32,0,12,reported,True,True,False,False,59173,61779,1.044,0.049,low
Collision,36,1,2,reported,True,True,False,True,249426,258074,1.035,0.291,medium
Collision,43,0,9,reported,True,False,False,False,113851,86363,0.759,0.082,medium
Collision,38,1,0,not_reported,True,True,False,False,350596,299699,0.855,0.449,high
Theft,31,2,5,reported,True,False,False,False,123853,91202,0.736,0.107,medium
Collision,43,2,5,not_reported,True,False,False,False,38170,26509,0.694,0.04,high
Theft,60,0,9,reported,True,True,False,False,104418,73480,0.704,0.058,high
Theft,69,2,5,reported,True,False,False,False,142015,106044,0.747,0.137,medium
Theft,44,1,9,reported,True,False,False,False,133635,82457,0.617,0.04,high
Hail/Weather,39,2,14,not_reported,True,True,False,True,204361,164512,0.805,0.39,high
Fire,70,0,6,reported,True,False,False,False,50908,53833,1.057,0.117,medium
Hit & Run,46,0,4,not_reported,True,True,False,True,142307,113462,0.797,0.127,high
Other,56,2,2,reported,True,True,False,False,24546,17368,0.708,0.021,low
Natural Disaster,75,0,13,not_required,True,False,False,False,79369,49677,0.626,0.126,medium
Natural Disaster,49,1,5,not_required,True,True,False,True,121511,81918,0.674,0.117,medium
Collision,41,3,2,not_required,True,False,False,False,142441,89897,0.631,0.157,medium
Hit & Run,24,2,8,not_reported,True,True,False,True,49984,43767,0.876,0.041,high
Collision,21,1,5,reported,True,False,False,False,34004,25962,0.764,0.024,low
Collision,39,0,3,not_reported,True,False,False,False,103712,83804,0.808,0.101,low
Collision,23,2,4,not_required,False,True,False,False,21386,12370,0.578,0.018,high
Fire,50,2,28,reported,True,False,False,False,28807,22696,0.788,0.024,high
Collision,25,0,7,not_reported,True,False,False,False,45798,31417,0.686,0.02,medium
Collision,35,1,3,reported,True,False,False,False,100755,67993,0.675,0.095,low
Other,28,1,1,not_reported,True,False,False,False,57465,47182,0.821,0.036,medium
Collision,22,2,3,not_required,True,True,False,True,11214,11945,1.065,0.025,high
Collision,59,1,3,reported,True,False,False,False,149941,122225,0.815,0.076,low
Other,30,0,15,reported,True,True,False,False,113611,94708,0.834,0.049,low
Hit & Run,52,1,8,reported,True,True,False,True,101439,74836,0.738,0.053,medium
Collision,66,1,4,reported,True,True,True,True,9157,6751,0.737,0.007,medium
Hit & Run,47,1,12,reported,True,True,False,True,91899,79956,0.87,0.09,high
Collision,45,2,0,reported,True,False,False,False,121140,101026,0.834,0.203,medium
Hit & Run,48,2,7,not_reported,True,True,True,True,161338,146832,0.91,0.321,high
Collision,49,1,1,reported,True,False,False,False,53789,54105,1.006,0.045,high
Vandalism,55,4,5,not_reported,True,True,False,True,46668,48012,1.029,0.056,high
Fire,32,0,0,reported,True,True,False,True,75269,58536,0.778,0.062,low
Collision,41,1,23,reported,True,True,False,True,42872,29296,0.683,0.027,high
Natural Disaster,39,2,2,reported,True,True,False,False,206724,213361,1.032,0.35,high
Collision,51,0,2,reported,True,False,False,False,102951,100892,0.98,0.185,low
Vandalism,22,2,5,reported,True,False,False,False,54443,49390,0.907,0.082,medium
Hit & Run,24,0,5,reported,True,False,False,False,109442,96123,0.878,0.07,medium
Collision,34,0,5,not_reported,True,False,False,False,394390,334595,0.848,0.489,medium
Collision,48,3,12,reported,True,True,False,True,50036,39421,0.788,0.085,high
Collision,41,0,5,not_reported,True,True,False,True,61095,59873,0.98,0.057,high
Collision,43,0,4,reported,True,True,False,True,42377,42411,1.001,0.04,high
Collision,25,0,13,not_reported,True,False,False,False,64192,51265,0.799,0.042,high
Collision,22,1,5,not_reported,False,False,False,False,23062,16916,0.734,0.014,high
Collision,47,4,0,not_reported,True,False,False,False,81243,84752,1.043,0.074,high
Collision,25,2,5,reported,True,False,False,False,53097,43694,0.823,0.05,low
Collision,39,1,3,not_reported,True,False,False,False,49681,56236,1.132,0.05,medium
Natural Disaster,52,1,0,not_required,True,True,False,True,130867,110099,0.841,0.128,high
Collision,42,1,8,reported,True,False,False,False,105550,98657,0.935,0.128,low
Collision,48,3,12,not_reported,True,True,False,False,133997,122698,0.916,0.162,high
Collision,33,1,1,reported,True,True,False,True,109092,106140,0.973,0.163,medium
Collision,41,3,5,not_required,False,True,True,True,157455,110806,0.704,0.223,high
Collision,41,0,4,reported,True,False,False,False,47087,43271,0.919,0.113,low
Other,33,1,3,reported,True,True,False,False,21530,16146,0.75,0.021,low
Natural Disaster,53,0,6,not_reported,True,True,False,True,171190,178324,1.042,0.17,medium
Collision,23,2,2,not_required,True,True,False,False,101159,84220,0.833,0.072,high
Theft,46,0,7,reported,False,True,False,True,40826,38475,0.942,0.028,high
Collision,33,2,1,reported,True,True,False,False,53134,63371,1.193,0.062,high
Hail/Weather,61,3,4,not_required,True,False,False,False,41792,42170,1.009,0.041,high
Collision,25,2,0,not_required,True,True,False,False,54070,58424,1.081,0.065,medium
Collision,41,1,14,reported,True,False,False,False,166773,198724,1.192,0.599,high
Other,46,1,4,reported,True,False,False,False,164725,143343,0.87,0.345,medium
Other,34,0,3,not_required,True,False,False,False,33309,26177,0.786,0.027,low
Collision,20,1,27,reported,True,False,False,False,39809,39012,0.98,0.036,medium
Vandalism,25,0,3,not_reported,True,False,False,False,53885,44391,0.824,0.09,low
Collision,41,1,1,reported,True,True,False,False,154045,110053,0.714,0.078,low
Theft,55,0,1,reported,True,False,False,False,41286,34050,0.825,0.023,low
Collision,47,0,5,not_reported,True,False,False,False,141397,109861,0.777,0.156,low
Collision,64,1,0,not_required,True,False,False,False,112410,96060,0.855,0.072,low
Collision,66,1,4,reported,True,False,False,False,46820,45550,0.973,0.046,medium
Hit & Run,22,0,5,reported,True,False,False,False,66061,59496,0.901,0.115,medium
Hail/Weather,46,0,3,not_required,True,True,False,False,74885,59178,0.79,0.073,low
Hit & Run,26,0,2,not_required,True,False,False,False,198170,163948,0.827,0.216,low
Fire,47,2,3,not_reported,False,True,False,False,158005,111319,0.705,0.094,high
Collision,61,0,5,reported,True,False,False,False,141587,128770,0.909,0.314,low
Collision,37,3,0,not_reported,True,False,False,False,196739,193362,0.983,0.104,high
Collision,40,2,9,reported,True,True,False,False,46008,45998,1.0,0.063,medium
Collision,31,0,5,reported,True,False,False,False,54467,43831,0.805,0.083,low
Collision,54,1,12,reported,True,False,False,False,71860,48579,0.676,0.032,low
Collision,25,0,12,reported,True,False,False,False,21990,19690,0.895,0.027,low
Collision,26,1,4,not_reported,False,True,False,False,11050,10829,0.98,0.011,high
Collision,42,2,0,reported,True,False,False,False,88221,55657,0.631,0.073,low
Theft,25,2,7,reported,True,False,False,False,112614,66951,0.595,0.178,high
Theft,72,0,10,reported,True,False,False,False,83839,59137,0.705,0.059,high
Vandalism,29,3,3,not_reported,True,False,False,False,83171,71182,0.856,0.04,high
Collision,70,4,2,reported,True,False,False,False,56409,44068,0.781,0.036,high
Collision,43,1,17,not_required,True,True,False,True,45757,42096,0.92,0.031,high
Theft,37,0,0,not_reported,True,False,False,False,47181,31980,0.678,0.014,low
Hail/Weather,43,0,5,not_reported,True,False,False,False,37031,31289,0.845,0.029,low
Collision,63,1,13,reported,True,True,False,True,75166,88007,1.171,0.089,high
Vandalism,39,2,1,not_required,True,True,False,True,107754,104079,0.966,0.177,high
Collision,62,1,3,not_required,True,True,True,True,211154,170578,0.808,0.132,high
Hail/Weather,25,0,21,not_required,True,False,False,False,66891,55499,0.83,0.136,low
Vandalism,49,2,1,not_reported,True,False,False,False,50376,57220,1.136,0.066,high
Collision,51,2,3,not_reported,True,False,False,False,30969,32173,1.039,0.049,high
Hit & Run,52,0,0,reported,True,False,False,False,259402,177156,0.683,0.122,low
Collision,25,2,2,not_required,True,False,False,False,22543,22092,0.98,0.026,medium
Collision,45,0,4,reported,False,False,False,False,228347,171484,0.751,0.172,low
Vandalism,37,1,3,reported,True,True,False,False,69567,53155,0.764,0.073,low
Hail/Weather,29,1,0,not_required,True,False,False,False,92550,75989,0.821,0.099,low
Theft,43,1,3,reported,True,False,False,False,52378,56324,1.075,0.059,medium
Hail/Weather,19,1,5,not_required,True,True,False,True,29215,19050,0.652,0.04,medium
Hit & Run,42,0,3,reported,True,False,False,False,76519,53285,0.696,0.118,low
Collision,36,1,12,reported,True,True,False,True,71452,67689,0.947,0.06,high
Collision,34,1,1,reported,True,False,False,False,55888,44533,0.797,0.071,low
Collision,25,0,4,reported,True,False,False,False,64182,43366,0.676,0.076,low
Collision,38,0,5,reported,True,False,False,False,43363,29133,0.672,0.088,low
Vandalism,18,0,2,reported,True,True,True,False,287920,299025,1.039,0.497,high
Vandalism,46,1,4,reported,True,False,False,False,20711,20813,1.005,0.012,low
Collision,37,0,3,reported,True,False,False,False,79102,77519,0.98,0.14,low
Collision,26,0,9,not_reported,True,False,False,False,232383,227735,0.98,0.298,high
Fire,25,1,0,not_reported,True,True,False,False,71997,61997,0.861,0.073,medium
Theft,51,1,0,reported,True,False,False,False,550189,464101,0.844,0.641,high
Hit & Run,34,1,5,reported,True,True,False,False,242912,191583,0.789,0.173,high
Collision,19,2,19,reported,True,True,False,False,61886,66837,1.08,0.118,high
Collision,20,1,6,reported,True,False,False,False,30225,34875,1.154,0.067,low
Collision,38,0,3,reported,True,False,False,False,68470,76388,1.116,0.062,low
Collision,41,0,2,reported,True,True,False,True,109809,80467,0.733,0.079,low
Collision,63,1,3,not_required,True,False,False,False,187245,182109,0.973,0.232,low
Natural Disaster,73,1,14,reported,True,True,False,True,168138,158812,0.945,0.153,high
Collision,43,1,4,reported,True,False,False,False,241427,252339,1.045,0.289,medium
Natural Disaster,44,1,13,not_required,False,False,False,False,27792,28602,1.029,0.032,high
Natural Disaster,54,1,3,not_reported,True,False,False,False,44465,39105,0.879,0.055,low
Collision,74,0,2,reported,True,False,False,False,97357,98500,1.012,0.196,low
Hit & Run,38,1,5,reported,True,False,False,False,137502,92142,0.67,0.092,medium
Collision,41,1,2,reported,True,False,False,False,40817,36334,0.89,0.067,low
Collision,33,2,0,reported,True,False,False,False,107511,89607,0.833,0.146,low
Other,44,1,0,reported,True,True,True,True,45128,44525,0.987,0.037,medium
Natural Disaster,18,2,10,not_required,True,False,False,False,33686,22929,0.681,0.034,medium
Collision,58,2,1,not_required,True,False,False,False,185649,196514,1.059,0.279,high
Natural Disaster,70,0,1,reported,True,True,False,True,139447,99055,0.71,0.069,low
Other,32,0,5,not_reported,True,True,False,True,39547,39391,0.996,0.07,medium
Collision,32,0,14,reported,True,False,False,False,53636,37370,0.697,0.09,low
Fire,31,1,11,reported,True,True,False,True,44898,36301,0.809,0.133,high
Natural Disaster,44,1,3,not_required,True,False,False,False,115121,118936,1.033,0.086,medium
Collision,72,1,1,reported,True,False,False,False,43931,45399,1.033,0.096,medium
Vandalism,32,1,2,reported,True,True,False,True,88172,91774,1.041,0.224,high
Other,52,1,5,not_required,True,False,False,False,51917,39591,0.763,0.043,low
Hit & Run,25,0,2,not_reported,True,False,False,False,75028,46594,0.621,0.06,low
Collision,41,1,0,not_reported,True,True,False,False,121122,74170,0.612,0.1,low
Hail/Weather,47,0,1,not_reported,True,False,False,False,15452,13729,0.889,0.015,low
Hail/Weather,52,1,0,reported,True,True,False,True,40853,40258,0.985,0.058,low
Other,42,3,5,reported,True,False,False,False,84128,62354,0.741,0.089,low
Collision,33,0,1,not_required,True,False,False,False,112725,108994,0.967,0.137,low
Collision,65,1,4,not_reported,True,False,False,False,128272,86323,0.673,0.112,medium
Fire,41,0,5,not_reported,True,False,False,False,60980,63815,1.046,0.053,high
Collision,44,1,7,reported,True,False,False,False,135554,99415,0.733,0.098,medium
Collision,18,1,1,reported,True,False,False,False,37661,29066,0.772,0.035,low
Theft,70,0,4,reported,True,True,False,True,44716,48208,1.078,0.025,high
Theft,35,2,0,reported,True,True,False,True,86012,71052,0.826,0.112,high
Collision,67,1,16,not_reported,True,True,False,True,48909,37576,0.768,0.046,high
Collision,52,1,2,reported,True,True,False,True,107651,81355,0.756,0.069,low
Theft,22,0,0,reported,True,True,True,False,38341,30626,0.799,0.02,medium
Collision,40,2,2,reported,True,False,False,False,91220,68302,0.749,0.08,low
Theft,47,1,20,reported,True,False,False,False,215494,212920,0.988,0.353,high
Natural Disaster,67,2,27,not_required,True,True,False,True,30915,32154,1.04,0.024,high
Collision,29,1,1,reported,True,True,True,False,40182,31690,0.789,0.053,medium
Collision,18,0,22,not_required,True,False,False,False,223905,204818,0.915,0.082,high
Collision,18,0,21,reported,True,True,False,False,163786,141863,0.866,0.121,medium
Collision,67,0,5,reported,False,True,False,False,43779,38344,0.876,0.029,high
Hail/Weather,36,0,3,not_required,True,False,False,False,70529,51926,0.736,0.098,low
Collision,48,1,0,reported,True,False,False,False,26499,27781,1.048,0.06,low
Natural Disaster,19,0,3,reported,True,False,False,False,83244,58981,0.709,0.129,low
Vandalism,20,1,11,reported,True,False,False,False,129468,133923,1.034,0.13,medium
Collision,31,1,5,reported,True,False,False,False,178492,147643,0.827,0.202,low
Collision,45,1,9,not_reported,True,True,False,True,86135,92682,1.076,0.142,high
Other,44,0,4,not_required,True,True,False,False,61834,38346,0.62,0.034,low
Other,34,0,0,not_reported,True,False,False,False,68473,53904,0.787,0.044,low
Vandalism,32,1,4,not_reported,True,False,False,False,112111,109869,0.98,0.131,medium
Hail/Weather,18,1,4,reported,True,True,False,False,92348,74784,0.81,0.104,low
Collision,26,1,2,reported,True,True,False,False,37035,27017,0.729,0.027,low
Theft,53,0,14,reported,True,True,True,True,261796,279200,1.066,0.19,high
Natural Disaster,40,1,14,not_reported,True,False,False,False,38834,28943,0.745,0.032,high
Collision,56,1,1,reported,True,False,False,False,133207,102187,0.767,0.089,low
Collision,57,1,0,not_reported,True,False,False,False,54889,39161,0.713,0.028,low
Collision,47,1,3,reported,True,True,False,False,192358,188511,0.98,0.163,medium
Collision,25,0,2,not_reported,True,True,False,True,75715,72139,0.953,0.042,medium
Hail/Weather,71,1,1,not_required,False,True,False,True,125064,135069,1.08,0.101,high
Fire,50,3,23,reported,True,True,False,True,151012,119975,0.794,0.119,high
Other,44,1,5,reported,True,False,False,False,129556,95749,0.739,0.147,medium
Hail/Weather,33,2,14,not_reported,True,False,False,False,67750,60988,0.9,0.073,high
Collision,37,3,3,reported,True,False,False,False,78722,73386,0.932,0.107,high
Collision,42,3,3,reported,True,False,False,False,79172,56223,0.71,0.051,low
Vandalism,38,1,10,not_required,True,True,False,True,35564,24607,0.692,0.026,high
Fire,52,0,3,not_required,True,True,False,True,153790,121050,0.787,0.192,high
Collision,37,0,3,not_required,True,False,False,False,14560,10721,0.736,0.024,low
Natural Disaster,38,1,1,not_reported,True,False,False,False,134272,131587,0.98,0.34,medium
Collision,39,1,1,not_reported,True,False,False,False,82295,62853,0.764,0.145,medium
Theft,72,1,2,reported,True,False,False,False,32004,27682,0.865,0.028,medium
Collision,43,0,4,reported,True,True,False,False,114959,77821,0.677,0.085,low
Hail/Weather,39,0,0,not_reported,True,False,False,False,162107,115874,0.715,0.114,low
Collision,20,0,3,reported,True,False,False,False,75124,52963,0.705,0.065,low
Other,71,0,2,not_reported,True,True,False,True,149280,157206,1.053,0.167,high
Theft,46,2,5,reported,True,False,False,False,66070,56348,0.853,0.099,medium
Natural Disaster,24,0,2,not_required,True,False,False,False,146690,117439,0.801,0.12,low
Collision,51,1,15,not_required,True,False,False,False,110045,90765,0.825,0.087,medium
Theft,29,2,4,reported,True,True,True,True,37511,20991,0.56,0.034,high
Collision,28,0,4,reported,True,False,False,False,79631,79250,0.995,0.079,low
Hit & Run,41,2,0,not_reported,True,True,True,True,116565,99508,0.854,0.141,high
Theft,31,0,4,reported,True,False,False,False,185144,195301,1.055,0.381,high
Natural Disaster,26,0,0,not_required,False,False,False,False,184235,130398,0.708,0.199,medium
Fire,52,1,4,not_required,True,True,False,True,81233,82373,1.014,0.088,medium
Hit & Run,32,2,6,not_reported,True,True,False,True,226270,183065,0.809,0.35,high
Collision,47,0,14,reported,True,False,False,False,50963,41036,0.805,0.033,medium
Collision,22,2,14,reported,True,True,False,True,172234,126749,0.736,0.199,high
Theft,42,1,0,not_reported,True,True,False,True,41676,34015,0.816,0.05,high
Fire,35,0,3,reported,True,True,False,True,150267,118068,0.786,0.143,low
Theft,28,0,3,reported,True,False,False,False,117598,91948,0.782,0.179,low
Other,33,1,2,not_reported,True,True,True,True,72234,53736,0.744,0.034,medium
Collision,38,3,0,not_required,True,False,False,False,54400,45278,0.832,0.085,high
Collision,57,1,14,reported,True,False,False,False,66402,70329,1.059,0.061,high
Collision,35,1,3,not_required,True,True,False,True,12093,9344,0.773,0.007,medium
Hail/Weather,43,1,10,not_required,True,False,False,False,161989,144648,0.893,0.258,medium
Vandalism,63,0,5,not_reported,True,False,False,False,39434,32419,0.822,0.09,medium
Natural Disaster,38,1,5,not_reported,False,False,False,False,117049,105866,0.904,0.11,high
Other,47,2,0,reported,True,False,False,False,83128,97026,1.167,0.167,medium
Fire,22,1,1,reported,True,False,False,False,33849,37543,1.109,0.039,medium
Hail/Weather,23,0,4,not_reported,True,False,False,False,52330,34674,0.663,0.033,low
Natural Disaster,47,2,5,reported,True,True,False,False,58094,42522,0.732,0.115,low
Collision,50,1,13,not_required,True,False,False,False,48315,49644,1.028,0.117,medium
Hit & Run,21,2,20,reported,True,False,False,False,130714,116861,0.894,0.129,high
Other,48,2,3,not_reported,True,False,False,False,84218,69622,0.827,0.108,medium
Theft,25,2,1,reported,True,False,False,False,221759,204247,0.921,0.223,high
Collision,37,1,4,reported,True,False,False,False,76243,54769,0.718,0.071,low
Theft,35,0,18,reported,True,False,False,False,89896,74214,0.826,0.104,high
Theft,30,2,2,reported,True,True,False,True,142095,109142,0.768,0.222,medium
Theft,24,1,0,not_reported,True,False,False,False,100776,69055,0.685,0.053,high
Theft,46,0,7,reported,True,False,False,False,120520,92807,0.77,0.073,low
Collision,35,1,5,reported,True,False,False,False,31790,31909,1.004,0.033,medium
Collision,67,1,8,reported,True,False,False,False,74763,79159,1.059,0.067,medium
Collision,71,0,20,reported,True,True,False,True,291206,285305,0.98,0.339,high
Hit & Run,36,1,3,reported,True,False,False,False,82378,62726,0.761,0.05,low
Hit & Run,28,1,5,reported,True,False,False,False,26579,20807,0.783,0.014,high
Natural Disaster,48,1,0,reported,True,False,False,False,67292,55298,0.822,0.194,low
Collision,32,1,1,not_required,True,False,False,False,213243,224501,1.053,0.157,low
Collision,20,4,1,reported,True,False,False,False,127240,143161,1.125,0.445,high
Collision,63,2,4,reported,True,False,False,False,28231,19877,0.704,0.042,low
Collision,35,1,5,reported,True,False,False,False,62079,52942,0.853,0.049,low
Collision,25,0,3,reported,True,False,False,False,33667,28926,0.859,0.028,low
Hit & Run,74,0,4,not_reported,True,False,False,False,110656,87453,0.79,0.126,medium
Theft,73,1,5,reported,True,False,False,False,127002,82170,0.647,0.141,high
Hit & Run,70,0,5,reported,True,False,False,False,31709,34772,1.097,0.047,medium
Collision,41,0,13,reported,True,False,False,False,82328,62938,0.764,0.051,low
Collision,63,3,4,reported,True,False,False,False,63722,47516,0.746,0.024,low
Other,36,0,5,reported,True,False,False,False,66109,53728,0.813,0.103,low
Collision,48,2,0,not_reported,True,False,False,False,19671,18408,0.936,0.015,high
Collision,31,3,5,reported,True,False,False,False,279246,215878,0.773,0.3,high
Vandalism,25,1,0,reported,True,False,False,False,44955,39855,0.887,0.028,low
Collision,33,1,2,not_reported,True,True,False,False,62414,44318,0.71,0.111,medium
Collision,31,1,2,reported,True,False,False,False,99065,88477,0.893,0.109,low
Collision,31,1,8,reported,True,False,False,False,103372,91977,0.89,0.075,low
Collision,30,1,4,not_reported,True,False,False,False,131984,98459,0.746,0.179,medium
Hit & Run,33,0,29,reported,True,False,False,False,150767,124816,0.828,0.05,medium
Collision,63,2,1,not_reported,True,True,True,False,28441,18910,0.665,0.021,high
Hit & Run,66,0,30,not_reported,False,False,False,False,70762,50562,0.715,0.057,high
Hit & Run,38,1,3,reported,True,False,False,False,44650,48076,1.077,0.073,high
Hail/Weather,47,0,2,not_required,True,False,False,False,109282,107548,0.984,0.113,low
Collision,49,1,5,reported,False,True,False,True,45254,37852,0.836,0.023,high
Other,44,4,14,not_reported,True,False,False,False,78471,76048,0.969,0.058,high
Collision,40,1,9,reported,True,False,False,False,56628,47692,0.842,0.079,low
Collision,34,0,2,not_reported,True,False,False,False,92400,84577,0.915,0.058,low
Other,48,0,10,reported,True,False,False,False,40833,35715,0.875,0.042,medium
Fire,34,0,13,reported,True,False,False,False,38830,39281,1.012,0.064,low
Hail/Weather,43,0,1,reported,True,False,False,False,86236,81572,0.946,0.096,low
Fire,25,2,0,reported,True,False,False,False,162783,126561,0.777,0.105,low
Collision,18,2,8,reported,True,True,True,False,59032,43819,0.742,0.091,high
Hit & Run,35,0,4,reported,True,False,False,False,122478,100771,0.823,0.162,medium
Fire,34,0,2,reported,True,True,False,False,114313,74968,0.656,0.198,low
Collision,39,0,9,reported,True,False,False,False,112648,119223,1.058,0.127,medium
Theft,40,2,1,reported,True,True,False,True,33006,32022,0.97,0.032,high
Collision,73,2,2,reported,True,True,False,True,74866,60898,0.813,0.086,high
Collision,31,0,0,reported,True,False,False,False,112994,108912,0.964,0.147,low
Collision,35,0,6,not_reported,True,False,False,False,230979,248437,1.076,0.322,high
Collision,41,0,4,reported,True,False,False,False,53583,43479,0.811,0.04,low
Collision,34,0,7,reported,True,False,False,False,21963,19420,0.884,0.019,low
Collision,44,0,3,reported,True,False,False,False,86325,60880,0.705,0.03,low
Collision,20,1,0,reported,True,False,False,False,131365,105831,0.806,0.132,medium
Fire,37,2,6,not_reported,True,True,False,True,43268,39070,0.903,0.043,high
Collision,42,0,3,reported,True,True,False,False,55903,38003,0.68,0.023,low
Collision,44,0,3,not_required,False,True,False,True,275337,228315,0.829,0.803,high
Vandalism,69,2,0,not_required,True,False,False,False,201289,186042,0.924,0.283,high
Other,47,0,10,not_required,True,False,False,False,118030,121932,1.033,0.122,low
Collision,24,1,2,reported,True,False,False,False,66443,51123,0.769,0.044,low
Natural Disaster,56,2,10,not_required,True,False,False,False,79145,59904,0.757,0.103,high
Hit & Run,36,1,16,not_required,True,True,False,True,100916,95008,0.941,0.108,high
Collision,43,0,1,reported,True,True,False,True,91757,104928,1.144,0.233,medium
Collision,25,1,0,reported,True,True,False,True,111751,81885,0.733,0.116,low
Collision,33,1,4,not_reported,True,False,False,False,58847,45867,0.779,0.058,low
Collision,27,0,25,not_required,True,True,False,False,55499,52151,0.94,0.083,high
Hail/Weather,33,0,0,not_required,True,False,False,False,82956,60841,0.733,0.12,low
Fire,48,2,3,not_required,True,False,False,False,41078,39166,0.953,0.042,high
Collision,39,0,3,reported,True,False,False,False,67735,74071,1.094,0.145,low
Theft,46,0,3,reported,True,True,False,False,21531,11842,0.55,0.018,low
Collision,73,0,1,not_required,True,False,False,False,81653,69118,0.846,0.1,low
Collision,24,1,4,reported,False,False,False,False,115394,113086,0.98,0.118,high
Natural Disaster,49,0,0,not_required,False,True,False,False,51681,39547,0.765,0.033,high
Hail/Weather,50,1,1,not_required,True,False,False,False,100929,66211,0.656,0.119,low
Hit & Run,49,4,1,reported,True,True,True,True,72013,81324,1.129,0.078,high
Other,66,0,1,reported,True,True,False,True,75150,61177,0.814,0.093,medium
Other,64,3,2,not_reported,True,False,False,False,65957,65340,0.991,0.153,high
Natural Disaster,69,0,2,reported,True,False,False,False,93435,64659,0.692,0.054,low
Collision,75,0,7,not_required,True,False,False,False,190907,126181,0.661,0.149,low
Hit & Run,20,2,0,reported,True,False,False,False,152251,128246,0.842,0.099,medium
Hail/Weather,46,2,4,not_required,True,False,False,False,59226,44852,0.757,0.029,low
Collision,46,1,3,reported,True,False,False,False,62395,67387,1.08,0.092,low
Fire,73,1,5,not_required,True,False,False,False,75501,56932,0.754,0.057,low
Collision,34,0,0,not_reported,True,True,False,True,75031,54274,0.723,0.071,low
Collision,35,1,11,not_required,True,False,False,False,388423,402569,1.036,0.401,high
Other,70,0,3,not_required,True,False,False,False,35553,24510,0.689,0.025,low
Theft,35,1,5,reported,False,False,False,False,52816,39448,0.747,0.035,high
Other,46,1,4,not_reported,True,True,False,False,42955,39949,0.93,0.043,medium
Hail/Weather,48,0,9,not_required,True,False,False,False,117590,92960,0.791,0.075,low
Collision,37,1,3,not_reported,True,False,False,False,89080,73690,0.827,0.041,medium
Other,40,3,5,reported,True,False,False,False,37065,32896,0.888,0.048,medium
Vandalism,31,1,27,not_required,True,True,False,True,61797,64405,1.042,0.085,high
Collision,18,0,18,reported,True,True,False,True,347018,263138,0.758,0.257,medium
Hail/Weather,33,1,22,not_required,True,True,False,True,114157,99743,0.874,0.191,high
Collision,28,0,13,reported,True,False,False,False,59989,44646,0.744,0.034,low
Collision,40,2,4,not_reported,True,True,False,True,185135,154672,0.835,0.104,high
Collision,29,2,5,reported,True,False,False,False,60333,63397,1.051,0.054,high
Collision,25,1,17,not_reported,True,False,False,False,32471,27621,0.851,0.021,high
Collision,22,0,4,not_required,True,True,False,True,169857,176899,1.041,0.301,high
Collision,44,0,27,not_required,True,False,False,False,102758,94355,0.918,0.201,medium
Natural Disaster,22,0,1,not_required,True,True,False,False,252166,203696,0.808,0.281,low
Collision,26,2,3,reported,True,True,False,True,71329,58760,0.824,0.071,medium
Hit & Run,44,1,4,reported,True,False,False,False,73493,84616,1.151,0.058,medium
Theft,44,0,4,reported,True,True,False,False,71363,50416,0.706,0.061,medium
Vandalism,37,2,12,not_reported,True,False,False,False,57404,61740,1.076,0.089,high
Collision,43,0,5,reported,True,False,False,False,115115,107605,0.935,0.173,low
Theft,43,1,7,reported,True,False,False,False,106227,76498,0.72,0.147,high
Collision,44,0,5,reported,True,False,False,False,397708,258182,0.649,0.297,low
Other,74,2,29,not_reported,True,True,False,True,39214,38909,0.992,0.019,high
Collision,40,0,3,reported,True,False,False,False,166144,115154,0.693,0.136,low
Collision,59,3,28,reported,False,False,False,False,54101,46242,0.855,0.037,high
Natural Disaster,30,1,1,not_reported,True,False,False,False,100968,102522,1.015,0.142,medium
Collision,65,0,5,not_reported,True,False,False,False,82117,83570,1.018,0.118,medium
Fire,22,1,14,not_required,True,False,False,False,75367,60782,0.806,0.024,high
Hail/Weather,21,1,2,not_required,True,False,False,False,220370,181224,0.822,0.173,low
Fire,31,3,1,reported,True,True,False,True,65194,42888,0.658,0.044,medium
Vandalism,22,1,4,reported,True,False,False,False,67387,56459,0.838,0.043,low
Collision,29,2,2,not_required,True,True,False,False,19022,16341,0.859,0.019,medium
Hit & Run,35,0,0,reported,True,True,True,False,46888,39842,0.85,0.073,medium
Hit & Run,24,0,0,not_required,True,False,False,False,135515,123930,0.915,0.123,medium
Collision,30,1,10,not_required,True,False,False,False,76230,74705,0.98,0.249,high
Collision,51,2,4,reported,True,False,False,False,88251,58853,0.667,0.089,low
Collision,36,0,1,not_reported,True,False,False,False,92951,80347,0.864,0.098,medium
Collision,37,0,6,not_reported,True,True,False,False,152685,140279,0.919,0.146,medium
Collision,45,0,5,not_reported,True,False,False,False,194745,212114,1.089,0.212,high
Hit & Run,42,0,5,reported,True,False,False,False,89871,93504,1.04,0.098,medium
Collision,36,2,1,not_required,True,False,False,False,66488,66869,1.006,0.058,high
Hail/Weather,38,0,13,not_required,False,False,False,False,51557,50704,0.983,0.061,high
Collision,41,0,1,not_required,True,True,False,True,94911,78908,0.831,0.08,low
Other,38,1,1,reported,True,True,False,True,119933,117535,0.98,0.141,medium
Collision,70,1,0,reported,True,True,False,True,158505,114383,0.722,0.094,low
Fire,34,1,3,not_reported,True,False,False,False,29061,28480,0.98,0.036,medium
Fire,60,1,9,reported,True,True,False,False,110472,82373,0.746,0.1,medium
Collision,53,1,2,reported,True,False,False,False,80294,58207,0.725,0.155,low
Hit & Run,62,0,5,reported,True,False,False,False,55567,64078,1.153,0.091,high
Collision,49,2,2,reported,True,True,False,False,55664,50388,0.905,0.039,medium
Collision,29,0,2,reported,True,True,False,True,79875,58636,0.734,0.03,low
Theft,39,0,1,reported,True,False,False,False,58470,34052,0.582,0.037,low
Collision,45,1,4,reported,True,False,False,False,55687,37544,0.674,0.069,medium
Vandalism,69,0,5,reported,True,False,False,False,122507,125806,1.027,0.115,low
Vandalism,33,0,3,not_required,True,False,False,False,144622,126103,0.872,0.201,low
Collision,75,0,3,not_reported,True,True,True,False,65372,43726,0.669,0.036,medium
Hit & Run,43,2,5,not_reported,True,False,False,False,34651,21690,0.626,0.02,high
Other,62,0,13,reported,True,True,False,True,184719,111397,0.603,0.098,medium
Natural Disaster,66,1,6,not_reported,True,False,False,False,112981,105573,0.934,0.084,medium
Collision,25,0,6,not_reported,True,True,False,True,27953,20454,0.732,0.04,low
Theft,69,0,1,reported,True,False,False,False,25947,20667,0.796,0.023,low
Collision,60,2,3,not_reported,True,True,False,True,179382,175795,0.98,0.13,high
Natural Disaster,75,1,1,not_required,True,False,False,False,248402,194798,0.784,0.087,low
Collision,48,0,6,reported,True,True,False,True,31557,21913,0.694,0.023,low
Other,31,0,1,reported,True,False,False,False,84187,75406,0.896,0.156,low
Vandalism,40,1,1,not_reported,True,True,False,False,114792,101552,0.885,0.169,medium
Hit & Run,21,3,1,reported,True,True,False,False,83325,78517,0.942,0.157,high
Collision,63,1,1,reported,True,False,False,False,127575,124229,0.974,0.13,low
Hit & Run,29,1,4,reported,True,False,False,False,63648,44746,0.703,0.057,medium
Hit & Run,38,4,8,reported,True,False,False,False,76664,71779,0.936,0.064,high
Collision,36,1,1,not_required,False,True,True,True,42289,31163,0.737,0.038,high
Other,29,1,12,not_required,True,True,True,True,117573,107008,0.91,0.105,high
Hit & Run,30,3,0,reported,True,False,False,False,90870,102873,1.132,0.132,high
Hail/Weather,50,0,7,not_required,True,True,False,True,62884,56242,0.894,0.059,medium
Hail/Weather,21,1,9,not_required,True,False,False,False,197454,206441,1.046,0.257,medium
Collision,32,0,2,reported,True,False,False,False,165890,137575,0.829,0.296,medium
Collision,52,0,7,not_required,True,False,False,False,46494,43408,0.934,0.045,low
Hail/Weather,31,5,6,reported,True,False,False,False,174757,120088,0.687,0.154,high
Vandalism,68,2,5,not_reported,True,False,False,False,36304,38331,1.056,0.046,high
Collision,34,0,3,not_required,True,False,False,False,80568,64960,0.806,0.062,low
Hit & Run,52,3,0,not_reported,True,False,False,False,72095,63131,0.876,0.076,high
Collision,60,1,5,reported,True,False,False,False,143084,103452,0.723,0.196,low
Hit & Run,23,1,0,reported,True,True,False,True,68725,50786,0.739,0.069,medium
Collision,61,3,9,reported,True,False,False,False,318264,359235,1.129,0.594,high
Other,60,1,1,reported,True,False,False,False,39817,43002,1.08,0.046,low
Collision,42,0,7,not_reported,True,False,False,False,146108,124251,0.85,0.215,high
Vandalism,24,0,1,not_required,False,False,False,False,57350,52993,0.924,0.05,high
Vandalism,72,0,0,not_reported,True,True,True,True,139535,107349,0.769,0.143,low
Vandalism,31,1,6,reported,True,False,False,False,56419,46814,0.83,0.067,low
Collision,73,0,3,not_required,True,True,False,True,160294,139294,0.869,0.126,medium
Hail/Weather,19,1,3,not_required,True,True,False,True,35883,35165,0.98,0.054,high
Hit & Run,39,0,3,not_reported,False,True,False,True,115250,91040,0.79,0.134,high
Collision,24,1,8,not_required,True,True,False,False,108478,87982,0.811,0.069,medium
Other,48,1,14,reported,True,False,False,False,600000,509257,0.849,0.368,medium
Collision,36,2,24,reported,True,False,False,False,54465,32585,0.598,0.109,high
Vandalism,38,0,1,not_reported,True,False,False,False,94492,83392,0.883,0.11,medium
Natural Disaster,46,0,5,not_required,False,False,False,False,24330,22765,0.936,0.026,high
Collision,48,1,2,reported,True,False,False,False,67238,65893,0.98,0.053,low
Collision,29,1,5,not_required,True,False,False,False,80149,67194,0.838,0.121,low
Hail/Weather,44,0,2,not_reported,True,False,False,False,108991,114058,1.046,0.101,low
Collision,69,0,2,not_reported,True,False,False,False,52713,37162,0.705,0.034,low
Collision,36,1,5,reported,True,False,False,False,31529,21086,0.669,0.046,low
Collision,41,1,1,reported,True,False,False,False,72414,66079,0.913,0.036,low
Collision,40,1,2,reported,True,True,False,False,58403,36758,0.629,0.054,low
Hail/Weather,34,0,10,not_required,True,False,False,False,29913,25512,0.853,0.024,low
Collision,31,0,14,reported,True,True,False,True,79345,69708,0.879,0.137,low
Hit & Run,19,2,5,reported,True,True,False,False,105846,107699,1.018,0.302,high
Collision,47,0,9,reported,True,False,False,False,82416,46679,0.566,0.078,low
Theft,25,1,9,reported,True,True,False,False,121877,100050,0.821,0.144,high
Theft,38,1,4,reported,True,True,False,False,41272,31138,0.754,0.019,low
Hit & Run,57,2,1,not_reported,True,False,False,False,62779,60312,0.961,0.064,high
Other,41,4,0,not_reported,True,False,False,False,27300,29140,1.067,0.059,high
Collision,37,2,22,reported,True,True,False,True,109390,102967,0.941,0.149,high
Collision,22,3,2,reported,True,True,False,True,133338,122671,0.92,0.114,high
Natural Disaster,57,0,4,not_required,True,False,False,False,150663,150926,1.002,0.246,medium
Collision,70,3,5,reported,True,True,True,False,47479,45197,0.952,0.053,high
Natural Disaster,63,3,12,reported,True,True,False,False,73329,57187,0.78,0.216,high
Collision,38,0,5,reported,True,False,False,False,74597,64415,0.864,0.144,low
Theft,55,0,6,not_reported,True,False,False,False,66533,49484,0.744,0.062,medium
Theft,45,0,2,reported,True,False,False,False,83101,72914,0.877,0.098,medium
Fire,25,1,3,reported,True,True,False,False,74564,59186,0.794,0.082,low
Theft,32,3,1,reported,True,False,False,False,105468,79859,0.757,0.068,medium
Hit & Run,21,0,19,reported,True,False,False,False,108693,88011,0.81,0.159,high
Hit & Run,19,1,2,reported,True,False,False,False,166297,135399,0.814,0.191,medium
Vandalism,56,0,0,reported,True,False,False,False,87727,53209,0.607,0.063,low
Hail/Weather,42,0,2,not_required,True,True,False,False,125820,112790,0.896,0.117,low
Natural Disaster,50,0,5,not_required,True,False,False,False,85224,63357,0.743,0.131,low
Natural Disaster,72,2,2,not_required,True,False,False,False,237061,217417,0.917,0.18,medium
Theft,66,1,2,reported,True,False,False,False,123891,120570,0.973,0.209,high
Hit & Run,62,0,7,reported,True,False,False,False,73828,63895,0.865,0.052,low
Collision,42,3,4,reported,True,True,False,True,63064,73034,1.158,0.136,high
Hail/Weather,43,0,4,reported,True,False,False,False,177485,162837,0.917,0.138,low
Other,23,0,6,not_required,True,True,False,False,54618,31861,0.583,0.024,low
Collision,36,0,4,reported,True,False,False,False,311722,260584,0.836,0.23,low
Collision,35,0,3,reported,True,True,False,True,94817,79093,0.834,0.09,low
Collision,53,2,5,reported,True,False,False,False,78238,69573,0.889,0.084,medium
Vandalism,21,0,1,reported,True,False,False,False,154884,131374,0.848,0.128,low
Hail/Weather,58,3,5,not_required,True,False,False,False,97743,74228,0.759,0.095,high
Natural Disaster,23,1,4,not_required,True,False,False,False,32351,27373,0.846,0.026,medium
Other,73,0,4,not_reported,True,False,False,False,41361,39117,0.946,0.049,low
Collision,25,0,5,reported,True,False,False,False,74785,61411,0.821,0.069,low
Natural Disaster,61,0,2,reported,True,False,False,False,67713,58596,0.865,0.108,low
Hit & Run,29,0,6,reported,True,False,False,False,45081,27944,0.62,0.035,low
Collision,45,2,4,reported,True,True,False,True,202325,154979,0.766,0.135,medium
Vandalism,65,1,3,not_reported,True,False,False,False,206812,215576,1.042,0.373,high
Theft,38,0,0,reported,True,False,False,False,37389,33243,0.889,0.058,medium
Other,68,2,6,not_reported,True,False,False,False,100590,97902,0.973,0.17,high
Hail/Weather,24,1,4,reported,True,False,False,False,119724,89758,0.75,0.226,low
Hail/Weather,23,2,0,not_required,True,True,False,True,105340,118489,1.125,0.051,high
Fire,40,3,20,not_required,True,False,False,False,42538,28762,0.676,0.035,high
Collision,25,1,3,reported,True,True,True,True,69886,68488,0.98,0.079,medium
Other,34,0,4,not_required,True,False,False,False,117607,95952,0.816,0.134,low
Collision,23,0,3,not_reported,True,True,False,False,201969,181175,0.897,0.12,medium
Natural Disaster,29,1,7,not_required,True,False,False,False,32769,25314,0.773,0.019,low
Natural Disaster,41,1,3,reported,True,True,False,False,77991,67762,0.869,0.057,low
Collision,38,0,9,reported,True,False,False,False,114845,75530,0.658,0.109,low
Other,33,1,3,not_reported,False,True,False,True,156349,160070,1.024,0.207,high
Collision,47,1,2,not_required,True,False,False,False,104073,88303,0.848,0.122,medium
Hit & Run,29,1,0,reported,True,False,False,False,130682,92517,0.708,0.066,low
Hit & Run,75,0,8,reported,True,False,False,False,40486,39646,0.979,0.126,high
Collision,43,3,11,not_required,True,False,False,False,61847,46749,0.756,0.056,high
Collision,70,2,11,reported,True,False,False,False,48677,51621,1.06,0.036,medium
Collision,51,1,0,reported,True,False,False,False,125882,100226,0.796,0.188,low
Collision,65,2,5,reported,False,False,False,False,30038,18863,0.628,0.015,high
Hit & Run,37,1,1,reported,True,False,False,False,35850,33093,0.923,0.042,medium
Fire,75,2,1,not_reported,True,False,False,False,183172,126117,0.689,0.14,medium
Natural Disaster,36,1,14,not_required,True,True,False,True,34988,34288,0.98,0.087,medium
Other,67,1,4,reported,True,False,False,False,73896,58656,0.794,0.045,low
Collision,62,2,2,reported,False,False,False,False,53653,51791,0.965,0.052,high
Collision,28,0,5,not_reported,True,False,False,False,75160,48635,0.647,0.041,low
Vandalism,39,1,3,not_reported,True,True,False,True,109887,81435,0.741,0.085,low
Other,43,1,30,not_reported,True,False,False,False,148587,136700,0.92,0.092,high
Collision,44,2,7,reported,True,True,False,True,19461,18498,0.951,0.023,high
Collision,40,1,5,reported,True,False,False,False,182659,136875,0.749,0.25,low
Other,39,1,5,not_reported,True,False,False,False,141239,113224,0.802,0.375,medium
Collision,28,2,0,not_required,True,False,False,False,131060,136833,1.044,0.276,high
Collision,35,2,2,not_reported,False,False,False,False,83290,83466,1.002,0.132,high
Collision,60,0,2,reported,True,True,True,True,30946,34566,1.117,0.037,medium
Natural Disaster,38,2,12,reported,True,False,False,False,41953,30306,0.722,0.055,low
Natural Disaster,26,0,14,not_required,True,True,False,False,274267,223641,0.815,0.245,low
Theft,19,3,14,reported,True,False,False,False,99629,54796,0.55,0.066,high
Other,34,2,4,reported,True,True,False,True,128178,112316,0.876,0.107,medium
Other,21,2,3,not_required,True,False,False,False,438487,304056,0.693,0.286,medium
Hit & Run,23,2,3,reported,True,False,False,False,77548,82017,1.058,0.104,medium
Theft,50,1,7,reported,True,True,False,True,165636,141196,0.852,0.178,high
Natural Disaster,47,1,2,not_required,True,False,False,False,123514,105045,0.85,0.058,low
Collision,25,0,3,reported,True,False,False,False,46614,40472,0.868,0.029,low
Collision,34,2,5,reported,True,False,False,False,70744,48025,0.679,0.03,low
Collision,46,1,1,reported,False,True,False,True,72021,70764,0.983,0.082,high
Hit & Run,41,0,12,reported,True,False,False,False,112093,83091,0.741,0.08,medium
Collision,66,1,2,not_reported,True,False,False,False,201133,197110,0.98,0.125,high
Other,60,0,4,not_required,True,False,False,False,137321,105353,0.767,0.153,low
Collision,43,4,10,not_reported,True,True,False,True,72862,73631,1.011,0.083,high
Vandalism,39,1,1,not_reported,True,True,False,False,29900,22300,0.746,0.038,medium
Theft,39,0,14,reported,True,False,False,False,52987,43007,0.812,0.058,low
Vandalism,25,1,10,not_required,True,False,False,False,76918,75380,0.98,0.047,medium
Theft,42,1,5,reported,True,False,False,False,162230,115632,0.713,0.076,medium
Hail/Weather,48,2,5,not_required,True,False,False,False,25792,26883,1.042,0.051,medium
Collision,57,2,3,not_required,True,False,False,False,34026,30809,0.905,0.025,medium
Hail/Weather,23,1,4,not_required,True,False,False,False,59314,56053,0.945,0.064,medium
Other,67,2,1,not_reported,True,True,True,True,83959,59198,0.705,0.057,high
Natural Disaster,40,2,9,not_required,True,False,False,False,41229,41415,1.005,0.04,high
Hail/Weather,52,0,2,not_reported,True,False,False,False,229598,247966,1.08,0.275,medium
Vandalism,41,0,3,not_reported,True,False,False,False,67633,69489,1.027,0.109,medium
Collision,41,1,3,not_reported,True,True,False,False,103399,59971,0.58,0.133,medium
Vandalism,46,2,0,not_reported,True,True,False,True,80057,67655,0.845,0.079,medium
Hit & Run,41,2,1,reported,True,False,False,False,77312,59601,0.771,0.033,medium
Natural Disaster,42,0,0,not_required,True,False,False,False,38789,31101,0.802,0.052,low
Fire,49,1,12,reported,True,True,False,True,71260,71740,1.007,0.103,high
Fire,63,0,5,not_required,True,False,False,False,71431,49153,0.688,0.104,low
Collision,59,0,1,reported,True,False,False,False,108221,101091,0.934,0.105,low
Collision,74,1,4,reported,True,False,False,False,48412,33954,0.701,0.047,low
Collision,52,0,8,not_required,True,False,False,False,76323,49116,0.644,0.117,low
Hail/Weather,52,1,0,not_required,True,True,False,True,51445,40967,0.796,0.082,low
Hail/Weather,25,0,7,reported,True,True,False,True,93802,70713,0.754,0.137,medium
Collision,53,2,8,not_reported,True,True,False,False,131134,153322,1.169,0.268,high
Hail/Weather,27,2,0,reported,True,False,False,False,57459,54859,0.955,0.059,medium
Collision,32,1,12,not_required,False,False,False,False,104088,86159,0.828,0.145,high
Collision,41,0,0,reported,True,True,False,True,69076,52281,0.757,0.072,low
Collision,25,3,9,not_reported,True,False,False,False,37146,30831,0.83,0.026,high
Hit & Run,21,0,9,reported,False,False,False,False,60231,54483,0.905,0.075,high
Collision,55,0,3,reported,True,False,False,False,118814,121004,1.018,0.292,low
Natural Disaster,64,1,8,not_reported,True,False,False,False,159740,145173,0.909,0.218,high
Collision,55,1,3,reported,True,False,False,False,43960,34615,0.787,0.034,low
Other,62,0,5,reported,True,True,False,True,184293,180795,0.981,0.239,high
Collision,56,1,0,not_required,True,True,False,True,68417,54659,0.799,0.078,high
Vandalism,52,0,0,not_required,True,True,False,False,198763,200609,1.009,0.32,high
Hit & Run,62,1,5,reported,True,False,False,False,87499,71113,0.813,0.085,medium
Hit & Run,36,0,30,reported,True,False,False,False,478708,469134,0.98,0.617,high
Natural Disaster,36,1,0,reported,True,True,False,True,107787,117916,1.094,0.096,medium
Collision,44,2,5,not_required,True,True,False,True,72695,79183,1.089,0.149,high
Other,32,2,4,reported,True,False,False,False,59813,63292,1.058,0.113,high
Fire,40,1,11,reported,True,False,False,False,106447,89175,0.838,0.214,medium
Collision,23,1,5,reported,False,False,False,False,170152,140950,0.828,0.185,high
Hit & Run,50,1,1,reported,True,False,False,False,46432,46611,1.004,0.055,medium
Vandalism,52,0,5,reported,True,True,False,False,33717,37450,1.111,0.033,medium
Hail/Weather,25,1,4,not_required,True,False,False,False,26158,24130,0.922,0.015,low
Hail/Weather,41,0,1,reported,True,False,False,False,65125,51293,0.788,0.04,low
Hit & Run,31,1,1,reported,True,False,False,False,175699,189465,1.078,0.261,medium
Collision,61,0,21,reported,True,False,False,False,87811,87411,0.995,0.039,medium
Vandalism,47,1,5,not_reported,True,True,False,False,113635,94411,0.831,0.144,medium
Collision,25,0,2,reported,True,False,False,False,276500,202110,0.731,0.157,low
Hail/Weather,69,0,1,reported,True,False,False,False,78161,56591,0.724,0.036,low
Collision,44,2,3,not_reported,True,True,False,True,109309,97515,0.892,0.189,high
Collision,38,0,19,not_required,True,False,False,False,49795,36291,0.729,0.028,medium
Fire,66,0,9,reported,True,True,False,True,45989,35171,0.765,0.045,medium
Collision,46,0,4,not_required,True,False,False,False,156868,169418,1.08,0.207,medium
Collision,25,1,4,reported,True,False,False,False,47642,42010,0.882,0.058,low
Collision,40,1,1,not_reported,True,False,False,False,175551,116806,0.665,0.131,low
Other,49,0,10,reported,True,True,False,False,96044,102762,1.07,0.057,medium
Collision,48,0,2,reported,True,False,False,False,60719,64595,1.064,0.112,low
Vandalism,61,3,1,reported,True,False,False,False,134209,93607,0.697,0.091,low
Collision,40,0,14,not_required,True,False,False,False,137463,81273,0.591,0.115,medium
Collision,70,0,1,reported,True,False,False,False,146795,156757,1.068,0.251,medium
Natural Disaster,21,0,1,not_required,True,False,False,False,50826,41143,0.809,0.045,low
Natural Disaster,48,0,0,not_required,True,False,False,False,42260,41414,0.98,0.032,low
Collision,25,0,4,reported,True,False,False,False,81066,54411,0.671,0.094,low
Vandalism,42,1,12,reported,True,False,False,False,189548,146971,0.775,0.114,medium
Hit & Run,45,2,3,not_reported,True,False,False,False,28952,24887,0.86,0.036,high
Collision,68,0,4,not_reported,True,True,False,False,183903,140065,0.762,0.11,medium
Collision,43,1,2,reported,True,True,False,False,54646,53836,0.985,0.067,low
Collision,32,1,1,reported,True,True,False,True,119986,115281,0.961,0.109,medium
Collision,42,1,12,not_reported,True,False,False,False,87961,59597,0.678,0.057,medium
Theft,40,2,11,not_required,True,False,False,False,47185,31353,0.664,0.101,medium
Collision,40,2,20,not_reported,False,True,False,False,79076,72372,0.915,0.159,high
Theft,47,1,7,reported,True,False,False,False,232043,213207,0.919,0.265,medium
Collision,32,2,1,reported,True,True,True,True,259372,269887,1.041,0.241,high
Hail/Weather,32,0,4,not_required,True,False,False,False,161863,121540,0.751,0.17,low
Hit & Run,19,2,6,not_required,True,True,False,False,100318,71830,0.716,0.217,high
Fire,25,1,9,not_reported,True,True,False,True,50622,52048,1.028,0.05,high
Hail/Weather,23,2,25,not_required,True,True,False,False,126968,128744,1.014,0.076,high
Collision,24,0,12,not_required,True,False,False,False,113904,121201,1.064,0.168,high
Collision,33,1,3,reported,True,False,False,False,88680,93179,1.051,0.086,low
Hit & Run,60,0,3,reported,False,False,False,False,48460,41167,0.849,0.031,medium
Collision,67,3,9,not_required,True,True,False,True,110953,81689,0.736,0.239,high
Hit & Run,60,1,5,reported,False,True,False,True,96227,110089,1.144,0.153,high
Collision,28,1,25,reported,True,False,False,False,79497,55074,0.693,0.039,medium
Vandalism,48,0,5,not_reported,True,True,True,True,161582,164145,1.016,0.546,high
Collision,24,0,13,reported,True,True,False,True,55753,38605,0.692,0.031,medium
Theft,63,0,2,not_reported,False,True,False,True,35071,33132,0.945,0.027,high
Other,60,0,5,not_required,False,False,False,False,81378,68742,0.845,0.089,high
Vandalism,29,1,5,not_required,True,True,False,True,120055,134825,1.123,0.182,high
Hit & Run,37,2,6,reported,True,False,False,False,89040,95884,1.077,0.14,high
Collision,42,1,1,reported,True,False,False,False,76673,86657,1.13,0.091,medium
Natural Disaster,32,0,0,not_required,True,False,False,False,114380,112462,0.983,0.21,low
Hit & Run,68,2,0,reported,True,True,True,False,111636,105282,0.943,0.095,high
Other,40,0,4,reported,True,False,False,False,177664,190070,1.07,0.215,medium
Theft,72,3,0,reported,True,False,False,False,16478,17337,1.052,0.02,high
Natural Disaster,21,0,3,not_reported,True,False,False,False,200216,176406,0.881,0.161,medium
Hit & Run,26,0,3,reported,True,False,False,False,314780,235617,0.749,0.321,medium
Theft,41,1,5,reported,True,False,False,False,150754,157059,1.042,0.274,high
Theft,24,0,22,reported,True,False,False,False,73565,76147,1.035,0.066,medium
Theft,51,1,0,reported,True,True,False,True,78070,66017,0.846,0.076,medium
Theft,50,0,3,reported,True,True,False,False,58494,47686,0.815,0.078,low
Natural Disaster,34,0,5,not_required,False,True,False,False,98445,73671,0.748,0.137,high
Hit & Run,40,2,0,reported,True,False,False,False,95476,78813,0.825,0.057,medium
Hail/Weather,61,0,1,reported,True,False,False,False,44126,29003,0.657,0.064,low
Collision,24,0,13,reported,True,True,False,True,118715,99840,0.841,0.109,high
Collision,24,0,7,reported,True,True,True,False,205548,158676,0.772,0.196,high
Collision,35,0,4,reported,True,False,False,False,128521,120725,0.939,0.091,medium
Vandalism,38,1,2,not_reported,True,False,False,False,250188,177350,0.709,0.134,medium
Hit & Run,35,1,0,not_reported,False,True,False,False,110620,81617,0.738,0.077,high
Vandalism,46,1,20,not_reported,True,True,False,False,172117,140854,0.818,0.16,high
Hit & Run,20,2,2,reported,True,False,False,False,38977,30676,0.787,0.03,medium
Collision,73,0,3,reported,True,False,False,False,221657,155358,0.701,0.134,low
Other,55,0,5,not_reported,True,True,False,False,79874,49775,0.623,0.05,medium
Hit & Run,31,0,0,not_reported,True,True,False,True,79191,77131,0.974,0.091,high
Fire,22,1,4,not_required,True,False,False,False,83915,71060,0.847,0.079,medium
Collision,69,1,11,reported,True,True,False,False,29994,29394,0.98,0.031,high
Natural Disaster,71,1,25,not_required,True,False,False,False,56194,37427,0.666,0.041,medium
Hit & Run,60,1,3,reported,True,True,False,False,117623,90280,0.768,0.098,medium
Natural Disaster,45,0,12,reported,True,False,False,False,62936,70194,1.115,0.061,medium
Other,40,1,0,not_reported,False,False,False,False,165891,132588,0.799,0.165,high
Natural Disaster,39,1,4,not_required,True,True,False,False,73312,68428,0.933,0.042,high
Hail/Weather,67,1,30,not_reported,True,True,False,False,106583,83864,0.787,0.125,high
Hit & Run,25,0,8,reported,True,False,False,False,45979,48824,1.062,0.05,high
Hit & Run,65,2,12,not_required,True,False,False,False,108849,85269,0.783,0.161,high
Theft,44,1,5,not_reported,True,False,False,False,53930,47470,0.88,0.031,high
Collision,23,1,0,reported,True,True,False,False,99862,91171,0.913,0.107,low
Hit & Run,32,1,6,reported,True,True,False,False,90942,89989,0.99,0.11,medium
Collision,42,0,5,reported,True,False,False,False,69439,49699,0.716,0.043,low
Hit & Run,18,0,8,reported,True,True,False,False,86458,98497,1.139,0.319,high
Hail/Weather,48,0,6,not_required,True,False,False,False,69898,56440,0.807,0.068,low
Other,29,0,4,not_reported,True,True,False,False,107077,91866,0.858,0.07,medium
Collision,57,2,4,reported,True,False,False,False,30436,24273,0.797,0.03,low
Hail/Weather,38,2,5,not_required,False,False,False,False,148151,122170,0.825,0.2,high
Hit & Run,25,0,1,reported,True,False,False,False,86638,92024,1.062,0.128,low
Hit & Run,38,1,2,reported,True,False,False,False,91337,89510,0.98,0.136,medium
Theft,24,1,2,reported,True,True,False,False,81703,66223,0.811,0.245,high
Other,51,1,23,not_reported,True,False,False,False,88776,80743,0.91,0.095,high
Collision,65,1,5,reported,True,False,False,False,23739,24823,1.046,0.026,low
Collision,63,2,4,not_reported,True,False,False,False,57066,56911,0.997,0.072,high
Collision,35,0,4,not_reported,False,False,False,False,115789,110434,0.954,0.121,high
Hit & Run,30,0,2,reported,True,True,False,False,62473,47338,0.758,0.029,medium
Collision,67,3,8,reported,True,True,False,True,45492,35702,0.785,0.101,high
Hail/Weather,28,0,14,not_required,True,False,False,False,42321,41474,0.98,0.068,medium
Theft,36,1,13,reported,True,True,True,True,79711,56846,0.713,0.054,high
Other,34,0,2,reported,True,True,False,True,57112,59805,1.047,0.058,medium
Natural Disaster,60,0,1,not_required,True,True,True,False,266957,261618,0.98,0.169,medium
Theft,28,0,2,reported,False,False,False,False,167470,160946,0.961,0.097,high
Collision,52,2,3,reported,True,False,False,False,77165,56923,0.738,0.047,high
Hit & Run,31,2,6,reported,True,False,False,False,63612,62340,0.98,0.115,high
Other,24,0,6,not_required,True,True,False,False,56496,40841,0.723,0.073,low
Theft,48,1,1,reported,True,True,False,False,116446,115953,0.996,0.171,medium
Theft,51,2,2,not_reported,True,True,False,True,93020,70686,0.76,0.164,high
Theft,21,2,2,reported,True,False,False,False,148715,117404,0.789,0.159,high
Hit & Run,51,2,13,reported,True,False,False,False,78347,47567,0.607,0.051,high
Vandalism,25,2,1,not_reported,True,True,False,False,87277,72526,0.831,0.1,high
Hail/Weather,67,3,3,reported,True,False,False,False,132170,110622,0.837,0.097,medium
Theft,71,1,5,reported,True,True,False,False,50367,42466,0.843,0.05,medium
Theft,44,2,4,reported,True,True,False,False,83654,67768,0.81,0.078,high
Collision,21,2,1,reported,True,False,False,False,151948,159649,1.051,0.567,medium
Other,30,0,1,reported,True,False,False,False,84779,86923,1.025,0.089,low
Collision,58,1,0,reported,True,False,False,False,61766,51384,0.832,0.051,low
Collision,32,0,3,reported,True,False,False,False,24411,18291,0.749,0.03,low
Other,40,3,11,not_required,True,False,False,False,144408,93347,0.646,0.141,medium
Theft,47,3,0,reported,True,False,False,False,58133,46267,0.796,0.083,high
Collision,41,0,4,not_required,True,False,False,False,133548,105454,0.79,0.228,low
Fire,30,1,25,reported,True,True,False,True,85013,61728,0.726,0.09,high
Collision,73,1,3,reported,True,True,False,True,33035,31380,0.95,0.084,medium
Theft,43,3,5,not_required,True,True,True,True,166665,153507,0.921,0.232,high
Hit & Run,41,1,8,not_required,True,False,False,False,60785,54430,0.895,0.063,high
Vandalism,49,1,28,not_reported,True,False,False,False,36920,28108,0.761,0.043,high
Natural Disaster,56,2,1,reported,True,False,False,False,268348,199681,0.744,0.225,low
Collision,50,0,9,reported,True,False,False,False,69330,49076,0.708,0.116,low
Collision,52,1,3,reported,True,False,False,False,26677,21068,0.79,0.022,low
Hail/Weather,36,0,9,not_required,True,False,False,False,83625,69419,0.83,0.054,low
Collision,42,2,13,reported,True,False,False,False,87645,59614,0.68,0.062,medium
Collision,36,0,2,reported,True,True,False,True,40608,34012,0.838,0.043,low
Hail/Weather,30,0,5,not_required,True,False,False,False,91221,72339,0.793,0.164,low
Hit & Run,42,0,2,reported,True,True,False,True,79147,56574,0.715,0.122,low
Natural Disaster,44,1,5,not_reported,True,False,False,False,129511,88150,0.681,0.073,low
Collision,46,1,7,not_required,True,False,False,False,92699,67582,0.729,0.101,medium
Collision,33,1,13,reported,True,True,False,False,25812,16231,0.629,0.03,medium
Collision,21,1,1,reported,True,False,False,False,57911,41327,0.714,0.061,low
Collision,43,0,3,not_required,True,False,False,False,135438,97259,0.718,0.103,low
Hail/Weather,25,2,3,not_required,True,False,False,False,75247,67395,0.896,0.083,medium
Vandalism,40,2,4,reported,True,False,False,False,85282,63586,0.746,0.137,low
Collision,41,0,11,reported,True,False,False,False,73177,49354,0.674,0.032,low
Fire,46,2,2,reported,True,False,False,False,81017,66391,0.819,0.049,medium
Collision,36,0,5,reported,True,False,False,False,77886,74503,0.957,0.1,low
Collision,73,0,3,not_reported,True,True,False,True,79933,68929,0.862,0.056,medium
Theft,27,1,4,reported,True,True,False,True,106393,96283,0.905,0.1,medium
Collision,36,0,4,reported,True,False,False,False,59278,58092,0.98,0.124,low
Collision,25,1,5,reported,True,False,False,False,59057,48581,0.823,0.04,low
Vandalism,38,0,4,not_reported,True,True,False,True,60485,59276,0.98,0.073,high
Natural Disaster,23,3,21,not_required,True,True,True,True,94780,75020,0.792,0.125,high
Collision,29,0,5,not_reported,True,True,False,True,93266,72318,0.775,0.098,low
Natural Disaster,49,1,2,reported,True,True,False,True,37325,43767,1.173,0.054,medium
Theft,70,4,7,reported,True,True,True,True,179535,175944,0.98,0.204,high
Collision,38,1,0,reported,False,True,False,True,50824,49807,0.98,0.071,high
Other,70,1,14,not_reported,True,False,False,False,267494,257968,0.964,0.275,high
Collision,52,1,0,not_required,True,True,False,True,115027,99269,0.863,0.161,high
Hit & Run,19,1,1,reported,True,False,False,False,48360,49786,1.029,0.033,medium
Other,47,1,16,not_reported,True,True,False,True,28082,29400,1.047,0.05,high
Other,39,1,14,not_reported,False,False,False,False,99189,81013,0.817,0.182,high
Natural Disaster,63,0,5,reported,True,True,False,True,57011,54530,0.956,0.052,low
Collision,25,2,2,reported,True,False,False,False,278192,267166,0.96,0.258,high
Collision,54,1,5,not_reported,True,False,False,False,59671,66357,1.112,0.047,high
Hit & Run,25,0,5,reported,True,False,False,False,124582,122090,0.98,0.049,low
Hit & Run,30,1,1,reported,True,True,False,True,99194,109285,1.102,0.321,high
Collision,39,0,3,not_reported,True,False,False,False,83181,86976,1.046,0.183,medium
Hit & Run,32,0,14,reported,True,False,False,False,102271,78730,0.77,0.111,medium
Vandalism,19,0,0,not_reported,True,False,False,False,61637,71129,1.154,0.077,medium
Collision,48,1,2,not_required,True,False,False,False,162195,146021,0.9,0.134,medium
Collision,66,0,25,not_required,True,False,False,False,131077,82748,0.631,0.082,medium
Collision,65,2,9,not_required,True,True,False,True,41384,26722,0.646,0.035,medium
Theft,40,1,12,reported,True,True,False,True,160539,99041,0.617,0.091,high
Other,62,0,5,not_reported,True,True,False,False,113894,119753,1.051,0.214,high
Theft,51,0,4,reported,True,False,False,False,64027,56993,0.89,0.031,low
Vandalism,71,0,0,reported,True,True,False,False,38064,38812,1.02,0.021,low
Hail/Weather,48,0,10,not_required,True,False,False,False,205293,151325,0.737,0.173,low
Hit & Run,75,2,4,reported,True,False,False,False,116866,119160,1.02,0.215,high
Collision,43,2,0,reported,True,False,False,False,81638,59676,0.731,0.1,low
Collision,21,1,0,not_reported,False,False,False,False,30146,23222,0.77,0.03,high
Collision,38,0,19,reported,False,False,False,False,12525,13861,1.107,0.012,high
Collision,66,1,19,reported,True,False,False,False,182525,122690,0.672,0.119,medium
Collision,29,1,5,not_reported,True,True,False,False,73895,69597,0.942,0.091,high
Collision,54,2,11,reported,True,True,False,True,144589,140170,0.969,0.109,high
Fire,34,0,2,not_required,True,True,False,True,210739,192771,0.915,0.378,medium
Hit & Run,43,1,10,not_required,True,False,False,False,342548,271149,0.792,0.318,high
Other,50,1,3,reported,True,False,False,False,80496,77785,0.966,0.113,low
Hit & Run,64,2,0,reported,True,False,False,False,57235,51273,0.896,0.037,medium
Theft,48,3,5,reported,True,True,False,False,159006,150233,0.945,0.192,high
Collision,51,0,0,reported,True,False,False,False,101576,84732,0.834,0.083,low
Theft,25,2,1,reported,True,True,False,False,68450,54196,0.792,0.074,high
Hit & Run,31,0,1,not_required,True,True,False,True,213566,123518,0.578,0.131,low
Collision,46,1,4,reported,True,False,False,False,73389,54749,0.746,0.062,medium
Fire,23,3,2,reported,True,True,True,True,39591,40354,1.019,0.056,high
Other,20,3,3,not_reported,True,False,False,False,118591,90566,0.764,0.074,high
Collision,48,0,0,reported,False,False,False,False,147825,145457,0.984,0.274,medium
Vandalism,75,0,3,not_reported,True,True,True,True,83446,80462,0.964,0.072,high
Other,65,0,0,not_required,False,False,False,False,149940,98978,0.66,0.106,low
Vandalism,74,0,3,reported,True,False,False,False,90853,73239,0.806,0.097,low
Collision,25,1,14,reported,False,True,False,False,213608,223091,1.044,0.541,high
Other,69,0,11,not_reported,True,False,False,False,55447,59712,1.077,0.075,high
Hit & Run,37,2,4,reported,False,True,True,True,59609,47244,0.793,0.081,high
Collision,30,0,2,reported,True,False,False,False,118154,92216,0.78,0.115,low
Collision,39,2,4,not_required,True,False,False,False,45647,34091,0.747,0.034,medium
Theft,34,1,10,reported,True,False,False,False,31315,23702,0.757,0.03,medium
Hail/Weather,41,0,0,reported,True,True,False,False,41887,27995,0.668,0.035,low
Hail/Weather,25,1,1,not_required,True,True,False,True,156037,120031,0.769,0.181,medium
Collision,37,2,4,reported,False,False,False,False,128857,104328,0.81,0.095,high
Collision,75,1,5,reported,False,False,False,False,78762,61690,0.783,0.08,high
Natural Disaster,51,2,2,not_reported,True,False,False,False,57558,41569,0.722,0.053,medium
Other,46,1,2,reported,True,True,False,False,19436,19767,1.017,0.027,low
Vandalism,48,1,13,reported,True,False,False,False,51561,38048,0.738,0.051,low
Collision,37,0,5,reported,True,False,False,False,62672,57284,0.914,0.061,low
Collision,47,0,5,not_reported,False,True,False,True,198999,145661,0.732,0.187,high
Hail/Weather,25,1,14,not_required,True,True,False,True,59727,58219,0.975,0.062,high
Vandalism,18,3,2,reported,True,True,False,False,21110,18971,0.899,0.018,high
Hit & Run,25,2,4,reported,True,False,False,False,46104,35026,0.76,0.076,medium
Other,45,3,3,not_reported,True,True,False,False,207960,195724,0.941,0.344,high
Collision,39,0,7,not_required,True,False,False,False,50147,49406,0.985,0.035,low
Natural Disaster,35,3,3,not_required,True,True,False,True,39745,32770,0.824,0.036,high
Natural Disaster,60,2,2,reported,True,False,False,False,47902,35667,0.745,0.017,low
Theft,21,0,0,reported,True,False,False,False,105493,77990,0.739,0.079,low
Theft,19,0,12,not_reported,True,True,False,True,48514,48814,1.006,0.039,high
Vandalism,34,0,1,reported,True,False,False,False,67067,65725,0.98,0.026,low
Other,58,0,11,not_reported,True,False,False,False,39789,34855,0.876,0.061,medium
Collision,41,1,7,not_required,True,False,False,False,185161,178003,0.961,0.107,medium
Fire,25,3,1,reported,True,False,False,False,105328,81821,0.777,0.124,medium
Vandalism,31,1,8,reported,True,False,False,False,117497,101862,0.867,0.132,medium
Hit & Run,31,0,8,reported,True,True,False,False,384985,354186,0.92,0.558,medium
Hit & Run,45,2,7,reported,True,False,False,False,53668,37610,0.701,0.036,medium
Hail/Weather,37,2,2,reported,True,False,False,False,52220,41669,0.798,0.059,low
Theft,50,1,17,reported,True,False,False,False,56434,55506,0.984,0.079,high
Collision,41,0,5,not_reported,True,False,False,False,39381,34350,0.872,0.023,low
Theft,22,2,3,reported,True,False,False,False,49319,35587,0.722,0.054,medium
Collision,18,2,26,not_required,True,True,False,True,187287,172304,0.92,0.198,high
Vandalism,34,1,27,not_reported,True,False,False,False,37530,40363,1.075,0.045,high
Collision,45,0,2,not_required,True,False,False,False,47156,37183,0.789,0.055,low
Natural Disaster,61,0,1,not_reported,False,False,False,False,131655,140007,1.063,0.24,high
Collision,64,2,3,reported,True,True,False,True,78775,68634,0.871,0.065,medium
Hit & Run,23,0,5,reported,True,True,False,False,146040,107671,0.737,0.152,high
Collision,42,2,29,reported,True,True,False,True,57571,40001,0.695,0.059,high
Vandalism,29,0,5,reported,True,True,False,True,63316,61061,0.964,0.161,medium
Other,35,0,5,not_reported,True,True,True,False,175134,143480,0.819,0.219,high
Fire,43,2,4,reported,False,True,False,True,33178,20211,0.609,0.03,high
Natural Disaster,31,2,4,not_required,True,True,False,True,63555,70447,1.108,0.045,high
Collision,37,0,16,not_reported,False,True,False,False,157004,165247,1.053,0.19,high
Other,25,1,2,reported,True,False,False,False,130581,143983,1.103,0.146,medium
Collision,25,0,2,reported,True,False,False,False,80773,61841,0.766,0.035,low
Collision,49,1,1,not_reported,True,False,False,False,65423,60541,0.925,0.154,medium
Collision,42,3,3,reported,False,False,False,False,141681,123954,0.875,0.089,high
Collision,48,0,5,reported,True,True,False,False,65730,60472,0.92,0.118,medium
Collision,35,1,5,reported,False,False,False,False,49317,49638,1.007,0.143,high
Other,50,0,5,not_reported,True,False,False,False,158353,120056,0.758,0.116,medium
Vandalism,45,0,3,reported,True,False,False,False,33589,30453,0.907,0.051,low
Hail/Weather,40,0,2,not_required,True,False,False,False,74377,86058,1.157,0.069,low
Other,37,0,1,reported,True,False,False,False,128536,96015,0.747,0.049,low
Hit & Run,66,1,3,not_reported,False,True,False,True,79203,82295,1.039,0.085,high
Theft,39,0,5,not_required,True,True,True,False,79055,72888,0.922,0.079,high
Natural Disaster,63,1,4,not_required,True,False,False,False,83878,74092,0.883,0.081,medium
Collision,49,0,2,not_reported,True,True,False,True,33399,26763,0.801,0.02,low
Collision,43,0,0,not_reported,True,False,False,False,365360,286461,0.784,0.178,medium
Collision,37,0,3,not_required,True,True,False,True,138515,94426,0.682,0.075,low
Collision,22,1,3,not_reported,True,False,False,False,29253,24858,0.85,0.042,medium
Collision,41,1,4,reported,True,False,False,False,99954,86696,0.867,0.051,medium
Theft,37,2,4,not_reported,True,False,False,False,74505,60722,0.815,0.024,high
Collision,65,1,3,not_reported,True,True,False,True,78733,61072,0.776,0.123,medium
Hail/Weather,34,2,3,not_reported,False,False,False,False,46651,38357,0.822,0.044,high
Collision,66,0,2,reported,True,False,False,False,69435,51841,0.747,0.11,low
Collision,40,2,4,reported,True,False,False,False,369843,368512,0.996,0.232,high
Theft,20,0,19,reported,True,False,False,False,20472,18834,0.92,0.035,high
Hail/Weather,33,1,5,reported,True,False,False,False,152123,108285,0.712,0.078,low
Hit & Run,67,0,23,reported,True,True,False,False,67663,66752,0.987,0.187,high
Collision,55,3,5,not_reported,True,False,False,False,81311,82255,1.012,0.159,high
Collision,43,0,5,not_required,True,False,False,False,275997,249971,0.906,0.368,medium
Hail/Weather,39,0,4,reported,True,False,False,False,65471,64162,0.98,0.112,low
Hit & Run,53,1,5,reported,True,False,False,False,40615,30934,0.762,0.052,medium
Other,34,0,10,not_required,True,True,False,False,198950,209016,1.051,0.265,high
Collision,36,0,4,not_reported,True,False,False,False,111546,68214,0.612,0.062,low
Collision,71,0,1,reported,True,True,False,True,423992,327856,0.773,0.234,medium
Collision,69,2,6,reported,True,False,False,False,214603,159183,0.742,0.141,medium
Collision,32,2,2,reported,True,False,False,False,58204,41326,0.71,0.054,low
Theft,21,1,2,reported,True,False,False,False,26436,22409,0.848,0.027,medium
Hit & Run,23,5,6,not_reported,True,True,False,True,95275,71838,0.754,0.055,high
Collision,46,3,2,reported,True,False,False,False,98298,91499,0.931,0.158,high
Fire,19,0,7,not_reported,True,False,False,False,108646,83997,0.773,0.034,medium
Hail/Weather,23,4,3,not_required,True,False,False,False,75320,60935,0.809,0.129,high
Vandalism,29,0,13,not_reported,True,False,False,False,26753,22534,0.842,0.028,high
Theft,62,1,7,reported,True,False,False,False,133632,115107,0.861,0.193,medium
Collision,25,0,7,not_required,True,False,False,False,185201,182554,0.986,0.223,low
Collision,37,1,3,reported,True,False,False,False,107487,106200,0.988,0.144,low
Other,43,3,4,not_reported,True,False,False,False,70263,53361,0.759,0.098,high
Collision,31,1,1,reported,True,True,False,False,138153,149205,1.08,0.104,low
Fire,38,1,9,reported,True,False,False,False,195780,164538,0.84,0.137,high
Collision,43,1,9,not_reported,True,True,False,False,100775,94885,0.942,0.219,high
Natural Disaster,41,1,1,not_required,True,False,False,False,189714,154628,0.815,0.097,low
Collision,24,1,0,reported,True,False,False,False,41194,38733,0.94,0.047,low
Fire,24,3,9,reported,True,True,False,False,87511,65996,0.754,0.142,medium
Hail/Weather,47,0,5,not_required,True,True,False,False,113520,76054,0.67,0.087,low
Hail/Weather,25,0,2,not_required,True,False,False,False,100783,89974,0.893,0.098,low
Hit & Run,52,0,0,reported,True,False,False,False,180307,145318,0.806,0.2,medium
Hit & Run,42,2,1,reported,True,False,False,False,86291,80142,0.929,0.067,high
Theft,51,0,12,not_reported,True,False,False,False,40713,37920,0.931,0.045,high
Vandalism,36,2,6,not_reported,True,False,False,False,60499,56836,0.939,0.064,high
Collision,43,0,6,reported,True,False,False,False,80897,75066,0.928,0.119,low
Collision,38,4,2,reported,True,False,False,False,114024,95755,0.84,0.076,medium
Theft,53,2,13,reported,True,False,False,False,92146,58429,0.634,0.056,medium
Fire,37,1,10,reported,True,True,False,True,160166,158758,0.991,0.236,high
Collision,23,0,4,reported,True,True,False,False,54976,53877,0.98,0.045,low
Theft,26,0,1,reported,True,False,False,False,55857,52342,0.937,0.037,low
Hail/Weather,18,2,13,not_required,True,False,False,False,41598,37517,0.902,0.039,high
Fire,49,0,3,reported,True,True,False,True,330371,243728,0.738,0.289,medium
Collision,48,0,0,reported,True,False,False,False,405689,317365,0.782,0.207,low
Fire,36,1,9,reported,True,True,False,True,181295,143667,0.792,0.182,low
Theft,48,0,5,not_reported,False,False,False,False,218359,200547,0.918,0.158,high
Theft,75,1,0,reported,True,False,False,False,39695,36167,0.911,0.028,medium
Fire,53,2,2,reported,False,False,False,False,64265,49269,0.767,0.063,high
Hail/Weather,42,0,8,not_reported,True,False,False,False,167249,154901,0.926,0.165,high
Other,50,0,4,not_reported,True,False,False,False,98154,83627,0.852,0.066,medium
Collision,25,0,6,reported,True,False,False,False,88359,48597,0.55,0.086,low
Hit & Run,62,0,4,reported,True,False,False,False,183868,224055,1.219,0.179,medium
Hit & Run,62,1,3,not_reported,True,False,False,False,36726,39142,1.066,0.031,medium
Collision,35,0,2,not_required,True,True,False,True,152583,126599,0.83,0.258,medium
Collision,74,0,3,not_required,True,True,False,False,75180,63920,0.85,0.089,low
Collision,41,1,0,reported,True,False,False,False,118825,102880,0.866,0.089,low
Hail/Weather,36,2,3,not_required,True,True,False,False,323623,255813,0.79,0.276,medium
Collision,60,1,22,reported,True,True,False,False,67387,59108,0.877,0.105,medium
Collision,41,0,0,not_reported,True,False,False,False,124821,96518,0.773,0.088,low
Collision,27,3,1,not_required,True,True,False,True,84729,70290,0.83,0.063,high
Fire,44,1,1,not_reported,True,False,False,False,205613,213121,1.037,0.265,medium
Other,47,2,1,not_required,True,False,False,False,38409,42213,1.099,0.061,medium
Collision,58,1,2,reported,True,False,False,False,125044,126266,1.01,0.247,medium
Collision,25,1,8,not_reported,True,False,False,False,115018,133098,1.157,0.07,high
Collision,39,0,5,not_required,True,False,False,False,30795,26296,0.854,0.033,low
Collision,25,0,1,reported,True,False,False,False,29793,25821,0.867,0.019,low
Fire,35,2,2,reported,True,True,False,False,88204,79736,0.904,0.057,medium
Collision,49,0,22,reported,True,False,False,False,38224,30203,0.79,0.025,low
Hail/Weather,40,0,5,not_required,True,True,False,True,27250,27701,1.017,0.038,medium
Collision,32,0,26,not_reported,True,False,False,False,124873,134863,1.08,0.231,high
Collision,31,0,4,reported,True,False,False,False,163425,142629,0.873,0.2,low
Hail/Weather,44,0,5,not_required,True,False,False,False,82102,77335,0.942,0.121,low
Hit & Run,61,1,2,reported,True,False,False,False,185167,177723,0.96,0.25,high
Collision,37,1,1,not_required,True,False,False,False,39121,40333,1.031,0.067,low
Collision,49,1,2,reported,True,True,False,False,57075,50105,0.878,0.044,low
Theft,55,1,5,reported,True,True,False,True,23721,24274,1.023,0.032,high
Collision,46,2,7,not_reported,True,True,False,True,29668,21171,0.714,0.023,high
Hail/Weather,28,0,4,not_required,True,False,False,False,11438,11564,1.011,0.006,low
Hit & Run,47,0,7,reported,True,True,False,True,106732,72031,0.675,0.062,medium
Collision,20,1,5,reported,True,False,False,False,84305,83059,0.985,0.147,medium
Hail/Weather,64,0,4,not_required,True,True,False,False,66130,45407,0.687,0.045,low
Theft,39,0,5,reported,False,True,False,True,111640,110290,0.988,0.105,high
Collision,25,3,1,not_reported,True,False,False,False,33761,29823,0.883,0.048,high
Collision,66,0,3,reported,True,False,False,False,124344,81685,0.657,0.07,low
Other,41,0,4,not_reported,True,False,False,False,69402,69984,1.008,0.085,medium
Hit & Run,64,1,4,reported,True,False,False,False,105670,84959,0.804,0.106,high
Collision,46,0,1,reported,True,False,False,False,96954,102282,1.055,0.137,low
Hail/Weather,25,1,4,not_required,True,False,False,False,62712,66697,1.064,0.076,medium
Theft,41,1,5,reported,True,False,False,False,97126,95183,0.98,0.117,high
Vandalism,60,1,0,reported,True,False,False,False,50902,43055,0.846,0.085,low
Hail/Weather,62,0,0,not_required,True,True,False,False,141061,136341,0.967,0.128,low
Other,44,1,10,not_reported,True,False,False,False,31980,22183,0.694,0.026,high
Vandalism,55,1,7,not_required,True,True,False,True,119516,101496,0.849,0.206,medium
Other,45,1,0,not_required,True,False,False,False,64394,58165,0.903,0.052,medium
Collision,35,1,11,reported,True,False,False,False,30629,22886,0.747,0.031,low
Hit & Run,39,0,2,reported,True,False,False,False,58097,43951,0.757,0.049,low
Collision,51,3,14,reported,True,False,False,False,111002,97060,0.874,0.106,high
Other,39,0,3,reported,True,True,False,True,161254,127154,0.789,0.09,low
Collision,38,1,1,reported,True,False,False,False,157018,122732,0.782,0.079,low
Collision,49,0,0,reported,True,True,True,True,80303,49524,0.617,0.061,medium
Hit & Run,39,1,1,reported,False,False,False,False,225882,221364,0.98,0.391,high
Other,28,0,2,not_required,True,False,False,False,99649,105818,1.062,0.167,medium
Hail/Weather,70,1,15,not_required,True,False,False,False,47462,34364,0.724,0.092,low
Natural Disaster,49,0,12,not_required,True,False,False,False,36869,33920,0.92,0.037,medium
Collision,33,0,2,reported,True,True,False,True,42848,31504,0.735,0.026,low
Collision,37,1,0,reported,True,False,False,False,32784,23405,0.714,0.023,low
Vandalism,56,0,0,reported,True,True,False,True,42614,43223,1.014,0.067,low
Hit & Run,72,0,3,reported,True,True,False,True,236301,236784,1.002,0.247,medium
Vandalism,45,0,5,not_required,True,True,False,True,88290,63366,0.718,0.1,medium
Collision,54,1,6,reported,True,False,False,False,76244,69085,0.906,0.187,low
Collision,61,2,11,reported,True,False,False,False,182678,196219,1.074,0.489,high
Collision,47,1,21,reported,True,False,False,False,83028,68144,0.821,0.047,medium
Collision,69,1,0,reported,True,False,False,False,42080,30013,0.713,0.04,low
Hit & Run,49,1,7,reported,True,True,False,False,83739,60410,0.721,0.092,high
Hail/Weather,22,3,2,not_required,True,False,False,False,120032,95510,0.796,0.119,low
Hit & Run,38,0,15,not_reported,True,False,False,False,83691,69256,0.828,0.035,high
Theft,39,1,3,reported,True,False,False,False,69210,63673,0.92,0.111,medium
Other,49,1,2,not_reported,True,False,False,False,171482,177655,1.036,0.078,medium
Natural Disaster,30,2,1,not_required,True,False,False,False,90617,79507,0.877,0.049,medium
Hail/Weather,70,1,3,not_required,True,False,False,False,83626,81772,0.978,0.063,medium
Theft,46,0,5,not_required,True,True,False,True,38802,26057,0.672,0.045,medium
Collision,25,1,4,reported,True,True,False,False,118663,92502,0.78,0.122,medium
Theft,54,1,4,not_reported,True,False,False,False,95548,107985,1.13,0.054,high
Collision,43,1,2,reported,True,True,False,True,36787,27721,0.754,0.041,medium
Collision,47,0,2,reported,True,False,False,False,124962,98834,0.791,0.179,low
Collision,37,0,16,not_required,True,True,False,True,57767,36245,0.627,0.038,medium
Fire,74,0,6,not_reported,False,False,False,False,88564,66898,0.755,0.052,high
Collision,58,1,12,reported,True,False,False,False,122759,104173,0.849,0.126,low
Vandalism,34,0,5,reported,True,False,False,False,32626,23976,0.735,0.026,low
Collision,27,0,2,not_required,True,True,False,True,46161,47219,1.023,0.05,medium
Collision,47,0,24,not_required,True,False,False,False,179763,197714,1.1,0.214,high
Other,50,1,3,reported,True,False,False,False,80739,53174,0.659,0.057,low
Other,44,2,0,reported,True,False,False,False,122823,137847,1.122,0.269,high
Collision,45,1,0,reported,True,False,False,False,112800,117286,1.04,0.082,low
Collision,42,0,0,reported,True,False,False,False,112664,79032,0.701,0.167,low
Hit & Run,29,1,4,reported,True,True,False,True,36531,28279,0.774,0.027,high
Collision,33,1,10,reported,True,False,False,False,68190,47993,0.704,0.035,low
Collision,34,1,1,not_required,True,False,False,False,95993,100911,1.051,0.131,medium
Collision,31,2,0,reported,True,False,False,False,96078,78721,0.819,0.094,medium
Natural Disaster,38,0,14,reported,False,False,False,False,106323,80095,0.753,0.081,high
Theft,45,1,9,reported,True,True,True,False,87331,70916,0.812,0.132,high
Collision,31,0,5,not_reported,True,False,False,False,34132,28581,0.837,0.038,medium
Hit & Run,51,3,3,reported,True,True,False,True,136199,110734,0.813,0.108,high
Theft,48,1,25,not_required,True,False,False,False,58523,42178,0.721,0.043,high
Collision,71,1,2,reported,True,False,False,False,170059,160691,0.945,0.259,low
Other,21,1,0,reported,True,True,False,False,283914,241250,0.85,0.314,medium
Vandalism,73,1,0,not_reported,True,True,False,False,99619,68103,0.684,0.044,low
Collision,36,1,8,reported,True,True,False,True,41496,30194,0.728,0.062,medium
Hit & Run,60,1,0,reported,True,True,False,False,27533,29583,1.074,0.048,low
Collision,42,4,25,reported,True,False,False,False,56506,50054,0.886,0.06,high
Vandalism,25,3,2,not_required,True,True,False,True,24112,21400,0.887,0.023,high
Natural Disaster,23,0,1,not_required,True,False,False,False,161206,111486,0.692,0.144,low
Other,50,1,2,not_reported,True,False,False,False,88894,87741,0.987,0.156,high
Vandalism,18,0,2,not_reported,True,True,False,True,19526,14110,0.723,0.017,medium
Collision,31,2,0,reported,True,True,False,True,128713,119055,0.925,0.083,high
Other,45,1,3,reported,True,True,True,True,28490,24249,0.851,0.054,high
Vandalism,44,0,5,reported,True,False,False,False,90964,88001,0.967,0.173,low
Other,43,0,2,not_required,False,True,False,True,121066,90561,0.748,0.124,high
Natural Disaster,34,1,2,not_required,True,False,False,False,177889,147139,0.827,0.18,medium
Natural Disaster,71,1,4,reported,True,True,False,False,67233,57414,0.854,0.059,low
Vandalism,44,1,14,reported,True,False,False,False,58363,54404,0.932,0.082,medium
Natural Disaster,40,0,2,not_required,True,False,False,False,134602,131910,0.98,0.163,low
Hit & Run,25,2,4,not_reported,True,False,False,False,24036,19536,0.813,0.012,medium
Collision,18,1,9,not_required,True,False,False,False,93215,99551,1.068,0.131,medium
Theft,54,1,4,not_reported,True,True,False,False,135149,132446,0.98,0.079,high
Collision,35,2,10,reported,True,False,False,False,279670,220384,0.788,0.216,medium
Collision,38,1,1,not_reported,True,False,False,False,20103,15965,0.794,0.016,low
Other,32,1,0,not_reported,True,True,False,False,62008,49357,0.796,0.052,medium
Collision,48,1,5,not_required,True,False,False,False,130970,99237,0.758,0.271,medium
Collision,34,0,1,reported,True,False,False,False,54504,55496,1.018,0.045,low
Vandalism,35,0,1,not_reported,True,False,False,False,51745,50710,0.98,0.083,medium
Natural Disaster,43,0,3,reported,True,True,False,False,66840,68932,1.031,0.057,low
Theft,22,1,4,reported,True,False,False,False,120158,98618,0.821,0.116,high
Hail/Weather,44,0,3,not_required,True,False,False,False,91508,98340,1.075,0.232,low
Other,58,0,12,not_reported,True,False,False,False,523932,404424,0.772,0.387,medium
Vandalism,66,1,5,not_required,True,False,False,False,127469,90751,0.712,0.24,medium
Other,37,0,13,not_reported,True,False,False,False,76583,54603,0.713,0.05,medium
Vandalism,34,2,27,reported,True,False,False,False,49021,52943,1.08,0.068,high
Collision,72,0,4,reported,True,True,False,True,114787,125510,1.093,0.137,medium
Collision,39,0,4,reported,True,False,False,False,140265,148268,1.057,0.275,low
Collision,46,0,3,not_required,True,False,False,False,54556,43523,0.798,0.057,low
Hail/Weather,38,0,5,not_required,True,False,False,False,35636,33137,0.93,0.015,low
Natural Disaster,64,2,9,not_required,True,False,False,False,100737,66131,0.656,0.092,low
Collision,49,0,3,not_reported,True,True,False,True,181568,123437,0.68,0.124,medium
Vandalism,21,2,8,reported,True,False,False,False,42936,30994,0.722,0.04,low
Other,29,0,6,reported,True,False,False,False,57619,53095,0.921,0.039,low
Collision,56,0,3,not_required,True,True,False,False,188425,136229,0.723,0.116,low
Collision,32,0,6,reported,True,False,False,False,49828,46252,0.928,0.051,low
Collision,53,1,5,reported,True,True,False,False,97077,76229,0.785,0.088,low
Vandalism,35,0,2,not_reported,True,False,False,False,57600,62037,1.077,0.172,medium
Collision,23,2,5,reported,True,False,False,False,174064,132602,0.762,0.091,medium
Collision,19,1,19,reported,True,False,False,False,40619,29372,0.723,0.024,medium
Collision,36,1,4,not_required,False,False,False,False,62551,60944,0.974,0.131,high
Collision,38,1,3,reported,True,False,False,False,61323,43752,0.713,0.104,low
Vandalism,41,1,9,reported,True,False,False,False,132161,99016,0.749,0.076,medium
Collision,46,1,13,reported,False,True,False,True,62962,39567,0.628,0.04,high
Other,44,3,2,not_reported,True,False,False,False,87368,77182,0.883,0.059,medium
Collision,48,0,2,not_reported,True,False,False,False,35128,29216,0.832,0.064,low
Hit & Run,18,0,0,not_reported,True,True,True,True,75176,58272,0.775,0.118,high
Collision,38,1,30,not_required,True,False,False,False,182337,160999,0.883,0.132,high
Collision,44,0,11,not_reported,True,True,False,False,164728,104566,0.635,0.163,high
Collision,40,2,4,reported,True,False,False,False,133609,83976,0.629,0.109,medium
Collision,53,0,4,reported,True,False,False,False,94234,97836,1.038,0.09,low
Vandalism,75,2,5,not_required,True,False,False,False,88822,74071,0.834,0.134,high
Other,35,0,3,reported,True,True,False,True,49918,56832,1.139,0.063,medium
Hit & Run,18,2,1,reported,True,False,False,False,79343,77084,0.972,0.059,high
Other,62,0,1,not_reported,True,False,False,False,131062,117787,0.899,0.129,medium
Collision,42,0,5,reported,True,True,False,False,36250,26223,0.723,0.037,low
Natural Disaster,42,2,4,not_required,True,False,False,False,53770,58072,1.08,0.089,high
Collision,67,0,8,reported,True,False,False,False,209375,217250,1.038,0.117,low
Fire,42,2,4,reported,True,True,False,True,160591,117499,0.732,0.204,high
Hail/Weather,48,0,4,not_required,True,True,True,True,92155,105072,1.14,0.231,high
Theft,20,1,0,reported,False,False,False,False,45913,35243,0.768,0.049,medium
Collision,35,1,0,reported,False,False,False,False,175509,138066,0.787,0.27,medium
Vandalism,28,2,0,reported,True,True,False,True,15918,15037,0.945,0.012,medium
Other,40,2,0,reported,True,False,False,False,178568,145946,0.817,0.155,medium
Hit & Run,37,0,1,reported,True,False,False,False,215194,183629,0.853,0.18,low
Collision,41,0,4,reported,True,False,False,False,33675,28830,0.856,0.053,low
Hit & Run,25,1,0,reported,True,True,False,True,152632,115540,0.757,0.092,low
Collision,23,1,5,not_required,True,False,False,False,127535,96971,0.76,0.067,low
Other,61,1,2,not_required,True,False,False,False,156403,153275,0.98,0.299,medium
Hail/Weather,58,1,3,not_required,True,False,False,False,162709,133428,0.82,0.203,low
Collision,72,0,6,reported,True,False,False,False,229097,209816,0.916,0.444,low
Theft,73,0,2,not_reported,False,True,False,False,116413,123839,1.064,0.12,high
Hail/Weather,67,0,3,not_required,False,False,False,False,164979,122969,0.745,0.236,medium
Natural Disaster,66,0,22,not_required,True,False,False,False,67346,63352,0.941,0.086,medium
Vandalism,65,2,1,not_reported,True,True,False,False,60791,59575,0.98,0.091,high
Collision,30,1,14,reported,True,True,False,True,205519,157982,0.769,0.221,medium
Other,45,1,13,not_reported,True,True,True,False,301141,194724,0.647,0.253,high
Collision,72,2,5,reported,True,True,False,True,32839,33525,1.021,0.121,high
Other,65,1,0,reported,True,True,False,True,88686,81141,0.915,0.077,medium
Collision,49,4,2,reported,False,False,False,False,66592,67696,1.017,0.048,high
Collision,62,1,4,not_reported,True,False,False,False,73154,71846,0.982,0.087,medium
Other,31,1,11,not_required,True,False,False,False,27528,28303,1.028,0.022,medium
Collision,22,1,4,not_required,True,False,False,False,94774,103390,1.091,0.155,medium
Hail/Weather,34,0,4,reported,True,False,False,False,70315,53262,0.757,0.029,low
Fire,22,1,7,not_required,True,False,False,False,55402,30471,0.55,0.033,medium
Collision,39,1,2,reported,False,False,False,False,126094,79473,0.63,0.179,high
Fire,32,1,5,reported,False,False,False,False,52417,32231,0.615,0.054,medium
Collision,57,0,5,not_required,True,True,False,False,207602,146024,0.703,0.173,medium
Vandalism,28,1,1,not_reported,True,True,False,True,70028,54835,0.783,0.083,high
Natural Disaster,25,1,0,not_required,True,False,False,False,21148,19925,0.942,0.014,low
Vandalism,42,0,3,not_reported,True,False,False,False,32002,29597,0.925,0.051,medium
Fire,42,0,0,reported,True,False,False,False,65794,64479,0.98,0.07,low
Hail/Weather,40,1,0,not_required,True,True,False,False,279091,200781,0.719,0.213,low
Hail/Weather,25,1,7,not_required,True,True,False,False,219898,146591,0.667,0.104,low
Collision,40,2,3,reported,True,False,False,False,113176,112662,0.995,0.229,high
Fire,35,0,0,reported,False,False,False,False,65210,77510,1.189,0.177,high
Collision,36,3,0,reported,True,True,False,True,64309,36355,0.565,0.064,low
Fire,40,0,1,not_reported,True,False,False,False,95963,81569,0.85,0.088,low
Hit & Run,52,2,5,not_required,True,False,False,False,78030,53085,0.68,0.039,high
Theft,35,1,0,reported,True,True,False,True,65492,64097,0.979,0.056,medium
Collision,63,0,12,reported,True,True,False,True,73178,63171,0.863,0.066,medium
Hit & Run,30,1,2,reported,True,False,False,False,91869,94779,1.032,0.117,high
Other,45,0,3,reported,True,True,False,True,90871,72685,0.8,0.067,low
Other,34,0,4,not_required,False,False,False,False,79740,82599,1.036,0.109,high
Vandalism,41,3,0,reported,False,True,False,True,117378,108279,0.922,0.105,high
Theft,27,1,0,reported,True,True,False,True,64385,63347,0.984,0.079,medium
Collision,73,1,4,reported,True,True,True,True,123015,94596,0.769,0.145,medium
Collision,25,0,1,reported,True,False,False,False,49245,33462,0.68,0.051,low
Collision,31,1,23,reported,True,True,False,False,66581,46733,0.702,0.072,medium
Vandalism,44,0,6,reported,True,False,False,False,56184,54773,0.975,0.078,low
Collision,51,2,0,not_reported,True,False,False,False,20597,22097,1.073,0.044,high
Hit & Run,44,1,0,not_required,True,False,False,False,94271,67675,0.718,0.125,medium
Collision,70,0,3,reported,True,False,False,False,124206,121116,0.975,0.106,low
Hit & Run,41,0,10,reported,True,True,False,False,31409,31737,1.01,0.056,medium
Theft,56,1,12,reported,False,False,False,False,122011,97945,0.803,0.107,high
Collision,20,2,5,not_required,False,True,True,True,99398,80051,0.805,0.099,high
Collision,30,0,11,reported,True,True,False,True,141901,128335,0.904,0.166,high
Vandalism,47,2,8,not_reported,True,True,False,True,41676,40408,0.97,0.034,high
Collision,32,0,0,not_reported,True,False,False,False,64287,68688,1.068,0.044,medium
Collision,52,0,5,reported,True,True,False,False,106301,104175,0.98,0.101,low
Hit & Run,33,1,2,reported,True,False,False,False,82198,62025,0.755,0.053,low
Collision,34,0,0,reported,True,False,False,False,301599,323906,1.074,0.462,low
Collision,41,3,4,reported,True,True,False,True,92604,67652,0.731,0.047,medium
Theft,35,0,5,reported,True,False,False,False,98928,54411,0.55,0.082,low
Other,50,1,4,not_reported,True,False,False,False,183089,179427,0.98,0.204,medium
Natural Disaster,51,1,7,reported,True,False,False,False,203365,129907,0.639,0.262,low
Theft,31,1,4,reported,True,False,False,False,169248,163176,0.964,0.13,medium
Collision,64,2,0,not_required,True,True,False,True,130636,108604,0.831,0.113,medium
Theft,32,0,0,reported,True,True,False,False,141363,120425,0.852,0.119,low
Collision,73,1,10,not_reported,True,False,False,False,68095,61575,0.904,0.071,high
Collision,34,0,2,reported,True,True,False,True,42054,44098,1.049,0.018,medium
Collision,39,1,1,not_reported,True,False,False,False,54466,40037,0.735,0.038,medium
Vandalism,24,1,3,not_reported,True,True,False,True,202564,138641,0.684,0.285,high
Theft,46,2,0,not_reported,False,True,False,True,71415,71587,1.002,0.096,high
Other,70,0,2,not_required,True,False,False,False,159961,182123,1.139,0.233,low
Collision,46,0,0,reported,True,False,False,False,239440,249895,1.044,0.394,low
Theft,35,2,0,reported,True,True,False,True,73771,55487,0.752,0.165,high
Theft,41,0,3,not_reported,True,False,False,False,140438,108411,0.772,0.076,medium
Collision,25,0,5,not_reported,True,False,False,False,64061,44932,0.701,0.047,medium
Other,27,1,4,not_reported,True,False,False,False,86942,70446,0.81,0.085,high
Collision,19,0,13,reported,True,False,False,False,59485,58295,0.98,0.052,low
Collision,50,1,8,reported,True,True,False,True,52909,34511,0.652,0.064,high
Collision,23,2,0,not_required,True,True,False,False,155300,140364,0.904,0.131,medium
Theft,68,0,2,reported,True,False,False,False,159190,167278,1.051,0.164,medium
Collision,42,1,5,reported,True,True,False,True,160083,97247,0.607,0.16,medium
Hit & Run,71,1,2,reported,True,False,False,False,148400,160569,1.082,0.395,high
Collision,40,1,4,reported,True,False,False,False,45735,46619,1.019,0.056,medium
Hail/Weather,31,2,28,not_required,True,True,False,True,104498,88074,0.843,0.073,high
Collision,36,1,18,not_reported,True,True,False,True,76165,62687,0.823,0.033,high
Hail/Weather,51,0,2,not_required,True,False,False,False,112669,76640,0.68,0.149,low
Collision,22,1,5,reported,True,False,False,False,38067,30249,0.795,0.047,low
Collision,41,2,3,reported,True,False,False,False,39937,31631,0.792,0.049,low
Hail/Weather,39,3,1,not_required,True,False,False,False,94088,90303,0.96,0.048,high
Collision,34,2,1,reported,True,True,False,True,105753,91263,0.863,0.251,low
Natural Disaster,60,1,13,reported,True,False,False,False,125353,112754,0.899,0.275,medium
Collision,30,0,1,not_reported,True,False,False,False,28701,22144,0.772,0.036,low
Other,38,1,2,not_required,True,False,False,False,75627,74115,0.98,0.04,low
Collision,51,1,14,reported,True,True,False,False,191914,146116,0.761,0.136,high
Collision,30,0,25,not_required,True,False,False,False,147731,121033,0.819,0.159,medium
Vandalism,46,2,5,reported,True,False,False,False,152551,160233,1.05,0.23,high
Collision,39,0,20,not_reported,True,False,False,False,107818,105172,0.975,0.188,high
Hail/Weather,19,1,1,not_reported,False,False,False,False,91199,93838,1.029,0.083,high
Collision,21,0,11,reported,True,False,False,False,99015,113499,1.146,0.246,medium
Collision,41,1,10,reported,True,False,False,False,54853,50774,0.926,0.064,low
Collision,52,0,4,not_reported,True,False,False,False,78907,78807,0.999,0.044,high
Collision,51,0,3,reported,True,True,False,True,52482,51432,0.98,0.079,low
Collision,75,3,14,reported,True,False,False,False,137982,117049,0.848,0.135,high
Collision,19,1,4,not_reported,True,False,False,False,63095,61833,0.98,0.127,medium
Collision,39,1,2,reported,True,True,False,True,24931,24729,0.992,0.036,medium
Collision,36,1,2,reported,True,False,False,False,146590,138726,0.946,0.138,medium
Fire,64,0,12,not_required,True,False,False,False,162432,112540,0.693,0.067,low
Collision,52,1,14,not_required,True,False,False,False,50983,37008,0.726,0.036,low
Vandalism,27,0,5,not_reported,True,False,False,False,99170,76297,0.769,0.093,medium
Other,48,1,9,reported,True,True,False,True,145526,89756,0.617,0.129,low
Fire,38,0,4,reported,True,False,False,False,64770,51745,0.799,0.09,low
Collision,48,0,5,not_reported,True,False,False,False,117595,118634,1.009,0.122,medium
Collision,40,2,2,reported,True,False,False,False,49770,40526,0.814,0.045,low
Hit & Run,32,2,0,reported,True,False,False,False,192876,151104,0.783,0.1,medium
Collision,41,0,3,reported,False,True,True,False,74165,62914,0.848,0.118,high
Collision,33,1,5,reported,True,False,False,False,201022,152569,0.759,0.17,low
Other,66,0,0,reported,True,False,False,False,47521,37050,0.78,0.033,low
Collision,22,1,12,not_required,True,False,False,False,105817,109503,1.035,0.171,high
Hit & Run,52,1,11,reported,True,False,False,False,43467,35715,0.822,0.052,medium
Collision,71,0,2,reported,True,True,True,True,92884,77121,0.83,0.097,medium
Collision,70,1,1,reported,True,False,False,False,268585,224925,0.837,0.332,medium
Collision,39,0,1,reported,False,False,False,False,42618,42127,0.988,0.062,medium
Collision,34,1,7,reported,True,False,False,False,32061,27864,0.869,0.042,low
Collision,44,1,5,reported,True,False,False,False,57104,49121,0.86,0.087,low
Other,55,1,1,not_reported,True,False,False,False,41523,34632,0.834,0.034,medium
Collision,40,3,26,reported,True,True,False,True,183275,179609,0.98,0.136,high
Other,36,2,5,reported,True,True,False,True,167890,125323,0.746,0.181,high
Natural Disaster,25,3,9,not_required,True,False,False,False,117929,94439,0.801,0.109,high
Vandalism,39,2,3,reported,True,False,False,False,91257,89432,0.98,0.05,medium
Hit & Run,39,0,3,reported,True,False,False,False,27608,17725,0.642,0.027,low
Theft,61,0,9,not_required,True,False,False,False,31910,38566,1.209,0.021,medium
Collision,45,0,2,reported,True,False,False,False,66513,45305,0.681,0.062,low
Theft,58,1,1,reported,True,False,False,False,136943,105337,0.769,0.042,medium
Collision,20,1,2,reported,True,True,False,True,130949,108877,0.831,0.188,high
Collision,45,1,14,reported,True,False,False,False,85748,55243,0.644,0.115,medium
Collision,43,0,1,reported,True,False,False,False,96012,91839,0.957,0.076,low
Collision,61,0,4,not_reported,True,False,False,False,269441,180506,0.67,0.234,medium
Theft,38,0,0,reported,True,False,False,False,16806,11330,0.674,0.023,low
Collision,64,0,9,reported,True,False,False,False,102931,78471,0.762,0.079,low
Hit & Run,72,3,5,not_reported,True,False,False,False,194887,144530,0.742,0.292,high
Hail/Weather,39,2,0,not_required,True,True,True,False,157499,154349,0.98,0.382,high
Hit & Run,20,1,2,not_required,True,True,False,False,106991,104852,0.98,0.289,high
Natural Disaster,18,3,8,reported,True,False,False,False,65640,72719,1.108,0.078,high
Hail/Weather,31,0,5,not_required,True,False,False,False,600000,549265,0.915,0.861,low
Hit & Run,25,2,3,not_reported,True,True,False,True,50339,44036,0.875,0.127,high
Collision,39,0,2,reported,True,False,False,False,37224,29812,0.801,0.031,low
Collision,46,3,5,reported,True,False,False,False,61022,59234,0.971,0.039,high
Collision,34,1,9,reported,True,False,False,False,85940,79487,0.925,0.109,low
Hit & Run,65,0,5,reported,True,False,False,False,32876,32982,1.003,0.046,medium
Natural Disaster,38,1,14,not_required,True,False,False,False,100818,91000,0.903,0.142,high
Collision,41,0,9,not_reported,True,False,False,False,145565,114240,0.785,0.046,medium
Theft,46,0,9,not_required,False,False,False,False,88698,95666,1.079,0.297,high
Collision,36,0,4,reported,True,False,False,False,391289,363403,0.929,0.408,medium
Collision,60,1,2,not_reported,True,True,False,False,57326,56862,0.992,0.124,high
Collision,75,1,8,reported,True,True,False,False,54266,53181,0.98,0.073,medium
Hit & Run,20,2,11,reported,True,False,False,False,51623,34473,0.668,0.064,high
Hail/Weather,48,2,3,reported,True,True,False,False,153969,150890,0.98,0.178,high
Hit & Run,74,1,16,reported,True,False,False,False,81991,59938,0.731,0.063,high
Collision,25,2,5,reported,True,False,False,False,51736,44784,0.866,0.08,low
Collision,32,0,0,not_required,True,False,False,False,168141,164778,0.98,0.099,low
Collision,43,3,2,reported,True,True,False,False,193891,152745,0.788,0.163,medium
Hit & Run,37,0,1,reported,True,True,False,True,125230,92526,0.739,0.076,high
Vandalism,22,1,5,not_reported,True,False,False,False,72157,52802,0.732,0.044,high
Vandalism,33,1,2,not_reported,True,False,False,False,40390,39405,0.976,0.074,medium
Vandalism,59,1,13,reported,True,False,False,False,37056,34637,0.935,0.089,medium
Theft,25,1,5,reported,True,False,False,False,105397,81402,0.772,0.094,medium
Collision,33,0,0,not_required,False,False,False,False,104988,90742,0.864,0.113,high
Hail/Weather,28,3,3,not_required,True,True,False,True,86003,62023,0.721,0.11,high
Collision,49,0,0,reported,True,False,False,False,74897,57085,0.762,0.079,low
Other,48,3,0,reported,True,False,False,False,158264,110187,0.696,0.193,low
Collision,45,1,3,reported,True,True,False,False,419096,374068,0.893,0.502,medium
Collision,40,1,0,not_required,True,True,False,False,65783,73308,1.114,0.088,medium
Theft,47,1,2,reported,True,False,False,False,89294,63317,0.709,0.112,low
Collision,59,2,0,not_reported,True,False,False,False,33073,35719,1.08,0.045,medium
Collision,70,1,3,not_reported,True,False,False,False,90404,79532,0.88,0.092,low
Theft,27,0,2,reported,True,True,True,False,70481,63041,0.894,0.064,medium
Other,37,1,2,reported,False,False,False,False,20433,15226,0.745,0.016,high
Collision,45,1,1,reported,True,False,False,False,116119,91340,0.787,0.123,low
Hit & Run,51,0,3,reported,True,False,False,False,103299,82632,0.8,0.083,low
Theft,33,2,4,not_required,True,True,False,True,94038,79675,0.847,0.113,high
Hit & Run,40,3,3,reported,True,False,False,False,43724,46687,1.068,0.097,high
Natural Disaster,42,2,3,not_required,True,False,False,False,157825,113341,0.718,0.118,low
Collision,52,1,2,reported,True,True,False,True,44428,36427,0.82,0.042,high
Theft,43,1,1,reported,True,False,False,False,296189,237486,0.802,0.233,low
Collision,29,0,2,reported,True,False,False,False,51623,50590,0.98,0.088,low
Vandalism,42,0,1,not_reported,False,True,True,False,103345,74009,0.716,0.071,high
Hit & Run,47,0,4,reported,True,False,False,False,145864,138577,0.95,0.137,medium
Collision,25,0,1,reported,True,True,False,True,43945,36577,0.832,0.036,medium
Hit & Run,25,1,1,reported,True,True,False,True,120161,88084,0.733,0.079,high
Vandalism,55,0,0,not_reported,True,False,False,False,90543,91849,1.014,0.089,medium
Collision,43,0,3,reported,True,False,False,False,99526,64541,0.648,0.074,low
Vandalism,19,1,5,reported,True,False,False,False,78455,70271,0.896,0.107,medium
Vandalism,25,1,13,reported,True,False,False,False,171934,134751,0.784,0.262,high
Collision,54,1,5,reported,True,False,False,False,66865,37601,0.562,0.037,low
Collision,70,0,1,reported,True,False,False,False,37061,34417,0.929,0.025,low
Collision,42,1,6,not_required,True,True,False,False,211772,138321,0.653,0.553,medium
Vandalism,66,1,0,reported,True,False,False,False,191110,178606,0.935,0.138,medium
Hit & Run,35,1,4,reported,True,True,False,True,191056,173646,0.909,0.185,high
Theft,67,1,14,reported,True,False,False,False,179638,180301,1.004,0.442,high
Hit & Run,30,1,4,reported,True,False,False,False,50425,39178,0.777,0.057,low
Collision,75,2,0,not_reported,True,False,False,False,76350,70772,0.927,0.104,high
Vandalism,46,1,1,not_reported,True,False,False,False,51639,43260,0.838,0.064,medium
Fire,42,1,17,reported,True,False,False,False,46176,38712,0.838,0.053,medium
Collision,40,2,3,reported,True,False,False,False,143208,114684,0.801,0.193,medium
Other,19,0,7,not_required,True,False,False,False,86328,84137,0.975,0.096,low
Hit & Run,48,3,0,reported,True,True,True,False,31216,33215,1.064,0.027,high
Collision,40,0,2,not_reported,True,False,False,False,52931,47057,0.889,0.03,low
Collision,37,0,2,not_reported,True,True,False,True,46602,44056,0.945,0.058,medium
Theft,68,1,2,reported,True,True,False,True,140687,125671,0.893,0.111,medium
Fire,38,2,2,reported,True,False,False,False,92796,69175,0.745,0.128,low
Collision,27,1,4,reported,True,False,False,False,110721,98546,0.89,0.152,low
Fire,19,1,0,not_required,True,True,False,True,64460,49136,0.762,0.052,medium
Hit & Run,19,1,4,reported,True,True,False,False,79275,77690,0.98,0.089,medium
Hit & Run,19,0,4,reported,True,False,False,False,36820,25821,0.701,0.025,medium
Hit & Run,43,1,3,reported,True,False,False,False,129272,100551,0.778,0.351,medium
Collision,41,1,4,reported,True,True,False,True,96492,77153,0.8,0.14,medium
Collision,45,0,0,reported,True,False,False,False,83392,68124,0.817,0.081,low
Theft,57,1,3,reported,True,False,False,False,50873,49856,0.98,0.065,medium
Hit & Run,40,0,5,reported,True,False,False,False,74815,59824,0.8,0.103,medium
Other,21,1,2,reported,True,False,False,False,53544,42476,0.793,0.061,low
Collision,25,0,14,not_required,True,True,False,True,97673,84945,0.87,0.099,high
Hit & Run,21,0,1,reported,True,False,False,False,51086,54418,1.065,0.058,medium
Hit & Run,24,1,4,reported,False,False,False,False,50805,38258,0.753,0.05,high
Theft,32,1,1,reported,True,True,False,False,193886,200909,1.036,0.476,high
Collision,28,2,0,reported,True,False,False,False,48755,52398,1.075,0.058,high
Natural Disaster,70,0,5,not_required,True,True,False,True,194080,144846,0.746,0.134,low
Natural Disaster,35,3,5,not_required,True,True,False,False,163598,124525,0.761,0.101,high
Collision,50,1,5,reported,True,False,False,False,98849,82301,0.833,0.069,low
Hit & Run,41,1,3,not_reported,True,False,False,False,58338,51512,0.883,0.054,medium
Collision,42,1,3,reported,True,False,False,False,26921,23826,0.885,0.027,medium
Hail/Weather,45,0,1,not_required,True,True,False,True,422149,284125,0.673,0.441,low
Theft,44,1,16,reported,False,True,False,True,49592,43222,0.872,0.021,high
Other,30,1,5,reported,True,False,False,False,133792,95762,0.716,0.146,medium
Fire,45,0,0,not_reported,True,False,False,False,142060,92192,0.649,0.119,low
Collision,32,0,3,reported,True,False,False,False,30944,32672,1.056,0.078,medium
Collision,64,2,0,reported,True,False,False,False,170282,173421,1.018,0.143,medium
Fire,26,1,3,reported,True,True,False,True,70687,50839,0.719,0.035,low
Collision,44,0,14,reported,True,False,False,False,107671,94187,0.875,0.078,medium
Other,39,0,1,not_reported,True,False,False,False,380822,325038,0.854,0.41,medium
Collision,30,0,3,reported,True,True,False,True,57854,40316,0.697,0.03,low
Collision,36,1,12,reported,True,False,False,False,63486,45076,0.71,0.056,low
Collision,24,1,14,reported,True,False,False,False,72505,77081,1.063,0.046,low
Natural Disaster,34,0,5,reported,True,True,True,True,61433,46222,0.752,0.074,medium
Collision,73,1,8,not_reported,True,False,False,False,117118,98841,0.844,0.069,medium
Vandalism,49,0,4,not_reported,True,False,False,False,51954,51497,0.991,0.053,medium
Natural Disaster,38,1,1,not_reported,True,False,False,False,149407,142868,0.956,0.118,medium
Collision,68,3,8,reported,True,True,False,False,53577,39900,0.745,0.064,high
Hit & Run,51,0,0,not_required,True,True,False,False,54479,56583,1.039,0.06,high
Hail/Weather,70,0,5,not_required,True,True,True,False,43797,34192,0.781,0.081,low
Collision,25,2,4,reported,True,False,False,False,51859,47219,0.911,0.071,low
Collision,36,0,4,reported,True,True,False,True,54213,42367,0.781,0.062,medium
Collision,41,1,3,reported,True,True,False,True,37728,36347,0.963,0.04,medium
Other,45,2,0,not_required,True,False,False,False,48718,38407,0.788,0.027,low
Theft,36,0,4,reported,True,False,False,False,114219,126973,1.112,0.18,medium
Hit & Run,22,2,30,not_reported,False,True,False,True,44512,31580,0.709,0.033,high
Collision,31,1,11,not_reported,True,False,False,False,270417,244806,0.905,0.257,high
Vandalism,46,1,1,reported,True,False,False,False,21915,24586,1.122,0.023,low
Collision,52,0,0,not_required,True,False,False,False,65593,48284,0.736,0.039,low
Collision,22,2,1,reported,True,True,False,False,91652,61390,0.67,0.077,low
Collision,47,0,5,reported,False,False,False,False,85234,76827,0.901,0.185,medium
Natural Disaster,19,1,2,not_required,True,True,False,True,142192,153564,1.08,0.12,medium
Hit & Run,52,2,13,not_required,True,True,False,False,93637,83173,0.888,0.073,high
Collision,25,1,0,reported,True,False,False,False,84230,63586,0.755,0.085,medium
Theft,35,1,5,reported,True,True,False,True,134957,86487,0.641,0.116,high
Collision,42,2,2,reported,True,False,False,False,101779,111108,1.092,0.103,low
Natural Disaster,33,0,5,not_required,True,False,False,False,83115,56983,0.686,0.07,medium
Collision,42,0,1,not_reported,True,False,False,False,185099,149359,0.807,0.06,low
Vandalism,37,2,3,not_required,True,False,False,False,211955,176406,0.832,0.28,medium
Natural Disaster,46,2,3,not_required,True,False,False,False,140530,117043,0.833,0.192,medium
Hail/Weather,31,1,12,not_required,True,True,False,True,98302,60730,0.618,0.075,high
Vandalism,43,1,3,not_required,True,True,False,True,113275,95070,0.839,0.068,medium
Hail/Weather,62,0,3,not_required,True,False,False,False,47297,44583,0.943,0.065,low
Vandalism,25,0,1,not_required,True,True,False,True,20958,14128,0.674,0.017,medium
Collision,51,3,3,reported,True,True,False,False,70185,40437,0.576,0.064,medium
Hail/Weather,45,0,4,not_reported,True,False,False,False,87583,67425,0.77,0.134,medium
Hail/Weather,22,0,16,not_required,True,True,False,False,118954,107423,0.903,0.164,high
Collision,25,2,4,reported,True,False,False,False,267768,246769,0.922,0.24,medium
Theft,63,2,11,reported,True,False,False,False,76473,81146,1.061,0.077,high
Collision,33,2,1,reported,True,False,False,False,44315,46681,1.053,0.023,medium
Collision,23,1,5,reported,True,False,False,False,133160,101709,0.764,0.139,low
Collision,40,0,4,reported,True,False,False,False,88039,75513,0.858,0.078,low
Hail/Weather,39,0,4,not_reported,True,True,False,True,42621,31460,0.738,0.04,medium
Natural Disaster,34,1,4,not_required,True,True,False,True,76241,81960,1.075,0.155,high
Natural Disaster,39,2,4,not_required,True,True,False,True,187615,201549,1.074,0.25,high
Collision,42,2,0,not_required,True,True,False,False,145691,144751,0.994,0.108,medium
Theft,37,0,5,reported,True,False,False,False,59759,46722,0.782,0.045,low
Vandalism,43,0,5,reported,True,False,False,False,51138,58427,1.143,0.121,low
Theft,19,0,3,reported,True,True,False,False,179024,158818,0.887,0.221,medium
Collision,31,0,2,reported,True,False,False,False,73251,72710,0.993,0.071,low
Vandalism,22,0,13,not_required,True,False,False,False,178129,140298,0.788,0.316,medium
Collision,65,0,4,reported,True,False,False,False,55204,45476,0.824,0.035,low
Collision,27,1,8,not_reported,True,True,True,True,33897,34054,1.005,0.026,high
Other,48,0,5,not_required,True,False,False,False,69376,46055,0.664,0.03,low
Other,54,1,14,not_required,True,True,False,True,37551,34193,0.911,0.067,high
Vandalism,39,2,27,not_reported,True,True,False,True,76432,48450,0.634,0.136,high
Natural Disaster,57,1,3,not_reported,True,False,False,False,80514,76187,0.946,0.121,medium
Collision,57,1,10,reported,True,True,False,True,83268,65960,0.792,0.087,low
Collision,37,2,7,reported,True,False,False,False,82166,69615,0.847,0.134,high
Fire,71,0,4,not_reported,True,False,False,False,45338,38584,0.851,0.056,medium
Natural Disaster,69,0,5,reported,True,False,False,False,75571,50933,0.674,0.054,low
Collision,45,0,12,not_required,True,False,False,False,78619,59966,0.763,0.081,low
Collision,51,0,3,not_required,False,True,False,True,73307,50235,0.685,0.072,high
Theft,34,2,5,not_reported,True,False,False,False,153808,140801,0.915,0.133,high
Theft,25,2,3,reported,True,False,False,False,43180,34052,0.789,0.052,medium
Hail/Weather,25,2,2,not_required,True,False,False,False,136153,91423,0.671,0.121,medium
Collision,38,1,8,reported,True,False,False,False,51356,49924,0.972,0.057,medium
Other,38,0,29,not_reported,True,False,False,False,48568,37764,0.778,0.032,medium
Collision,37,5,2,not_required,True,False,False,False,115540,116639,1.01,0.229,high
Collision,19,0,2,not_reported,True,False,False,False,107571,78273,0.728,0.08,low
Hit & Run,44,1,5,reported,True,True,False,False,105956,85091,0.803,0.088,medium
Theft,53,3,11,not_reported,True,False,False,False,100750,85837,0.852,0.105,high
Collision,21,0,1,reported,True,True,False,False,101547,121768,1.199,0.156,medium
Other,43,0,5,not_reported,True,True,False,False,105950,83815,0.791,0.034,medium
Hit & Run,50,2,2,reported,True,False,False,False,83296,55852,0.671,0.042,medium
Collision,44,1,1,not_reported,True,False,False,False,121103,89470,0.739,0.055,low
Theft,33,0,4,not_required,True,False,False,False,226088,182858,0.809,0.151,medium
Collision,31,0,8,not_required,True,False,False,False,261961,202135,0.772,0.321,low
Hail/Weather,46,2,1,reported,True,False,False,False,53790,42521,0.791,0.078,low
Collision,25,1,13,reported,True,False,False,False,170024,200487,1.179,0.216,high
Fire,27,1,5,not_reported,True,False,False,False,141528,138698,0.98,0.292,high
Theft,48,1,5,reported,True,False,False,False,37347,28224,0.756,0.019,medium
Hit & Run,24,1,4,reported,True,True,False,False,92819,66055,0.712,0.125,medium
Collision,39,3,1,not_reported,True,True,False,True,84991,73895,0.869,0.104,high
Theft,25,1,1,not_reported,True,True,False,False,67388,41963,0.623,0.028,medium
Collision,24,2,6,reported,True,True,False,True,45663,39793,0.871,0.053,medium
Fire,36,4,1,not_required,True,False,False,False,115433,113124,0.98,0.113,high
Natural Disaster,49,0,4,not_required,True,False,False,False,123642,83662,0.677,0.079,low
Hit & Run,42,0,9,reported,True,True,False,True,109509,120537,1.101,0.168,high
Collision,21,1,13,not_reported,True,True,False,True,187875,172845,0.92,0.207,high
Collision,34,2,12,reported,False,True,False,True,56939,49261,0.865,0.068,high
Theft,50,0,10,reported,True,False,False,False,28331,26586,0.938,0.051,medium
Theft,64,0,11,reported,True,False,False,False,78826,77249,0.98,0.133,high
Collision,30,1,3,reported,True,False,False,False,84398,80324,0.952,0.054,high
Collision,23,0,14,reported,True,False,False,False,140340,98306,0.7,0.181,low
Collision,32,0,6,not_required,True,True,False,True,56262,42397,0.754,0.06,medium
Natural Disaster,33,2,4,reported,True,False,False,False,58714,49467,0.842,0.058,medium
Collision,25,1,3,not_reported,True,False,False,False,77394,83860,1.084,0.094,high
Collision,34,1,2,not_reported,True,True,False,False,86566,58657,0.678,0.061,low
Vandalism,40,0,3,not_reported,True,False,False,False,82146,63968,0.779,0.091,low
Collision,43,1,1,reported,True,True,False,False,23199,17510,0.755,0.017,low
Hail/Weather,32,1,1,reported,True,False,False,False,49722,49470,0.995,0.068,low
Theft,25,1,9,reported,True,True,False,False,142298,139277,0.979,0.096,medium
Natural Disaster,31,1,3,not_required,True,False,False,False,119332,91512,0.767,0.098,low
Hit & Run,23,0,7,reported,True,False,False,False,209468,205279,0.98,0.318,high
Theft,60,1,2,reported,True,False,False,False,45189,37114,0.821,0.06,medium
Collision,37,1,5,reported,False,False,False,False,201639,148435,0.736,0.161,high
Fire,35,1,13,reported,True,False,False,False,154282,95162,0.617,0.117,medium
Other,38,1,4,not_reported,True,False,False,False,125090,101754,0.813,0.127,low
Collision,19,4,2,reported,True,False,False,False,50576,50677,1.002,0.04,high
Theft,26,0,1,reported,True,True,True,True,278323,234909,0.844,0.377,high
Hail/Weather,33,0,13,not_reported,True,True,False,True,146219,130636,0.893,0.054,high
Hail/Weather,63,1,2,not_required,True,True,False,True,138834,122527,0.883,0.133,medium
Collision,48,1,3,reported,False,False,False,False,67172,53626,0.798,0.072,high
Collision,53,1,3,reported,True,False,False,False,121250,118825,0.98,0.203,low
Vandalism,42,0,9,not_reported,True,False,False,False,53225,54323,1.021,0.15,high
Theft,38,1,5,not_reported,True,False,False,False,38260,29007,0.758,0.029,high
Collision,66,1,4,not_required,True,True,False,False,81041,55701,0.687,0.067,low
Hail/Weather,39,0,1,not_required,True,True,True,True,69400,56091,0.808,0.037,low
Collision,61,1,8,reported,True,False,False,False,21922,14957,0.682,0.009,low
Hit & Run,56,0,2,reported,True,True,False,True,64980,46696,0.719,0.106,medium
Other,41,2,2,not_required,True,True,False,True,278552,191109,0.686,0.297,high
Fire,34,1,2,reported,True,True,False,True,315038,226861,0.72,0.279,medium
Collision,26,0,3,reported,True,False,False,False,239836,235040,0.98,0.215,low
Natural Disaster,46,0,13,not_required,True,False,False,False,36128,26608,0.737,0.031,low
Theft,61,2,1,reported,True,False,False,False,58148,50701,0.872,0.12,medium
Collision,29,1,5,not_reported,True,False,False,False,378637,281041,0.742,0.52,high
Collision,62,1,3,reported,True,False,False,False,24861,25502,1.026,0.013,low
Hail/Weather,67,2,8,reported,True,True,False,True,120841,96899,0.802,0.09,low
Theft,20,1,9,reported,True,False,False,False,68322,68575,1.004,0.212,high
Vandalism,73,0,0,not_required,True,False,False,False,132583,121808,0.919,0.072,low
Vandalism,25,0,0,not_reported,True,False,False,False,31028,32768,1.056,0.084,low
Collision,34,0,11,reported,True,False,False,False,91712,60375,0.658,0.031,low
Collision,61,1,0,reported,True,True,False,True,128677,105047,0.816,0.115,medium
Vandalism,28,1,5,not_required,True,False,False,False,44355,24453,0.551,0.033,low
Hail/Weather,42,1,1,not_required,True,False,False,False,28321,19176,0.677,0.032,low
Other,38,0,10,not_reported,True,True,False,True,31643,24788,0.783,0.036,high
Natural Disaster,65,0,2,not_required,True,False,False,False,73339,80490,1.098,0.161,low
Collision,68,0,0,reported,True,False,False,False,134482,99367,0.739,0.049,low
Hail/Weather,68,1,9,not_required,True,True,False,False,65506,49198,0.751,0.041,medium
Collision,38,1,4,not_reported,False,False,False,False,144738,130941,0.905,0.132,high
Natural Disaster,29,0,7,reported,True,False,False,False,182332,166409,0.913,0.266,low
Other,50,0,4,reported,False,True,True,False,51830,44951,0.867,0.029,high
Fire,74,2,3,not_required,True,False,False,False,64797,68907,1.063,0.051,high
Collision,40,0,10,reported,True,False,False,False,111377,109150,0.98,0.075,low
Collision,25,2,0,reported,True,False,False,False,64634,52343,0.81,0.073,low
Theft,24,2,3,reported,False,False,False,False,41761,34065,0.816,0.04,high
Collision,25,0,0,not_required,True,False,False,False,125814,106678,0.848,0.055,low
Collision,66,0,11,not_required,True,False,False,False,73363,58817,0.802,0.142,medium
Theft,74,1,0,reported,False,False,False,False,81770,65487,0.801,0.053,high
Collision,39,0,10,reported,True,False,False,False,60774,59558,0.98,0.046,medium
Fire,43,0,10,reported,True,False,False,False,183720,206888,1.126,0.409,high
Collision,43,0,0,not_required,True,True,False,True,105251,86017,0.817,0.115,low
Collision,32,1,3,not_required,True,True,False,True,26710,22588,0.846,0.019,high
Hail/Weather,19,2,1,reported,True,False,False,False,58527,55377,0.946,0.031,medium
Collision,39,0,4,reported,True,False,False,False,198550,153003,0.771,0.176,low
Theft,25,2,1,reported,True,False,False,False,63287,58969,0.932,0.035,medium
Collision,32,0,2,not_reported,True,True,True,True,114946,80723,0.702,0.132,medium
Theft,36,1,23,reported,True,False,False,False,98954,112105,1.133,0.231,high
Vandalism,44,2,0,reported,True,True,False,True,39625,38832,0.98,0.036,high
Collision,44,2,4,reported,True,True,False,True,32327,33651,1.041,0.051,medium
Collision,51,0,2,reported,True,False,False,False,96676,93513,0.967,0.133,low
Hit & Run,41,0,5,reported,True,False,False,False,23214,24553,1.058,0.024,low
Collision,35,1,12,not_required,False,True,False,True,94040,86626,0.921,0.055,high
Theft,25,0,5,reported,True,False,False,False,44981,31818,0.707,0.05,medium
Vandalism,48,1,1,not_reported,True,True,False,True,191658,116671,0.609,0.108,high
Vandalism,46,0,2,reported,True,True,True,True,94573,63381,0.67,0.105,low
Other,42,1,19,not_reported,True,True,False,False,186046,140572,0.756,0.163,high
Vandalism,36,1,0,not_reported,True,False,False,False,72315,63969,0.885,0.108,high
Collision,48,0,2,reported,True,True,False,True,61384,43855,0.714,0.061,medium
Hail/Weather,72,0,4,reported,True,False,False,False,30835,24976,0.81,0.015,low
Natural Disaster,40,1,3,reported,False,False,False,False,112136,104095,0.928,0.111,high
Collision,37,1,3,not_required,True,True,False,False,107138,69884,0.652,0.167,medium
Other,35,2,6,reported,True,True,False,True,60609,47986,0.792,0.058,medium
Theft,40,0,3,reported,True,True,False,True,169486,168325,0.993,0.238,high
Hit & Run,73,1,3,reported,False,False,False,False,260121,243510,0.936,0.216,high
Vandalism,70,0,2,not_reported,True,True,False,False,107164,84322,0.787,0.07,medium
Collision,69,0,5,not_reported,True,False,False,False,164916,167009,1.013,0.086,low
Hit & Run,28,0,3,reported,True,True,False,True,162327,125805,0.775,0.112,high
Collision,20,0,3,not_required,True,False,False,False,66029,39421,0.597,0.03,low
Other,30,1,7,reported,True,False,False,False,82670,82852,1.002,0.068,low
Collision,20,2,3,not_required,True,False,False,False,79052,59798,0.756,0.171,medium
Collision,75,2,1,reported,True,False,False,False,93222,72513,0.778,0.114,medium
Fire,36,0,4,not_required,True,False,False,False,136065,107370,0.789,0.143,low
Collision,39,2,14,not_required,True,False,False,False,73456,62659,0.853,0.092,high
Collision,55,0,3,reported,True,True,False,True,74464,56195,0.755,0.07,low
Vandalism,24,0,7,not_reported,True,True,True,False,55396,50941,0.92,0.085,high
Natural Disaster,50,0,6,reported,True,True,False,False,137031,140004,1.022,0.094,low
Collision,66,3,2,reported,True,False,False,False,69448,49774,0.717,0.057,low
Hail/Weather,69,1,0,not_required,True,True,False,True,31978,36475,1.141,0.019,low
Collision,75,2,0,reported,True,False,False,False,89997,71957,0.8,0.095,low
Hail/Weather,24,1,5,not_required,True,False,False,False,146087,125843,0.861,0.17,medium
Vandalism,49,3,7,not_reported,True,False,False,False,120319,93136,0.774,0.177,high
Theft,64,2,21,reported,True,False,False,False,89801,88005,0.98,0.093,high
Collision,25,2,14,reported,True,True,False,True,63848,57194,0.896,0.073,high
Hail/Weather,28,0,28,not_required,False,False,False,False,155360,96066,0.618,0.082,high
Collision,35,2,0,reported,True,False,False,False,80643,62150,0.771,0.096,low
Natural Disaster,43,1,2,reported,False,False,False,False,85155,91968,1.08,0.103,high
Hit & Run,36,0,1,reported,True,False,False,False,45354,35654,0.786,0.024,low
Collision,67,2,14,reported,True,False,False,False,90321,59408,0.658,0.074,low
Collision,51,2,8,not_required,True,False,False,False,116017,94047,0.811,0.128,medium
Collision,37,2,6,reported,True,False,False,False,90290,74838,0.829,0.12,low
Collision,34,2,2,reported,True,False,False,False,268517,263146,0.98,0.177,medium
Collision,43,0,2,not_reported,True,False,False,False,62690,50924,0.812,0.066,medium
Vandalism,45,0,21,reported,True,False,False,False,50068,57458,1.148,0.062,medium
Vandalism,49,2,6,not_reported,True,False,False,False,114580,89419,0.78,0.118,medium
Hit & Run,39,0,4,reported,True,True,False,True,60290,43555,0.722,0.048,low
Hit & Run,52,0,0,reported,True,False,False,False,39474,27878,0.706,0.044,low
Hit & Run,52,2,0,not_required,True,True,False,True,127270,119001,0.935,0.273,high
Vandalism,24,0,3,not_reported,True,True,False,False,115599,67683,0.586,0.08,low
Collision,34,0,0,reported,True,True,False,False,99849,97869,0.98,0.1,low
Vandalism,35,1,2,reported,True,False,False,False,34604,24835,0.718,0.054,low
Collision,51,2,4,reported,True,True,False,True,41857,46856,1.119,0.046,high
Natural Disaster,27,0,15,not_required,True,False,False,False,50001,34211,0.684,0.024,low
Theft,52,3,19,reported,True,False,False,False,116357,104329,0.897,0.176,high
Hail/Weather,29,0,4,reported,True,False,False,False,175306,171800,0.98,0.365,medium
Hit & Run,25,1,1,not_reported,True,False,False,False,51569,55194,1.07,0.127,high
Collision,73,1,2,reported,True,False,False,False,121337,87604,0.722,0.207,low
Theft,54,2,1,reported,True,False,False,False,86118,63862,0.742,0.168,high
Natural Disaster,26,0,10,not_required,True,False,False,False,26846,26309,0.98,0.031,medium
Collision,43,2,5,reported,True,False,False,False,43955,45701,1.04,0.079,high
Collision,69,2,4,not_reported,True,True,False,False,103552,103126,0.996,0.121,high
Collision,37,1,5,reported,False,False,False,False,66257,48085,0.726,0.04,high
Vandalism,64,1,3,reported,True,False,False,False,108235,77606,0.717,0.087,low
Other,35,1,12,not_required,True,False,False,False,186165,215463,1.157,0.462,high
Hail/Weather,30,1,5,not_required,True,False,False,False,116888,113019,0.967,0.151,medium
Collision,30,0,0,reported,True,False,False,False,143541,135546,0.944,0.182,low
Fire,40,3,1,not_required,True,False,False,False,244785,186497,0.762,0.224,high
Collision,42,0,6,reported,True,False,False,False,74769,54057,0.723,0.057,low
Collision,39,0,1,not_required,True,False,False,False,277216,209014,0.754,0.383,low
Collision,45,0,5,reported,True,True,False,True,116974,114635,0.98,0.131,medium
Theft,30,1,0,reported,True,False,False,False,60882,59580,0.979,0.041,medium
Collision,50,0,4,reported,True,True,False,True,60829,52804,0.868,0.042,low
Natural Disaster,30,0,8,not_required,True,False,False,False,72348,57890,0.8,0.058,medium
Vandalism,60,1,2,not_reported,True,False,False,False,79718,82177,1.031,0.261,medium
Theft,27,2,5,reported,True,True,False,False,112385,90226,0.803,0.125,high
Other,24,0,7,reported,True,True,False,True,37495,30356,0.81,0.039,low
Theft,25,0,2,reported,True,False,False,False,74838,62711,0.838,0.112,low
Natural Disaster,19,1,0,not_reported,True,False,False,False,226710,244847,1.08,0.207,medium
Vandalism,33,4,3,reported,True,True,False,False,31354,31404,1.002,0.065,high
Fire,42,1,0,reported,True,False,False,False,41898,39822,0.95,0.075,medium
Hail/Weather,25,2,2,not_required,True,False,False,False,132915,139452,1.049,0.19,high
Hail/Weather,32,1,2,reported,True,True,False,True,22240,17627,0.793,0.017,low
Natural Disaster,35,1,5,reported,True,False,False,False,178866,167655,0.937,0.256,medium
Collision,21,1,0,reported,True,False,False,False,89081,65409,0.734,0.111,low
Collision,34,0,0,not_reported,True,False,False,False,30222,30399,1.006,0.062,medium
Hit & Run,50,1,3,reported,True,True,True,False,74351,60273,0.811,0.052,high
Natural Disaster,33,0,0,reported,False,True,False,False,88931,70782,0.796,0.135,medium
Collision,34,0,9,reported,True,False,False,False,52896,51838,0.98,0.104,medium
Collision,63,1,3,reported,True,False,False,False,15001,16201,1.08,0.021,low
Collision,70,0,4,not_reported,True,True,False,True,63042,62983,0.999,0.072,high
Hail/Weather,29,1,2,not_required,True,True,False,False,76811,53374,0.695,0.043,medium
Vandalism,41,1,2,not_reported,True,False,False,False,148019,100096,0.676,0.111,medium
Collision,67,3,5,not_required,True,False,False,False,138728,110895,0.799,0.141,high
Collision,73,1,0,reported,True,False,False,False,243522,224040,0.92,0.107,low
Collision,28,0,3,not_reported,True,False,False,False,37472,36301,0.969,0.047,low
Collision,71,2,0,reported,True,False,False,False,292285,305314,1.045,0.298,high
Theft,53,0,3,reported,True,False,False,False,86942,73274,0.843,0.145,low
Vandalism,46,0,24,not_reported,True,False,False,False,147683,144730,0.98,0.137,high
Collision,23,2,13,not_reported,True,False,False,False,125576,110647,0.881,0.174,high
Collision,67,0,8,not_reported,True,True,False,True,70345,70085,0.996,0.051,medium
Collision,25,0,2,reported,True,False,False,False,104867,88833,0.847,0.112,low
Theft,40,2,0,reported,True,True,False,True,121935,80076,0.657,0.122,high
Collision,51,0,14,reported,True,False,False,False,169508,143656,0.847,0.175,medium
Hit & Run,25,0,5,reported,True,False,False,False,129783,114064,0.879,0.166,medium
Hail/Weather,50,0,5,reported,True,True,True,True,121002,84052,0.695,0.151,low
Collision,63,2,10,reported,True,True,False,True,92441,66392,0.718,0.052,high
Natural Disaster,40,1,2,not_required,True,False,False,False,55950,64515,1.153,0.125,medium
Collision,44,2,13,reported,True,False,False,False,229791,222904,0.97,0.238,high
Hit & Run,46,1,1,reported,True,False,False,False,170620,174281,1.021,0.166,high
Theft,47,3,3,reported,True,False,False,False,261137,277437,1.062,0.31,high
Hit & Run,48,1,0,reported,True,False,False,False,189671,157390,0.83,0.072,medium
Natural Disaster,49,0,0,reported,True,True,False,False,73280,55191,0.753,0.094,low
Collision,46,1,11,reported,True,False,False,False,102478,100429,0.98,0.059,low
Hit & Run,35,1,4,reported,True,False,False,False,98779,84024,0.851,0.093,medium
Theft,60,1,4,reported,True,False,False,False,313845,336661,1.073,0.596,high
Other,39,2,7,not_reported,True,True,False,True,17851,18165,1.018,0.037,high
Fire,36,1,5,not_required,True,True,False,True,44999,33288,0.74,0.055,medium
Hit & Run,68,0,9,not_reported,True,False,False,False,187800,164767,0.877,0.267,high
Collision,67,0,2,not_required,True,False,False,False,35585,26580,0.747,0.03,low
Vandalism,25,1,3,reported,False,False,False,False,186618,146108,0.783,0.058,medium
Fire,61,0,0,not_reported,True,False,False,False,78412,65231,0.832,0.089,medium
Hail/Weather,50,0,0,reported,True,False,False,False,124568,135045,1.084,0.108,low
Collision,41,0,11,not_reported,True,False,False,False,81330,70693,0.869,0.079,high
Natural Disaster,25,1,2,not_required,True,True,True,True,47903,38668,0.807,0.057,high
Theft,28,0,0,not_reported,True,False,False,False,169771,134370,0.791,0.226,medium
Hail/Weather,40,1,3,not_required,True,True,False,False,37148,26956,0.726,0.024,medium
Collision,34,0,3,reported,True,False,False,False,136373,91690,0.672,0.165,low
Hit & Run,44,2,0,reported,True,False,False,False,34783,27130,0.78,0.019,medium
Other,25,1,10,not_reported,True,False,False,False,46817,37231,0.795,0.036,low
Collision,72,1,9,reported,True,True,False,False,172821,139813,0.809,0.226,medium
Vandalism,39,0,4,reported,False,True,True,True,90786,94330,1.039,0.224,high
Collision,45,0,6,reported,True,True,False,True,96668,95460,0.988,0.144,medium
Collision,60,0,0,reported,True,True,False,False,86000,71427,0.831,0.034,low
Vandalism,23,0,20,not_required,False,False,False,False,173502,184548,1.064,0.368,high
Natural Disaster,33,1,13,not_required,True,True,False,True,105632,118916,1.126,0.131,high
Theft,29,3,1,reported,True,False,False,False,45571,41574,0.912,0.036,low
Collision,72,2,3,reported,True,True,False,True,37765,34600,0.916,0.028,medium
Vandalism,34,0,8,not_required,True,False,False,False,30171,26538,0.88,0.032,medium
Collision,20,2,2,reported,True,False,False,False,77578,78661,1.014,0.095,high
Collision,48,1,0,reported,True,False,False,False,167062,130899,0.784,0.123,low
Hit & Run,42,1,5,reported,True,True,True,True,56317,55191,0.98,0.097,high
Collision,38,2,14,reported,True,True,False,True,119810,96143,0.802,0.154,high
Hit & Run,32,1,2,reported,True,False,False,False,145415,87101,0.599,0.042,low
Hail/Weather,59,2,12,not_required,True,True,False,True,105415,62733,0.595,0.11,high
Vandalism,32,2,1,not_required,True,False,False,False,58291,53426,0.917,0.047,low
Collision,19,0,4,reported,True,True,False,True,30078,24019,0.799,0.031,medium
Hit & Run,50,1,0,reported,True,False,False,False,17669,11385,0.644,0.009,low
Fire,47,1,2,reported,True,True,False,True,124361,86880,0.699,0.073,low
Fire,35,1,6,reported,True,False,False,False,220934,142719,0.646,0.173,low
Collision,53,2,5,reported,False,False,False,False,100904,67870,0.673,0.076,medium
Natural Disaster,36,1,3,reported,True,False,False,False,128574,90818,0.706,0.106,low
Collision,40,0,3,not_required,True,False,False,False,91786,95069,1.036,0.251,medium
Hit & Run,43,0,5,reported,True,True,True,False,70216,70440,1.003,0.151,high
Vandalism,32,0,0,not_required,True,False,False,False,283733,248153,0.875,0.294,low
Collision,51,3,5,reported,True,False,False,False,126898,97365,0.767,0.075,medium
Other,59,1,2,reported,True,True,False,False,113690,69395,0.61,0.055,low
Hit & Run,23,1,2,reported,True,False,False,False,40749,33550,0.823,0.049,low
Vandalism,20,0,0,not_reported,True,True,True,True,73242,64227,0.877,0.055,high
Collision,39,1,1,not_reported,True,False,False,False,60946,41212,0.676,0.048,low
Collision,42,0,4,reported,True,True,False,True,107060,66333,0.62,0.095,medium
Natural Disaster,36,0,5,reported,True,False,False,False,58235,61094,1.049,0.027,low
Collision,35,0,6,reported,True,False,False,False,142022,134682,0.948,0.466,medium
Theft,29,0,25,reported,True,False,False,False,64251,65772,1.024,0.066,high
Vandalism,28,1,0,not_reported,True,False,False,False,90844,87668,0.965,0.265,high
Hail/Weather,38,0,3,not_required,False,False,False,False,80035,65390,0.817,0.045,medium
Collision,31,0,16,reported,True,True,False,False,68983,56393,0.817,0.083,low
Collision,25,1,2,reported,True,False,False,False,80085,77596,0.969,0.089,low
Collision,38,0,17,reported,True,True,False,True,42695,41118,0.963,0.038,high
Other,38,0,4,not_required,True,False,False,False,79457,57772,0.727,0.083,low
Collision,33,1,18,reported,True,False,False,False,112824,92227,0.817,0.072,medium
Other,19,0,2,reported,True,False,False,False,101996,81043,0.795,0.176,low
Collision,25,1,5,not_required,True,False,False,False,96502,90493,0.938,0.127,medium
Collision,70,0,5,reported,True,True,True,True,46796,41317,0.883,0.051,medium
Hail/Weather,25,1,5,reported,True,False,False,False,51089,38193,0.748,0.031,low
Vandalism,41,0,3,reported,True,True,False,True,186996,139899,0.748,0.199,low
Hit & Run,75,0,13,reported,True,False,False,False,121864,83613,0.686,0.086,medium
Other,48,1,6,not_reported,True,False,False,False,244413,203584,0.833,0.213,high
Hail/Weather,74,1,5,not_required,True,False,False,False,183624,150453,0.819,0.299,medium
Collision,19,0,5,reported,True,False,False,False,78373,61233,0.781,0.108,low
Theft,41,0,5,reported,True,True,False,True,128489,86207,0.671,0.198,medium
Other,37,2,9,not_reported,True,True,True,False,174328,108749,0.624,0.193,high
Hit & Run,31,0,4,not_reported,True,True,True,True,91607,76477,0.835,0.064,high
Other,45,3,0,reported,True,False,False,False,362699,296481,0.817,0.375,medium
Collision,66,0,1,reported,True,False,False,False,274601,224723,0.818,0.157,low
Natural Disaster,21,0,0,reported,False,True,True,True,90372,64482,0.714,0.092,high
Vandalism,18,1,17,not_reported,True,True,False,False,211640,200410,0.947,0.407,high
Other,30,1,20,not_required,True,False,False,False,133841,108272,0.809,0.095,high
Hit & Run,52,2,0,reported,True,False,False,False,106891,84304,0.789,0.1,medium
Theft,45,2,2,reported,True,True,True,False,19414,18236,0.939,0.036,high
Theft,35,1,1,reported,True,True,True,True,141857,150296,1.059,0.117,high
Collision,51,1,2,reported,True,False,False,False,118117,115755,0.98,0.146,medium
Collision,33,1,4,reported,True,True,False,True,31563,29259,0.927,0.053,high
Collision,21,3,1,reported,True,False,False,False,74245,46471,0.626,0.084,low
Collision,42,2,2,reported,True,False,False,False,113394,122468,1.08,0.157,high
Fire,38,0,0,reported,True,False,False,False,98507,83030,0.843,0.049,low
Collision,31,3,0,not_required,True,False,False,False,68760,61628,0.896,0.099,medium
Collision,46,0,2,not_required,False,False,False,False,77924,71613,0.919,0.057,high
Hit & Run,44,3,5,reported,True,False,False,False,48479,31042,0.64,0.032,medium
Other,38,1,4,reported,True,False,False,False,153774,112309,0.73,0.293,medium
Hit & Run,18,0,9,reported,True,False,False,False,168932,127205,0.753,0.167,medium
Natural Disaster,52,1,3,not_required,True,False,False,False,99909,69181,0.692,0.062,low
Collision,61,1,4,reported,True,False,False,False,14639,11000,0.751,0.011,low
Vandalism,33,1,3,not_reported,True,False,False,False,60287,65110,1.08,0.055,medium
Hail/Weather,20,1,5,not_required,True,False,False,False,161559,157124,0.973,0.279,medium
Theft,33,1,1,reported,True,False,False,False,81325,62413,0.767,0.131,medium
Fire,48,1,2,reported,True,False,False,False,153364,152464,0.994,0.113,medium
Collision,23,0,5,reported,True,False,False,False,78329,54163,0.691,0.064,low
Hit & Run,51,0,5,reported,True,False,False,False,41467,33220,0.801,0.03,medium
Collision,28,0,10,reported,True,True,False,False,118165,96113,0.813,0.091,medium
Natural Disaster,33,1,14,not_required,True,False,False,False,69308,47715,0.688,0.055,medium
Hail/Weather,20,0,4,reported,True,False,False,False,97682,87498,0.896,0.135,low
Natural Disaster,40,0,3,not_reported,True,True,False,False,116820,123867,1.06,0.111,medium
Fire,49,1,3,not_required,True,True,False,False,37330,30292,0.811,0.021,medium
Collision,73,2,12,reported,True,False,False,False,19738,21154,1.072,0.014,high
Vandalism,65,1,13,not_required,True,False,False,False,78185,63425,0.811,0.069,medium
Collision,34,1,3,not_reported,True,False,False,False,29631,21240,0.717,0.02,low
Collision,61,1,0,reported,True,False,False,False,56403,44390,0.787,0.094,low
Collision,38,0,1,reported,True,False,False,False,38943,31813,0.817,0.033,low
Collision,30,3,12,reported,True,False,False,False,120105,90999,0.758,0.066,high
Vandalism,42,0,4,reported,True,True,True,True,110540,82049,0.742,0.103,low
Fire,53,0,5,not_reported,True,False,False,False,39967,29808,0.746,0.06,medium
Theft,24,2,0,reported,False,True,False,True,98230,54473,0.555,0.059,high
Collision,18,2,2,reported,True,False,False,False,136652,111598,0.817,0.173,low
Collision,36,2,3,reported,True,False,False,False,44424,31556,0.71,0.046,medium
Theft,67,0,22,reported,False,False,False,False,144435,94964,0.657,0.068,high
Collision,51,0,1,not_required,True,False,False,False,55599,43755,0.787,0.041,low
Hit & Run,36,0,3,not_reported,True,False,False,False,128358,103084,0.803,0.205,low
Other,37,3,4,reported,True,False,False,False,75706,70392,0.93,0.034,medium
Collision,22,0,0,reported,True,True,False,False,14215,14370,1.011,0.032,medium
Collision,35,1,4,reported,True,False,False,False,123892,133804,1.08,0.105,medium
Vandalism,25,2,1,not_reported,True,True,False,False,129692,123902,0.955,0.149,high
Collision,61,0,4,not_reported,True,True,True,True,32433,23909,0.737,0.026,high
Collision,34,1,2,not_reported,True,False,False,False,140253,120115,0.856,0.093,high
Collision,43,2,1,not_reported,True,False,False,False,83438,74192,0.889,0.079,high
Theft,25,0,9,reported,True,False,False,False,222058,204301,0.92,0.317,medium
Vandalism,19,3,4,not_reported,True,True,False,False,101745,99711,0.98,0.102,high
Vandalism,24,2,24,reported,True,False,False,False,96287,100813,1.047,0.247,high
Other,68,1,3,not_reported,True,False,False,False,55762,54647,0.98,0.033,medium
Theft,36,3,10,not_reported,True,False,False,False,98432,85316,0.867,0.287,high
Theft,32,2,3,reported,True,False,False,False,37486,36736,0.98,0.039,high
Fire,28,0,1,reported,True,False,False,False,51526,54341,1.055,0.078,low
Collision,67,0,2,reported,True,True,False,False,60589,70323,1.161,0.099,low
Vandalism,39,1,2,not_reported,True,False,False,False,326866,320329,0.98,0.378,medium
Hit & Run,69,3,1,not_reported,True,True,False,True,208697,211534,1.014,0.234,high
Collision,75,0,5,reported,True,True,False,True,90455,70837,0.783,0.083,medium
Collision,35,3,0,reported,True,True,True,True,254935,205061,0.804,0.308,high
Collision,45,0,0,not_required,True,True,False,True,60620,56236,0.928,0.081,low
Collision,58,2,2,reported,False,False,False,False,109164,96397,0.883,0.161,high
Collision,33,3,4,reported,True,False,False,False,206496,163821,0.793,0.156,high
Vandalism,34,2,3,reported,True,False,False,False,73713,56855,0.771,0.088,medium
Collision,33,1,4,not_reported,True,True,False,True,107707,94869,0.881,0.089,high
Theft,58,3,0,reported,True,False,False,False,61055,48004,0.786,0.142,medium
Hail/Weather,74,0,3,not_required,True,False,False,False,33218,33827,1.018,0.038,low
Theft,35,0,9,reported,True,False,False,False,185173,140200,0.757,0.195,high
Vandalism,37,0,4,not_reported,True,False,False,False,211562,196773,0.93,0.161,medium
Collision,29,0,0,not_required,False,True,False,True,48897,42190,0.863,0.024,high
Collision,74,0,3,not_reported,True,False,False,False,28092,16371,0.583,0.042,low
Natural Disaster,45,1,3,not_required,True,False,False,False,84518,63574,0.752,0.063,low
Vandalism,56,3,20,reported,True,True,False,True,98566,80791,0.82,0.094,high
Theft,33,2,1,reported,True,False,False,False,72358,75095,1.038,0.075,high
Collision,71,1,1,not_required,False,False,False,False,146781,92301,0.629,0.369,high
Vandalism,64,1,14,not_reported,True,True,False,True,68111,58524,0.859,0.089,high
Vandalism,36,0,19,reported,True,False,False,False,86016,67760,0.788,0.075,low
Fire,19,0,13,not_reported,True,False,False,False,118469,96090,0.811,0.258,medium
Hail/Weather,29,0,14,not_required,True,False,False,False,44684,36095,0.808,0.057,low
Collision,23,1,11,reported,False,True,False,True,107034,87709,0.819,0.054,high
Fire,58,2,3,not_required,True,False,False,False,78032,67522,0.865,0.043,medium
Collision,25,2,5,not_reported,True,False,False,False,95191,76244,0.801,0.111,high
Fire,42,2,5,reported,True,False,False,False,153882,166193,1.08,0.109,medium
Natural Disaster,29,0,3,not_reported,True,False,False,False,81800,95685,1.17,0.106,low
Collision,25,1,3,not_reported,False,False,False,False,160338,133709,0.834,0.243,high
Vandalism,29,0,6,not_required,True,False,False,False,266598,215713,0.809,0.159,medium
Other,20,0,6,not_reported,True,False,False,False,259811,243829,0.938,0.284,high
Collision,64,0,2,reported,True,True,False,False,280883,280729,0.999,0.293,medium
Hail/Weather,73,2,8,not_required,True,True,False,False,83499,63310,0.758,0.05,medium
Vandalism,36,0,1,not_reported,True,False,False,False,76784,62512,0.814,0.102,low
Hit & Run,28,2,2,reported,True,True,False,False,389639,263356,0.676,0.774,high
Hail/Weather,66,2,0,not_required,True,True,False,True,50090,49580,0.99,0.06,medium
Collision,73,0,4,reported,True,False,False,False,180550,154888,0.858,0.185,low
Collision,50,1,2,not_required,True,True,True,False,77830,78800,1.012,0.137,medium
Collision,47,1,5,not_reported,True,False,False,False,129993,127393,0.98,0.158,medium
Hail/Weather,35,3,1,not_required,True,False,False,False,221866,206013,0.929,0.138,medium
Natural Disaster,75,1,7,not_required,True,True,False,True,123830,101138,0.817,0.292,high
Theft,43,1,3,not_reported,False,False,False,False,214229,165839,0.774,0.132,high
Hit & Run,37,2,0,reported,True,False,False,False,204605,164318,0.803,0.153,medium
Other,73,0,2,not_reported,True,False,False,False,235953,180046,0.763,0.192,medium
Collision,65,0,9,reported,True,False,False,False,164967,126478,0.767,0.142,medium
Other,55,1,4,not_required,True,False,False,False,74532,57293,0.769,0.112,low
Fire,67,0,11,not_reported,True,False,False,False,51292,45703,0.891,0.074,high
Collision,25,0,1,not_reported,True,True,True,True,72501,67422,0.93,0.05,medium
Collision,19,0,13,not_reported,True,True,False,False,31019,23611,0.761,0.063,medium
Fire,67,0,0,not_required,True,False,False,False,63491,44500,0.701,0.067,low
Collision,52,0,0,not_reported,True,False,False,False,32663,35091,1.074,0.031,medium
Natural Disaster,62,0,4,not_required,True,False,False,False,96816,67366,0.696,0.041,low
Collision,53,3,8,reported,True,True,False,True,38113,37351,0.98,0.035,high
Hail/Weather,43,0,5,not_reported,True,True,True,True,66185,50045,0.756,0.024,medium
Collision,54,3,4,not_reported,True,False,False,False,155422,135852,0.874,0.222,high
Collision,51,1,28,reported,True,False,False,False,72993,55771,0.764,0.047,medium
Theft,70,1,0,reported,True,True,False,False,118921,117321,0.987,0.208,medium
Theft,19,2,4,not_reported,True,True,False,True,188817,133809,0.709,0.112,high
Vandalism,60,0,3,reported,True,False,False,False,16325,12775,0.783,0.015,low
Natural Disaster,34,1,2,not_required,True,False,False,False,131644,117365,0.892,0.116,low
Theft,41,1,8,reported,True,True,False,True,104596,78287,0.748,0.131,medium
Collision,47,0,15,reported,True,True,False,False,56881,49171,0.864,0.039,medium
Vandalism,55,0,0,reported,True,False,False,False,112260,79793,0.711,0.09,low
Collision,74,1,4,not_required,True,True,False,True,97402,118831,1.22,0.129,high
Collision,45,0,4,not_reported,True,False,False,False,138613,113651,0.82,0.083,low
Theft,68,0,12,reported,True,False,False,False,39571,27256,0.689,0.032,medium
Hit & Run,52,2,6,not_reported,True,False,False,False,111655,81199,0.727,0.158,high
Hit & Run,32,0,2,not_reported,True,False,False,False,25048,17250,0.689,0.013,low
Collision,72,0,3,reported,True,True,False,True,110920,88361,0.797,0.353,medium
Collision,21,0,14,reported,True,True,False,True,62512,57756,0.924,0.052,medium
Hail/Weather,38,2,9,reported,False,False,False,False,59030,32467,0.55,0.018,medium
Collision,54,1,12,not_required,True,False,False,False,149156,115494,0.774,0.145,medium
Theft,19,0,0,reported,True,True,False,True,47734,29185,0.611,0.053,low
Hit & Run,74,1,26,not_reported,False,True,False,True,79870,81724,1.023,0.157,high
Collision,64,2,8,reported,True,True,False,False,164925,138585,0.84,0.233,high
Natural Disaster,42,2,12,reported,True,False,False,False,72053,73712,1.023,0.058,medium
Hail/Weather,21,0,0,not_required,True,False,False,False,86192,91486,1.061,0.09,low
Fire,43,0,2,not_reported,True,False,False,False,23314,16458,0.706,0.032,low
Collision,44,1,1,reported,True,True,False,False,53776,52772,0.981,0.16,high
Fire,48,1,2,reported,True,False,False,False,41309,40483,0.98,0.054,medium
Hail/Weather,22,1,7,not_required,True,True,False,True,100113,80218,0.801,0.104,medium
Collision,44,0,18,not_required,True,False,False,False,53080,48100,0.906,0.061,high
Vandalism,28,1,9,not_reported,True,False,False,False,49689,52052,1.048,0.093,high
Natural Disaster,19,0,3,not_required,True,False,False,False,85050,81253,0.955,0.078,low
Collision,63,2,6,not_reported,True,False,False,False,167891,144837,0.863,0.22,high
Collision,31,0,13,not_reported,True,False,False,False,147808,162700,1.101,0.154,high
Theft,60,1,2,reported,True,False,False,False,51875,38033,0.733,0.02,low
Hail/Weather,71,3,1,not_required,True,False,False,False,128415,81453,0.634,0.129,medium
Collision,28,1,0,reported,True,False,False,False,128740,106797,0.83,0.153,low
Natural Disaster,27,0,8,reported,True,True,False,False,109868,117643,1.071,0.101,medium
Collision,18,0,0,reported,True,True,False,True,54077,54961,1.016,0.055,medium
Collision,39,0,10,reported,True,False,False,False,88929,73203,0.823,0.083,low
Natural Disaster,28,1,2,reported,True,False,False,False,122196,99441,0.814,0.087,low
Collision,41,0,3,not_required,True,False,False,False,71478,70048,0.98,0.051,low
Collision,58,0,10,not_required,True,False,False,False,29363,25559,0.87,0.042,low
Vandalism,37,1,4,reported,True,True,False,True,66980,60125,0.898,0.079,high
Hail/Weather,30,0,1,not_reported,True,False,False,False,69108,69661,1.008,0.068,medium
Collision,21,3,19,not_reported,True,False,False,False,43918,42940,0.978,0.032,high
Collision,48,1,5,reported,True,True,False,False,26991,26331,0.976,0.038,medium
Theft,64,2,23,reported,True,False,False,False,91738,88643,0.966,0.141,high
Hail/Weather,42,1,0,not_required,True,False,False,False,110897,118522,1.069,0.234,medium
Fire,25,0,0,reported,True,False,False,False,341311,318474,0.933,0.494,medium
Hit & Run,73,1,3,reported,True,False,False,False,96344,76206,0.791,0.089,medium
Theft,27,1,14,not_reported,True,True,False,True,56675,55541,0.98,0.141,high
Collision,36,0,1,not_required,True,True,False,True,117778,100333,0.852,0.122,medium
Other,24,1,1,not_required,False,False,False,False,34812,28368,0.815,0.039,high
Natural Disaster,52,2,2,not_required,False,False,False,False,41843,29862,0.714,0.045,high
Collision,68,2,14,reported,True,False,False,False,83032,80989,0.975,0.147,medium
Collision,24,2,12,reported,True,False,False,False,64880,50938,0.785,0.055,medium
Other,36,0,0,reported,True,False,False,False,65842,54214,0.823,0.093,low
Collision,62,1,5,not_required,True,False,False,False,228525,247810,1.084,0.233,medium
Collision,51,0,0,not_required,True,False,False,False,153785,143585,0.934,0.154,medium
Collision,35,0,10,not_required,True,True,False,True,70002,45138,0.645,0.031,high
Hit & Run,75,0,1,reported,True,False,False,False,134040,108422,0.809,0.151,medium
Theft,45,1,5,reported,True,False,False,False,85064,68657,0.807,0.112,low
Other,20,1,3,not_required,True,True,False,True,64271,52042,0.81,0.052,medium
Other,54,1,3,not_reported,True,False,False,False,45183,46325,1.025,0.034,high
Theft,67,2,3,reported,True,False,False,False,91451,83946,0.918,0.194,medium
Collision,20,1,0,reported,False,False,False,False,73192,56603,0.773,0.052,high
Collision,42,2,0,not_reported,True,True,True,True,102435,61776,0.603,0.203,high
Collision,32,4,5,not_reported,True,True,False,True,243838,211610,0.868,0.242,high
Hit & Run,62,0,2,reported,True,True,False,True,64866,43955,0.678,0.038,medium
Hail/Weather,30,1,8,reported,True,True,False,False,127877,106129,0.83,0.12,medium
Natural Disaster,73,1,0,reported,True,True,False,True,83049,70544,0.849,0.073,medium
Collision,25,0,14,not_reported,True,False,False,False,27838,27670,0.994,0.036,high
Collision,39,0,4,reported,True,False,False,False,30074,24762,0.823,0.032,low
Collision,49,0,2,reported,True,True,True,False,100956,79960,0.792,0.127,low
Theft,43,1,12,not_reported,True,True,False,True,36490,33571,0.92,0.013,high
Vandalism,40,2,14,not_reported,True,False,False,False,161395,183511,1.137,0.263,high
Other,51,1,2,reported,True,True,False,True,369447,252175,0.683,0.247,low
Collision,38,1,5,reported,True,False,False,False,66225,63390,0.957,0.056,high
Hail/Weather,43,1,9,reported,False,True,False,True,62019,46182,0.745,0.076,high
Collision,66,0,13,not_reported,True,True,False,False,127944,139014,1.087,0.176,high
Collision,47,0,5,reported,True,False,False,False,31662,21335,0.674,0.029,low
Hail/Weather,57,0,1,not_required,False,False,False,False,146476,101721,0.694,0.126,medium
Theft,25,1,26,reported,True,True,False,False,24453,16039,0.656,0.028,high
Collision,52,4,2,reported,True,True,False,True,144544,129014,0.893,0.169,high
Natural Disaster,44,1,5,not_required,True,True,False,False,128995,116108,0.9,0.166,low
Natural Disaster,35,1,0,not_required,True,False,False,False,74819,55502,0.742,0.044,low
Fire,37,1,1,not_reported,True,False,False,False,335583,220614,0.657,0.244,high
Fire,25,3,0,not_required,True,True,False,False,114558,73829,0.644,0.072,medium
Collision,37,0,1,reported,True,False,False,False,188300,107561,0.571,0.087,low
Theft,18,0,3,reported,True,False,False,False,121606,123549,1.016,0.211,low
Theft,18,3,5,reported,True,True,True,False,107446,73455,0.684,0.068,high
Other,47,1,10,not_reported,True,True,False,False,64277,71177,1.107,0.227,high
Collision,39,1,1,reported,True,False,False,False,172624,147656,0.855,0.112,low
Hit & Run,42,1,5,reported,True,False,False,False,96847,68147,0.704,0.069,low
Collision,51,2,1,reported,False,False,False,False,155415,129802,0.835,0.414,high
Vandalism,39,0,16,not_reported,True,True,True,True,145234,130795,0.901,0.138,high
Natural Disaster,40,1,0,not_reported,False,False,False,False,75335,60088,0.798,0.058,high
Other,56,1,10,not_required,True,False,False,False,337122,390774,1.159,0.253,medium
Collision,36,3,13,reported,True,True,False,False,115857,96125,0.83,0.134,high
Collision,18,0,2,reported,True,False,False,False,25284,26203,1.036,0.02,low
Vandalism,25,0,12,reported,True,False,False,False,75324,57294,0.761,0.084,low
Natural Disaster,63,0,0,not_reported,False,False,False,False,97856,60149,0.615,0.042,medium
Other,44,0,3,not_reported,True,False,False,False,153604,108268,0.705,0.077,low
Natural Disaster,19,1,12,not_required,True,False,False,False,97959,89616,0.915,0.089,high
Hit & Run,59,0,0,not_reported,True,True,False,False,179265,133403,0.744,0.27,medium
Vandalism,37,0,1,not_reported,True,True,False,False,295241,289015,0.979,0.18,medium
Collision,19,1,13,reported,True,True,True,False,38997,26783,0.687,0.05,high
Hit & Run,32,3,0,not_reported,False,False,False,False,37947,34038,0.897,0.026,high
Fire,44,0,5,reported,True,False,False,False,28551,31703,1.11,0.052,medium
Hit & Run,75,1,27,reported,True,False,False,False,164735,171620,1.042,0.187,high
Other,50,0,5,reported,True,True,False,False,98420,78347,0.796,0.104,low
Fire,26,0,5,not_required,True,True,False,False,278317,251686,0.904,0.383,high
Theft,25,4,4,reported,True,False,False,False,71174,55386,0.778,0.105,high
Collision,43,1,0,reported,True,False,False,False,35585,32777,0.921,0.047,low
Collision,36,0,8,not_required,True,False,False,False,43710,33790,0.773,0.057,low
Collision,21,0,3,reported,False,True,True,True,82385,60407,0.733,0.048,high
Collision,35,2,14,reported,True,False,False,False,73322,49981,0.682,0.045,low
Hit & Run,34,1,11,reported,True,True,False,True,57408,44909,0.782,0.047,high
Collision,28,1,3,reported,True,False,False,False,55652,59461,1.068,0.081,medium
Collision,40,0,9,not_required,False,False,False,False,327574,241567,0.737,0.308,high
Collision,65,0,0,reported,True,False,False,False,272424,209339,0.768,0.362,low
Vandalism,62,3,11,not_reported,True,True,True,False,41364,35683,0.863,0.08,high
Hit & Run,25,0,5,reported,True,False,False,False,125551,121160,0.965,0.074,low
Collision,63,1,2,reported,True,False,False,False,38029,28755,0.756,0.04,low
Vandalism,25,2,8,not_required,True,True,False,True,100527,74958,0.746,0.102,high
Other,71,2,3,reported,True,False,False,False,50514,39467,0.781,0.054,low
Theft,44,3,2,reported,True,True,False,True,35216,28814,0.818,0.03,high
Theft,33,0,1,reported,True,False,False,False,38741,38448,0.992,0.043,low
Collision,23,1,0,not_reported,True,False,False,False,32546,26350,0.81,0.017,low
Vandalism,39,1,4,reported,True,False,False,False,176446,114375,0.648,0.154,low
Hail/Weather,47,1,25,reported,True,False,False,False,162431,159183,0.98,0.205,high
Collision,36,0,3,reported,True,False,False,False,57804,56500,0.977,0.058,low
Collision,73,0,3,reported,True,True,False,True,95701,73102,0.764,0.098,low
Collision,47,2,14,not_reported,True,False,False,False,139634,121335,0.869,0.191,high
Hit & Run,37,1,6,reported,True,False,False,False,172229,107693,0.625,0.096,low
Vandalism,42,3,5,not_reported,False,True,False,True,139412,110801,0.795,0.189,high
Fire,51,0,5,reported,True,False,False,False,81299,71327,0.877,0.06,medium
Collision,27,0,0,not_reported,True,True,False,True,130600,92304,0.707,0.153,low
Theft,54,0,29,reported,True,True,False,False,102731,85103,0.828,0.108,high
Collision,42,0,3,not_required,True,False,False,False,53099,44905,0.846,0.09,low
Hail/Weather,40,0,3,reported,True,False,False,False,39362,29678,0.754,0.054,low
Collision,63,2,3,not_reported,True,False,False,False,86100,75340,0.875,0.125,high
Theft,40,0,12,reported,True,True,True,True,36696,28896,0.787,0.059,medium
Hit & Run,33,3,4,reported,True,True,True,True,72973,54418,0.746,0.113,high
Collision,43,1,4,not_reported,True,False,False,False,239528,151334,0.632,0.274,high
Other,63,2,14,not_reported,True,False,False,False,24641,19358,0.786,0.017,high
Collision,44,1,3,reported,True,False,False,False,116949,96010,0.821,0.17,low
Collision,45,0,2,not_reported,False,True,False,True,57685,41214,0.714,0.084,high
Vandalism,37,1,2,reported,True,False,False,False,288189,271701,0.943,0.143,medium
Collision,18,1,4,reported,True,True,False,True,64731,39481,0.61,0.023,low
Theft,25,0,8,reported,True,False,False,False,81635,72722,0.891,0.084,medium
Collision,33,1,0,not_required,True,True,False,False,89758,87963,0.98,0.116,low
Collision,62,1,11,reported,True,False,False,False,49818,50173,1.007,0.112,medium
Collision,60,0,23,not_reported,True,False,False,False,113944,65616,0.576,0.117,high
Vandalism,29,1,3,reported,True,False,False,False,120253,135785,1.129,0.122,medium
Collision,32,3,3,reported,True,False,False,False,37416,32217,0.861,0.052,high
Fire,37,3,4,reported,True,True,False,True,33274,32648,0.981,0.034,high
Hail/Weather,52,1,8,reported,True,False,False,False,115933,114967,0.992,0.136,low
Hit & Run,23,0,0,not_reported,True,True,False,True,110694,83721,0.756,0.086,medium
Vandalism,39,2,4,not_required,True,False,False,False,110577,109942,0.994,0.069,high
Fire,18,2,7,not_required,True,False,False,False,84062,56596,0.673,0.066,medium
Hit & Run,57,2,4,reported,True,False,False,False,86534,85183,0.984,0.119,high
Hit & Run,37,2,21,reported,True,False,False,False,71725,57451,0.801,0.048,high
Vandalism,37,0,4,not_required,True,False,False,False,63047,42217,0.67,0.033,low
Hail/Weather,31,0,0,not_required,True,True,True,True,19468,16975,0.872,0.019,high
Vandalism,40,0,4,not_required,True,False,False,False,36986,35139,0.95,0.04,low
Collision,68,3,4,not_reported,True,False,False,False,107773,74176,0.688,0.122,high
Vandalism,19,1,2,not_reported,True,False,False,False,95582,85617,0.896,0.089,high
Vandalism,39,3,1,not_reported,True,True,False,True,57791,48496,0.839,0.037,high
Other,31,0,3,not_reported,True,False,False,False,91395,60566,0.663,0.034,low
Vandalism,40,1,12,not_reported,True,False,False,False,54079,44666,0.826,0.057,high
Hail/Weather,73,2,0,reported,True,True,False,True,77346,77370,1.0,0.128,high
Collision,56,1,5,not_reported,True,False,False,False,131630,122103,0.928,0.153,high
Other,55,1,9,not_required,True,False,False,False,283887,267644,0.943,0.255,high
Hail/Weather,20,0,22,not_required,True,False,False,False,124254,78635,0.633,0.081,medium
Theft,68,1,1,reported,True,False,False,False,289786,283991,0.98,0.436,high
Hit & Run,63,1,4,reported,True,False,False,False,137954,97134,0.704,0.085,low
Theft,36,0,2,reported,True,False,False,False,101919,108602,1.066,0.137,medium
Collision,75,0,4,reported,True,False,False,False,109645,100865,0.92,0.159,medium
Hit & Run,52,0,2,reported,True,True,False,False,136728,148647,1.087,0.108,medium
Other,18,0,4,not_reported,True,False,False,False,93105,87927,0.944,0.086,medium
Hail/Weather,38,2,0,not_required,True,False,False,False,251760,252717,1.004,0.157,medium
Collision,33,0,0,not_required,True,False,False,False,37174,36430,0.98,0.037,medium
Other,30,1,4,reported,True,True,False,False,68446,55507,0.811,0.068,low
Vandalism,67,2,5,reported,True,False,False,False,180800,157433,0.871,0.281,medium
Vandalism,69,3,11,not_reported,True,False,False,False,78553,60644,0.772,0.099,high
Vandalism,69,2,3,reported,False,True,False,True,39115,31391,0.803,0.03,high
Collision,69,1,5,not_reported,True,False,False,False,134991,103943,0.77,0.196,medium
Collision,69,1,0,reported,True,False,False,False,40131,37427,0.933,0.02,low
Theft,40,1,2,reported,True,False,False,False,48073,46995,0.978,0.086,medium
Other,23,1,5,not_reported,True,False,False,False,98913,78299,0.792,0.056,medium
Collision,37,0,25,reported,True,False,False,False,89514,75402,0.842,0.093,medium
Other,23,1,3,reported,True,False,False,False,83146,60001,0.722,0.05,low
Theft,41,0,1,not_reported,True,False,False,False,234710,191892,0.818,0.328,medium
Natural Disaster,48,0,7,not_reported,True,False,False,False,57174,57976,1.014,0.1,medium
Theft,43,2,0,reported,True,False,False,False,106365,74774,0.703,0.084,medium
Collision,53,0,5,not_reported,True,True,False,True,185274,174614,0.942,0.22,high
Collision,47,1,2,reported,True,True,False,False,85736,57698,0.673,0.055,low
Natural Disaster,44,2,13,reported,False,False,False,False,16701,12326,0.738,0.028,high
Hail/Weather,48,0,2,not_reported,True,False,False,False,123374,120906,0.98,0.145,low
Collision,25,2,4,reported,True,True,False,True,60638,52841,0.871,0.081,high
Vandalism,46,0,8,reported,True,True,False,True,44446,31357,0.706,0.049,medium
Collision,25,0,1,not_required,True,True,False,True,92044,79441,0.863,0.045,medium
Vandalism,45,1,2,not_required,True,False,False,False,70315,48781,0.694,0.036,low
Collision,34,1,0,reported,True,False,False,False,85190,68573,0.805,0.068,low
Theft,49,2,8,reported,True,True,False,True,172787,129107,0.747,0.095,high
Theft,46,1,10,reported,True,True,False,False,49870,49836,0.999,0.081,high
Hit & Run,51,1,2,reported,True,False,False,False,78910,69665,0.883,0.074,medium
Collision,21,0,10,not_required,True,False,False,False,90771,88956,0.98,0.036,medium
Collision,18,0,7,reported,True,True,False,True,123122,131962,1.072,0.212,high
Collision,47,0,2,not_reported,False,False,False,False,147975,120677,0.816,0.125,high
Hit & Run,25,3,1,reported,True,True,False,True,241192,247994,1.028,0.302,high
Vandalism,42,4,3,not_reported,True,False,False,False,143254,98693,0.689,0.07,high
Other,64,1,7,reported,True,True,True,False,43730,48452,1.108,0.051,high
Other,22,1,3,not_reported,True,False,False,False,48787,34841,0.714,0.032,medium
Hit & Run,47,2,0,reported,True,False,False,False,78877,53755,0.681,0.063,high
Hail/Weather,40,0,8,not_required,True,True,False,False,66781,59191,0.886,0.058,low
Collision,50,1,3,reported,True,False,False,False,87706,86814,0.99,0.093,low
Collision,65,0,1,reported,True,False,False,False,19627,20739,1.057,0.037,low
Hit & Run,34,0,4,reported,True,False,False,False,41895,28565,0.682,0.035,low
Natural Disaster,52,0,5,not_required,True,False,False,False,50842,35904,0.706,0.055,low
Collision,73,3,6,not_reported,True,False,False,False,77491,63822,0.824,0.128,high
Natural Disaster,65,0,3,not_reported,True,False,False,False,52052,56216,1.08,0.066,medium
Hail/Weather,40,1,0,not_required,True,True,False,False,94826,105017,1.107,0.157,medium
Theft,61,0,2,reported,True,True,False,False,29495,28472,0.965,0.023,medium
Collision,24,0,3,reported,True,True,False,False,127769,124317,0.973,0.122,low
Fire,64,1,0,reported,True,True,False,False,232127,235228,1.013,0.286,low
Other,37,1,11,not_required,True,False,False,False,205252,167357,0.815,0.171,medium
Collision,34,0,0,reported,True,True,False,True,15457,14114,0.913,0.016,low
Vandalism,38,2,4,reported,True,False,False,False,30641,25156,0.821,0.042,low
Other,25,0,4,reported,True,True,False,True,43223,42358,0.98,0.057,low
Other,37,0,4,not_reported,True,False,False,False,119034,91138,0.766,0.109,medium
Collision,25,1,3,reported,True,True,False,True,42640,35356,0.829,0.041,medium
Hail/Weather,40,1,1,not_required,True,False,False,False,78160,59491,0.761,0.07,low
Other,62,2,12,not_reported,True,False,False,False,57360,64256,1.12,0.089,high
Hit & Run,61,2,5,reported,True,True,False,False,82486,95240,1.155,0.052,high
Theft,22,1,1,reported,False,False,False,False,96525,99153,1.027,0.079,high
Vandalism,18,2,5,reported,True,False,False,False,78488,65805,0.838,0.236,high
Collision,25,0,0,reported,True,False,False,False,45497,43076,0.947,0.084,low
Fire,49,1,5,reported,True,False,False,False,24415,20673,0.847,0.038,medium
Theft,46,0,2,reported,True,False,False,False,143115,134039,0.937,0.173,medium
Hail/Weather,31,1,5,reported,False,False,False,False,60741,62408,1.027,0.067,high
Collision,44,2,7,reported,True,False,False,False,82841,53709,0.648,0.091,medium
Vandalism,45,1,4,not_reported,True,False,False,False,241571,187547,0.776,0.227,medium
Hail/Weather,46,0,5,not_required,True,False,False,False,61630,47635,0.773,0.059,low
Collision,44,1,3,reported,True,True,False,True,67295,47799,0.71,0.036,low
Theft,18,1,2,reported,True,False,False,False,35351,39833,1.127,0.024,medium
Vandalism,48,0,5,reported,True,False,False,False,38498,36419,0.946,0.063,low
Collision,69,0,1,reported,True,False,False,False,294033,317556,1.08,0.522,medium
Collision,74,1,1,reported,True,False,False,False,314311,329450,1.048,0.429,medium
Theft,21,0,3,not_reported,True,False,False,False,165575,128933,0.779,0.184,high
Theft,32,2,5,not_reported,True,False,False,False,74390,51018,0.686,0.12,high
Natural Disaster,31,4,0,not_required,False,False,False,False,127067,98203,0.773,0.116,high
Collision,40,1,0,reported,True,False,False,False,242046,188396,0.778,0.103,low
Collision,23,1,2,reported,True,False,False,False,105323,87160,0.828,0.082,low
Theft,59,0,0,reported,True,False,False,False,96032,66885,0.696,0.056,low
Collision,37,0,1,reported,True,False,False,False,46890,48443,1.033,0.045,low
Theft,37,0,2,not_required,True,True,True,True,81661,59689,0.731,0.127,high
Collision,56,3,5,reported,True,False,False,False,104541,107683,1.03,0.091,high
Collision,25,1,5,reported,True,False,False,False,292727,278302,0.951,0.834,medium
Natural Disaster,33,2,0,reported,True,False,False,False,360673,325299,0.902,0.726,high
Collision,24,0,5,reported,True,True,True,True,62045,44641,0.719,0.066,low
Vandalism,37,1,22,not_reported,True,True,False,True,81450,59689,0.733,0.049,high
Fire,44,0,2,reported,True,False,False,False,45925,43280,0.942,0.09,low
Collision,21,0,5,reported,True,True,False,False,58684,47233,0.805,0.052,low
Fire,41,2,1,reported,True,False,False,False,256754,244717,0.953,0.267,medium
Collision,42,1,0,reported,True,True,False,True,126273,104911,0.831,0.063,medium
Natural Disaster,49,0,25,not_required,True,False,False,False,87056,48676,0.559,0.054,medium
Other,46,2,2,not_reported,True,False,False,False,150018,102058,0.68,0.132,medium
Hail/Weather,72,0,3,not_required,True,True,False,True,129189,122729,0.95,0.121,low
Collision,20,2,14,reported,True,False,False,False,78125,76612,0.981,0.074,high
Theft,44,2,7,reported,False,False,False,False,106728,102742,0.963,0.052,high
Other,56,2,1,not_required,True,False,False,False,41410,38426,0.928,0.026,low
Collision,47,0,1,not_reported,True,False,False,False,164603,122741,0.746,0.144,medium
Theft,20,2,5,not_required,True,True,False,True,36546,37723,1.032,0.055,high
Vandalism,50,1,2,not_reported,True,False,False,False,272819,228131,0.836,0.436,high
Fire,65,0,12,reported,False,True,False,False,287997,311037,1.08,0.459,high
Vandalism,71,0,0,reported,True,False,False,False,41728,42978,1.03,0.053,medium
Theft,22,1,3,reported,True,False,False,False,106806,104670,0.98,0.112,low
Theft,32,0,11,reported,True,True,False,False,51856,54075,1.043,0.048,high
Collision,28,0,4,not_reported,True,True,False,False,45208,38977,0.862,0.109,medium
Vandalism,22,1,3,reported,True,False,False,False,97123,69114,0.712,0.059,low
Collision,63,0,11,reported,True,True,False,True,15662,11769,0.751,0.008,low
Collision,61,0,5,reported,True,False,False,False,140545,137734,0.98,0.211,low
Other,22,1,1,not_required,True,False,False,False,72723,80447,1.106,0.075,medium
Collision,75,2,11,not_reported,False,True,False,False,33742,23132,0.686,0.048,high
Collision,47,0,2,not_required,True,False,False,False,66586,54754,0.822,0.039,low
Theft,21,0,12,reported,False,True,True,True,149003,171122,1.148,0.16,high
Other,64,1,4,not_reported,False,True,False,False,70758,55181,0.78,0.08,high
Hit & Run,41,0,13,reported,True,False,False,False,17850,13518,0.757,0.028,high
Other,39,0,1,not_reported,True,False,False,False,30311,29939,0.988,0.048,low
Hail/Weather,46,1,0,not_required,True,True,False,True,44545,41419,0.93,0.041,low
Collision,53,4,5,not_required,True,False,False,False,43255,42390,0.98,0.035,high
Collision,25,1,0,reported,True,True,False,True,31067,18174,0.585,0.028,low
Hail/Weather,44,1,2,not_required,True,True,False,True,78073,57450,0.736,0.074,low
Collision,53,2,5,not_required,True,False,False,False,89469,64050,0.716,0.138,medium
Natural Disaster,21,1,4,reported,True,False,False,False,115702,113757,0.983,0.1,medium
Theft,41,1,15,reported,True,True,False,True,49709,32931,0.662,0.02,high
Collision,39,0,0,reported,True,False,False,False,52528,45316,0.863,0.025,low
Fire,40,0,3,reported,True,True,False,False,75132,55360,0.737,0.074,low
Collision,51,0,4,not_reported,True,False,False,False,40990,26497,0.646,0.043,low
Theft,65,3,13,reported,True,False,False,False,105838,94390,0.892,0.112,high
Collision,18,1,2,reported,True,True,False,True,55178,58723,1.064,0.045,medium
Vandalism,38,0,1,not_required,True,False,False,False,81816,66622,0.814,0.075,low
Collision,25,1,1,reported,True,True,False,False,177046,132994,0.751,0.283,low
Hit & Run,25,1,4,not_required,True,True,False,True,67250,62513,0.93,0.121,medium
Other,75,0,4,reported,True,False,False,False,124102,103449,0.834,0.221,low
Collision,45,0,13,reported,True,False,False,False,43474,33480,0.77,0.05,low
Vandalism,46,2,5,not_required,True,True,False,True,60609,70858,1.169,0.109,high
Natural Disaster,37,0,1,not_required,True,False,False,False,88381,90012,1.018,0.158,low
Theft,65,2,12,reported,True,False,False,False,109276,77822,0.712,0.08,high
Collision,26,2,11,reported,True,False,False,False,81230,62786,0.773,0.113,medium
Collision,71,0,5,not_reported,True,True,False,True,239512,217027,0.906,0.28,high
Theft,20,2,14,not_reported,True,False,False,False,208670,182997,0.877,0.356,high
Collision,44,0,9,reported,True,True,False,True,128365,92436,0.72,0.184,low
Other,35,1,0,not_reported,True,False,False,False,219224,170661,0.778,0.129,low
Collision,22,4,0,reported,True,True,False,False,32265,20882,0.647,0.022,high
Theft,35,1,0,reported,True,False,False,False,238674,191693,0.803,0.265,medium
Vandalism,24,1,11,reported,True,True,False,True,49839,35560,0.714,0.061,medium
Other,38,1,0,not_reported,True,False,False,False,125220,94949,0.758,0.112,low
Collision,35,3,6,reported,False,True,False,True,78755,82975,1.054,0.063,high
Collision,47,1,1,reported,True,False,False,False,61485,60255,0.98,0.037,low
Fire,43,1,9,reported,True,True,False,False,131102,94490,0.721,0.119,medium
Theft,25,1,0,reported,False,False,False,False,265725,275097,1.035,0.227,high
Collision,46,2,0,reported,True,False,False,False,19785,16974,0.858,0.013,low
Hit & Run,26,0,1,not_required,False,False,False,False,73120,56486,0.773,0.057,high
Collision,44,1,2,not_reported,True,False,False,False,46710,45776,0.98,0.034,high
Collision,38,0,6,not_reported,True,False,False,False,102932,90821,0.882,0.089,medium
Hit & Run,28,1,6,reported,True,False,False,False,216925,212587,0.98,0.294,high
Collision,25,0,0,not_required,True,False,False,False,127012,98590,0.776,0.089,low
Theft,20,0,3,reported,False,False,False,False,77572,67024,0.864,0.074,high
Hit & Run,21,2,1,reported,False,False,False,False,87494,78951,0.902,0.072,high
Hit & Run,42,0,1,reported,True,False,False,False,114490,117999,1.031,0.207,medium
Collision,71,0,4,reported,True,False,False,False,193970,196184,1.011,0.115,low
Collision,34,1,5,reported,True,False,False,False,82886,59850,0.722,0.116,low
Other,68,2,4,not_reported,True,True,False,True,329960,255413,0.774,0.857,high
Hit & Run,42,1,5,reported,True,True,False,False,80589,58445,0.725,0.077,medium
Fire,41,1,2,reported,True,True,False,False,78247,80419,1.028,0.153,medium
Theft,25,2,4,reported,True,True,False,True,222106,217729,0.98,0.297,high
Collision,33,3,12,reported,True,False,False,False,75418,78242,1.037,0.093,high
Fire,51,0,0,reported,True,False,False,False,76631,81831,1.068,0.062,low
Collision,25,0,3,not_required,True,False,False,False,41915,41076,0.98,0.087,medium
Hit & Run,34,1,4,reported,True,True,False,False,45402,32752,0.721,0.083,medium
Fire,38,0,0,reported,True,True,False,False,92321,90474,0.98,0.238,medium
Fire,32,1,3,not_required,True,True,False,True,31545,28545,0.905,0.035,medium
Collision,47,2,3,reported,True,True,False,False,102335,80281,0.784,0.092,medium
Other,69,1,10,not_required,False,True,False,True,107842,111241,1.032,0.087,high
Collision,35,2,23,not_reported,True,True,True,False,284223,190645,0.671,0.287,high
Collision,32,1,3,not_required,True,False,False,False,83072,56665,0.682,0.074,low
Collision,46,1,1,not_reported,True,True,False,True,45046,38679,0.859,0.058,medium
Vandalism,22,2,2,reported,True,True,False,False,155592,161530,1.038,0.168,high
Theft,74,1,4,not_reported,True,False,False,False,121587,119155,0.98,0.144,high
Hit & Run,60,0,12,reported,True,True,False,False,134459,103404,0.769,0.138,high
Collision,24,0,3,reported,True,False,False,False,131851,103630,0.786,0.262,low
Collision,37,1,5,reported,True,True,False,True,120767,118619,0.982,0.143,medium
Other,61,0,2,not_reported,True,False,False,False,149877,155175,1.035,0.131,medium
Other,40,0,4,reported,True,True,False,False,153960,123838,0.804,0.132,low
Collision,56,1,2,not_required,True,False,False,False,76181,50640,0.665,0.046,medium
Theft,24,0,5,reported,True,True,False,True,35278,29693,0.842,0.044,medium
Natural Disaster,34,1,5,not_required,True,False,False,False,56166,38807,0.691,0.044,low
Collision,40,0,2,reported,True,False,False,False,125055,99078,0.792,0.217,medium
Hail/Weather,40,0,4,not_reported,True,False,False,False,116249,109137,0.939,0.174,low
Collision,19,0,4,reported,True,False,False,False,49366,32396,0.656,0.045,low
Collision,57,1,3,not_required,True,False,False,False,69438,52864,0.761,0.056,low
Hail/Weather,24,2,2,not_required,True,True,False,False,45749,37158,0.812,0.058,low
Vandalism,20,1,11,not_reported,True,False,False,False,47528,37247,0.784,0.054,high
Hit & Run,26,0,1,reported,True,False,False,False,118588,120859,1.019,0.187,low
Collision,39,1,1,reported,True,False,False,False,144824,119171,0.823,0.217,low
Vandalism,47,0,0,reported,True,False,False,False,98987,102304,1.034,0.193,low
Hit & Run,19,2,2,reported,True,True,False,False,57152,58825,1.029,0.059,high
Collision,56,0,4,reported,True,False,False,False,190947,180782,0.947,0.511,medium
Vandalism,39,0,1,reported,True,False,False,False,154640,137038,0.886,0.135,low
Vandalism,75,0,1,not_reported,True,True,False,False,64706,55665,0.86,0.069,medium
Collision,51,1,3,not_required,True,True,False,True,78220,58850,0.752,0.037,medium
Collision,31,1,1,reported,True,False,False,False,91412,66410,0.726,0.11,low
Natural Disaster,49,1,7,not_reported,True,False,False,False,59925,53818,0.898,0.075,medium
Vandalism,45,2,5,reported,True,True,False,False,214127,146558,0.684,0.102,medium
Hail/Weather,45,1,0,not_required,True,True,False,False,36940,24086,0.652,0.036,low
Vandalism,51,0,0,not_reported,True,False,False,False,75449,82193,1.089,0.12,medium
Other,42,5,5,reported,True,True,False,True,79185,54258,0.685,0.056,high
Vandalism,43,1,0,not_reported,True,True,False,True,60202,60331,1.002,0.136,high
Theft,49,0,0,reported,True,False,False,False,39001,29665,0.761,0.045,low
Theft,27,2,4,not_reported,True,False,False,False,59383,37504,0.632,0.022,high
Collision,39,2,2,reported,True,False,False,False,150568,155242,1.031,0.098,medium
Collision,34,1,5,not_reported,True,True,False,True,197413,233387,1.182,0.326,high
Collision,18,5,4,reported,True,False,False,False,170784,191784,1.123,0.148,high
Fire,24,1,5,reported,True,True,False,False,30691,21416,0.698,0.034,medium
Hit & Run,62,1,3,reported,True,False,False,False,111247,99083,0.891,0.112,medium
Collision,64,1,1,reported,True,False,False,False,42112,35907,0.853,0.055,low
Collision,48,1,4,reported,False,False,False,False,36809,39971,1.086,0.031,high
Collision,42,2,4,reported,True,False,False,False,33865,20052,0.592,0.03,low
Collision,51,1,8,not_required,True,False,False,False,56586,45352,0.801,0.038,low
Vandalism,44,1,13,not_reported,True,False,False,False,38643,28576,0.739,0.022,high
Collision,74,2,2,not_reported,True,False,False,False,76880,63612,0.827,0.079,high
Fire,38,3,24,not_required,True,True,False,True,106586,78557,0.737,0.157,high
Collision,67,2,9,reported,True,True,False,True,212943,160103,0.752,0.416,high
Natural Disaster,24,1,0,reported,True,False,False,False,32915,30906,0.939,0.074,low
Vandalism,52,2,14,not_reported,True,False,False,False,66896,67018,1.002,0.058,high
Theft,34,0,22,reported,True,False,False,False,161033,141501,0.879,0.129,medium
Collision,40,2,7,reported,True,True,False,False,36365,35638,0.98,0.047,high
Collision,38,2,1,not_required,True,True,False,True,98014,69682,0.711,0.028,medium
Theft,44,1,4,reported,True,False,False,False,29949,23664,0.79,0.031,medium
Natural Disaster,37,1,4,not_required,True,True,False,True,44028,48074,1.092,0.083,high
Other,36,1,5,reported,True,False,False,False,283057,212469,0.751,0.253,low
Natural Disaster,40,1,5,reported,True,False,False,False,141771,165173,1.165,0.148,medium
Theft,26,1,6,reported,True,True,False,True,89828,89670,0.998,0.036,high
Natural Disaster,39,1,5,not_required,True,False,False,False,220106,168106,0.764,0.154,medium
Hail/Weather,51,1,10,not_required,True,True,True,True,56419,43940,0.779,0.051,high
Hail/Weather,25,1,2,not_required,True,True,False,False,53674,37553,0.7,0.058,low
Hail/Weather,75,1,0,reported,True,False,False,False,28108,16607,0.591,0.018,low
Collision,43,0,2,reported,True,False,False,False,46929,53371,1.137,0.034,low
Other,36,2,4,reported,True,False,False,False,188065,203111,1.08,0.494,high
Collision,33,1,1,not_required,True,False,False,False,60689,41415,0.682,0.099,low
Theft,30,0,0,not_required,True,False,False,False,94105,88195,0.937,0.15,medium
Fire,37,0,3,reported,True,True,False,False,66248,50767,0.766,0.058,low
Theft,42,0,5,reported,True,False,False,False,125917,107539,0.854,0.043,medium
Natural Disaster,41,1,4,reported,True,False,False,False,151485,119770,0.791,0.098,low
Hit & Run,47,0,3,not_required,True,False,False,False,164124,189331,1.154,0.269,medium
Collision,35,1,14,reported,True,True,False,False,50018,39101,0.782,0.036,low
Collision,69,0,0,not_required,True,True,False,False,115175,71967,0.625,0.095,low
Fire,73,1,2,not_required,True,True,True,False,35472,34763,0.98,0.048,high
Collision,20,1,27,not_reported,False,False,False,False,67055,58882,0.878,0.1,high
Hit & Run,47,1,3,not_reported,True,False,False,False,149973,146309,0.976,0.131,high
Hail/Weather,38,2,1,not_required,True,False,False,False,83416,67696,0.812,0.038,medium
Vandalism,39,1,0,not_reported,True,True,False,False,131905,107704,0.817,0.095,medium
Collision,25,1,2,reported,True,False,False,False,89738,94626,1.054,0.196,medium
Hail/Weather,27,0,1,not_required,True,False,False,False,59072,50076,0.848,0.086,low
Collision,46,1,10,reported,True,False,False,False,31427,24768,0.788,0.044,low
Natural Disaster,35,1,0,reported,True,False,False,False,47080,40667,0.864,0.028,low
Theft,47,0,1,reported,False,False,False,False,109017,96079,0.881,0.157,medium
Hail/Weather,70,2,0,not_required,True,False,False,False,55501,43971,0.792,0.091,low
Collision,34,1,5,not_reported,True,True,False,True,151518,138862,0.916,0.14,high
Vandalism,64,1,8,reported,True,False,False,False,80236,70059,0.873,0.062,low
Collision,21,1,11,not_reported,True,True,False,True,62710,39032,0.622,0.046,high
Other,36,3,9,reported,True,False,False,False,75361,47933,0.636,0.072,medium
Hit & Run,33,1,30,reported,True,True,False,True,154592,104981,0.679,0.161,high
Collision,43,0,4,reported,True,True,False,True,47987,33882,0.706,0.026,low
Collision,50,1,0,reported,True,True,False,False,211315,165317,0.782,0.224,low
Collision,39,3,21,reported,False,False,False,False,106129,69753,0.657,0.03,high
Other,33,0,11,not_reported,False,True,False,True,58795,61960,1.054,0.057,high
Hail/Weather,36,2,0,not_reported,True,True,False,False,167071,141708,0.848,0.111,medium
Collision,47,1,4,reported,True,True,False,True,105641,113323,1.073,0.13,medium
Collision,19,2,2,reported,True,True,False,True,43918,32641,0.743,0.031,medium
Collision,38,0,24,reported,False,True,False,True,29181,28597,0.98,0.033,high
Hail/Weather,68,3,8,not_required,True,False,False,False,142698,135122,0.947,0.09,high
Other,49,1,4,reported,True,False,False,False,67755,66400,0.98,0.113,medium
Vandalism,31,1,12,reported,True,False,False,False,69993,55826,0.798,0.049,medium
Collision,24,1,8,reported,True,False,False,False,113443,103574,0.913,0.06,low
Collision,23,0,18,reported,True,False,False,False,89301,55188,0.618,0.153,low
Other,40,3,0,reported,True,False,False,False,51752,50717,0.98,0.041,medium
Collision,55,0,4,reported,True,False,False,False,46176,37489,0.812,0.035,low
Hit & Run,50,0,7,reported,True,True,False,False,42657,33722,0.791,0.075,medium
Vandalism,34,0,5,not_reported,True,False,False,False,165053,161676,0.98,0.463,high
Vandalism,46,0,8,not_reported,True,True,False,True,127133,110464,0.869,0.16,high
Collision,31,1,0,reported,True,False,False,False,254231,249147,0.98,0.213,low
Collision,29,2,14,reported,True,False,False,False,117073,110252,0.942,0.115,high
Vandalism,38,0,1,reported,True,False,False,False,185744,182029,0.98,0.167,low
Other,74,1,4,reported,True,False,False,False,78950,57018,0.722,0.051,low
Collision,44,1,23,reported,True,True,False,True,114763,70562,0.615,0.07,medium
Collision,50,0,2,reported,True,False,False,False,115803,83048,0.717,0.043,low
Hail/Weather,22,1,0,not_reported,True,False,False,False,29208,24987,0.855,0.018,medium
Hail/Weather,41,1,1,reported,False,False,False,False,39731,35119,0.884,0.082,medium
Other,61,1,6,reported,True,False,False,False,42627,45784,1.074,0.092,medium
Collision,42,0,11,reported,True,True,False,True,49967,51423,1.029,0.074,medium
Collision,44,2,1,reported,True,True,False,True,101997,75662,0.742,0.096,low
Hit & Run,69,2,11,reported,True,True,False,False,85775,62731,0.731,0.101,high
Fire,41,0,2,reported,True,False,False,False,154718,120931,0.782,0.098,low
Collision,19,1,5,reported,True,True,False,False,150123,147120,0.98,0.218,medium
Hail/Weather,35,0,0,not_required,True,True,True,True,129135,109699,0.849,0.161,medium
Collision,44,0,6,reported,True,False,False,False,69327,51226,0.739,0.059,low
Theft,42,0,2,reported,True,False,False,False,179865,139031,0.773,0.151,low
Theft,45,2,1,reported,True,True,False,False,141634,99150,0.7,0.172,medium
Other,25,0,3,reported,True,False,False,False,72150,79060,1.096,0.104,medium
Hit & Run,40,0,4,not_required,True,True,False,True,101087,87198,0.863,0.051,medium
Collision,49,0,5,not_required,True,False,False,False,127924,137822,1.077,0.117,low
Theft,19,0,0,reported,True,True,False,True,75265,61056,0.811,0.1,medium
Vandalism,24,1,2,reported,True,True,False,True,129066,129989,1.007,0.143,medium
Collision,42,0,12,reported,True,False,False,False,85897,87572,1.019,0.097,medium
Natural Disaster,32,1,4,reported,True,True,False,True,134446,92650,0.689,0.083,medium
Fire,54,0,4,reported,True,False,False,False,138557,100088,0.722,0.139,low
Theft,47,0,2,reported,True,True,False,True,73145,56924,0.778,0.082,medium
Hit & Run,69,0,3,reported,True,False,False,False,41818,31152,0.745,0.024,low
Hit & Run,18,2,2,not_reported,True,False,False,False,172745,174649,1.011,0.288,high
Collision,32,1,1,reported,True,False,False,False,216025,149499,0.692,0.136,low
Theft,74,1,5,reported,True,True,False,False,74611,72286,0.969,0.055,medium
Hit & Run,21,3,0,reported,True,False,False,False,86551,86069,0.994,0.078,high
Collision,70,0,6,reported,False,False,False,False,99155,105657,1.066,0.061,medium
Collision,25,0,1,reported,True,True,False,True,64853,43763,0.675,0.048,low
Natural Disaster,64,1,0,not_reported,True,False,False,False,62979,55026,0.874,0.091,medium
Vandalism,43,1,0,not_required,False,False,False,False,139907,81477,0.582,0.1,high
Collision,46,0,4,not_required,True,False,False,False,170517,143927,0.844,0.186,low
Other,71,0,5,not_reported,True,False,False,False,40075,23753,0.593,0.019,medium
Collision,25,3,2,reported,True,False,False,False,76699,47478,0.619,0.051,low
Fire,68,4,17,reported,True,False,False,False,115597,123412,1.068,0.133,high
Collision,25,2,0,not_required,True,True,False,False,117552,131493,1.119,0.16,medium
Theft,37,1,7,not_required,True,False,False,False,101519,90269,0.889,0.087,high
Collision,25,1,10,reported,True,True,False,False,71977,39587,0.55,0.064,low
Collision,49,0,6,not_reported,True,False,False,False,169595,166203,0.98,0.209,medium
Theft,66,2,10,not_reported,True,True,False,False,58758,46562,0.792,0.037,high
Collision,38,3,7,reported,True,False,False,False,80666,74159,0.919,0.172,high
Collision,35,0,0,not_required,True,False,False,False,57267,56121,0.98,0.074,low
Fire,43,1,5,reported,True,True,True,True,94305,67003,0.71,0.073,high
Collision,40,1,1,reported,True,False,False,False,62833,45772,0.728,0.108,low
Collision,72,1,4,not_required,True,False,False,False,76081,86420,1.136,0.139,medium
Collision,21,1,0,reported,True,True,False,False,81194,56612,0.697,0.052,low
Theft,45,2,1,reported,True,True,False,False,41874,29275,0.699,0.016,medium
Collision,24,0,14,reported,True,False,False,False,89091,68594,0.77,0.067,low
Hail/Weather,73,1,20,reported,False,False,False,False,92218,89931,0.975,0.102,high
Collision,36,1,0,reported,False,False,False,False,131078,99842,0.762,0.1,high
Natural Disaster,44,0,4,reported,True,False,False,False,44331,45649,1.03,0.041,low
Collision,46,0,0,reported,True,False,False,False,51000,41818,0.82,0.024,low
Collision,35,2,25,reported,True,False,False,False,57396,55082,0.96,0.103,high
Theft,58,2,5,reported,True,False,False,False,22377,21929,0.98,0.033,high
Vandalism,22,1,5,not_required,True,False,False,False,71265,56895,0.798,0.118,medium
Other,39,0,4,not_reported,True,False,False,False,73287,67411,0.92,0.095,low
Hail/Weather,23,0,7,reported,True,False,False,False,112799,86185,0.764,0.159,low
Hail/Weather,45,0,1,not_required,True,True,False,True,126387,84742,0.67,0.048,low
Vandalism,64,1,13,not_required,True,True,False,True,87925,77459,0.881,0.072,high
Fire,36,1,15,not_reported,True,True,False,False,227135,154591,0.681,0.304,high
Collision,69,0,27,reported,True,False,False,False,175343,130552,0.745,0.147,medium
Vandalism,35,2,3,not_reported,True,False,False,False,88007,62898,0.715,0.045,high
Other,25,1,2,not_required,True,True,False,True,65211,52515,0.805,0.112,medium
Hit & Run,39,2,3,reported,True,True,False,True,153998,149511,0.971,0.074,high
Collision,20,1,5,reported,True,False,False,False,83901,79681,0.95,0.106,medium
Theft,20,1,3,reported,True,True,False,True,155545,101252,0.651,0.189,medium
Collision,24,1,2,reported,True,True,True,False,115538,95136,0.823,0.177,medium
Theft,66,1,5,reported,True,False,False,False,47021,33585,0.714,0.075,medium
Hail/Weather,60,2,13,not_required,True,False,False,False,117429,89800,0.765,0.094,medium
Collision,50,0,5,reported,True,False,False,False,245321,240415,0.98,0.38,medium
Hit & Run,32,1,0,reported,True,True,False,True,87903,71539,0.814,0.106,medium
Collision,23,0,13,not_reported,True,False,False,False,116712,92689,0.794,0.09,high
Collision,19,0,0,reported,True,False,False,False,129697,139967,1.079,0.138,low
Natural Disaster,48,2,12,reported,True,False,False,False,15105,16021,1.061,0.018,high
Vandalism,44,2,4,reported,True,False,False,False,195850,150879,0.77,0.182,medium
Vandalism,52,2,3,not_reported,True,False,False,False,69341,58303,0.841,0.041,medium
Theft,62,1,26,reported,True,False,False,False,72568,62885,0.867,0.111,high
Collision,40,0,1,reported,True,True,False,True,104258,99912,0.958,0.099,low
Collision,36,1,28,reported,True,True,True,True,39837,39041,0.98,0.087,high
Collision,71,2,4,reported,True,False,False,False,50361,46463,0.923,0.086,medium
Collision,44,1,2,reported,True,False,False,False,246869,251950,1.021,0.293,low
Vandalism,25,1,0,not_required,True,False,False,False,60687,43973,0.725,0.049,low
Collision,46,0,4,reported,True,False,False,False,106717,80751,0.757,0.161,low
Collision,74,2,5,not_reported,False,False,False,False,140109,100620,0.718,0.089,high
Theft,22,1,3,reported,True,False,False,False,162182,103736,0.64,0.093,low
Fire,32,1,2,reported,True,False,False,False,110250,62441,0.566,0.112,low
Other,33,1,7,not_reported,True,True,False,False,84580,63190,0.747,0.084,high
Fire,44,1,3,reported,True,False,False,False,97910,70567,0.721,0.069,medium
Collision,42,1,7,reported,True,True,False,True,302879,209713,0.692,0.244,low
Collision,51,0,14,not_reported,False,False,False,False,227549,151486,0.666,0.194,high
Hit & Run,47,0,3,not_required,True,True,False,True,53650,54539,1.017,0.193,high
Fire,52,0,12,reported,True,False,False,False,69811,54944,0.787,0.144,low
Other,74,0,10,not_reported,True,True,False,True,100180,90394,0.902,0.049,medium
Collision,26,1,0,reported,True,False,False,False,60274,40366,0.67,0.06,low
Collision,51,0,2,reported,True,True,False,False,67378,50417,0.748,0.028,low
Collision,40,1,0,reported,True,True,False,False,47642,26203,0.55,0.01,low
Collision,42,2,2,reported,True,True,False,True,128712,106080,0.824,0.12,low
Collision,40,2,4,not_reported,True,True,False,False,20212,15133,0.749,0.012,low
Collision,24,0,1,reported,True,False,False,False,113065,118065,1.044,0.125,low
Other,32,2,1,not_required,True,True,True,True,105127,95430,0.908,0.079,high
Collision,37,0,4,reported,True,False,False,False,11336,9273,0.818,0.01,low
Vandalism,60,0,6,not_reported,True,False,False,False,57260,55839,0.975,0.04,low
Hit & Run,32,1,10,reported,True,False,False,False,81555,67365,0.826,0.098,medium
Fire,53,1,6,reported,True,False,False,False,42081,36218,0.861,0.093,medium
Collision,24,2,0,reported,True,False,False,False,232182,235088,1.013,0.277,medium
Fire,33,1,2,not_reported,True,False,False,False,77836,65714,0.844,0.109,low
Other,30,0,4,not_reported,True,True,False,False,87723,83796,0.955,0.048,medium
Theft,33,0,3,not_required,True,True,False,True,132259,121678,0.92,0.205,high
Hit & Run,25,0,3,reported,True,False,False,False,160471,114476,0.713,0.135,low
Other,52,0,6,not_reported,True,False,False,False,98726,91030,0.922,0.107,medium
Fire,25,0,16,reported,False,True,False,True,75700,49083,0.648,0.088,high
Collision,49,1,2,reported,True,True,False,False,95159,75191,0.79,0.047,low
Vandalism,18,0,0,not_reported,True,False,False,False,81833,88686,1.084,0.154,medium
Hit & Run,29,1,6,reported,True,False,False,False,59330,37624,0.634,0.048,low
Hit & Run,25,2,4,reported,True,False,False,False,38037,27912,0.734,0.032,medium
Fire,35,1,9,not_required,True,False,False,False,32541,24757,0.761,0.043,medium
Theft,35,1,12,not_reported,True,True,False,True,126197,93532,0.741,0.135,high
Collision,42,2,1,reported,True,True,False,False,51459,37143,0.722,0.025,low
Collision,25,1,2,reported,True,True,False,True,179190,140408,0.784,0.223,medium
Collision,45,1,11,reported,True,True,False,True,207857,168409,0.81,0.265,high
Theft,63,1,30,not_reported,True,False,False,False,33695,26820,0.796,0.033,high
Collision,33,1,8,reported,True,True,False,False,41487,39369,0.949,0.097,medium
Vandalism,18,1,1,not_required,True,True,False,True,67326,57691,0.857,0.067,high
Collision,39,1,7,reported,True,False,False,False,99435,104582,1.052,0.09,medium
Vandalism,25,2,4,not_required,True,True,False,True,101282,84200,0.831,0.061,high
Theft,57,1,0,reported,True,True,True,False,224023,201438,0.899,0.191,high
Collision,21,1,2,not_reported,True,False,False,False,58184,53425,0.918,0.05,medium
Theft,48,2,5,reported,True,False,False,False,40458,39649,0.98,0.026,high
Natural Disaster,42,1,0,not_required,True,False,False,False,111785,68931,0.617,0.05,low
Theft,32,1,26,reported,True,False,False,False,78635,71632,0.911,0.134,high
Hit & Run,19,1,0,reported,True,False,False,False,74242,50393,0.679,0.202,medium
Fire,67,0,3,not_required,True,True,False,True,55630,39409,0.708,0.029,medium
Collision,21,1,9,not_reported,True,False,False,False,47294,37800,0.799,0.031,high
Theft,47,2,2,not_reported,True,False,False,False,146062,136324,0.933,0.118,high
Theft,42,2,2,not_reported,True,False,False,False,186481,183163,0.982,0.383,high
Collision,71,0,1,reported,True,False,False,False,37279,40715,1.092,0.016,low
Theft,69,1,2,reported,True,False,False,False,167318,173933,1.04,0.23,high
Collision,24,2,10,reported,True,True,False,True,85709,68422,0.798,0.122,medium
Fire,36,1,2,not_reported,True,True,False,True,98104,86160,0.878,0.091,high
Theft,33,1,4,reported,True,False,False,False,25281,22714,0.898,0.017,medium
Natural Disaster,32,1,4,not_required,True,True,False,True,64155,53625,0.836,0.108,low
Collision,69,2,23,reported,True,False,False,False,54626,53018,0.971,0.039,high
Vandalism,70,1,21,reported,True,False,False,False,38517,35517,0.922,0.105,high
Collision,69,0,0,not_reported,True,True,False,True,69720,54453,0.781,0.029,low
Collision,46,3,9,reported,True,True,False,True,107006,107536,1.005,0.091,high
Collision,33,1,6,not_required,True,False,False,False,61057,64390,1.055,0.031,medium
Hail/Weather,39,0,3,not_required,False,False,False,False,64861,70068,1.08,0.101,medium
Collision,40,0,5,reported,True,False,False,False,62540,44098,0.705,0.059,low
Hail/Weather,47,1,4,not_required,True,False,False,False,78247,63932,0.817,0.068,medium
Hit & Run,40,0,3,not_required,True,False,False,False,261923,276392,1.055,0.201,medium
Natural Disaster,38,2,3,not_required,True,False,False,False,86242,71006,0.823,0.086,medium
Collision,73,3,4,not_reported,True,False,False,False,250452,277994,1.11,0.326,high
Natural Disaster,45,1,5,not_required,True,False,False,False,124674,101925,0.818,0.122,low
Other,73,0,4,reported,True,False,False,False,223916,266061,1.188,0.495,medium
Vandalism,33,3,3,not_required,True,False,False,False,98947,80758,0.816,0.049,medium
Natural Disaster,24,3,13,not_reported,True,True,False,True,105016,116669,1.111,0.152,high
Collision,36,2,1,not_reported,True,True,False,True,150486,159780,1.062,0.274,high
Collision,74,0,0,reported,True,False,False,False,39755,26490,0.666,0.023,low
Collision,50,1,7,reported,True,False,False,False,25247,19018,0.753,0.027,low
Collision,67,2,2,reported,True,True,False,False,42319,34905,0.825,0.027,medium
Collision,43,0,12,not_reported,True,False,False,False,38345,39221,1.023,0.049,high
Natural Disaster,35,0,12,not_required,True,False,False,False,99959,105380,1.054,0.12,medium
Fire,73,2,11,not_required,True,True,False,False,90248,71336,0.79,0.078,medium
Theft,51,1,1,reported,True,True,False,True,54539,46884,0.86,0.045,medium
Collision,37,0,3,reported,True,True,False,True,93761,77142,0.823,0.079,low
Collision,39,0,12,not_reported,False,False,False,False,68662,49807,0.725,0.06,high
Theft,49,1,1,reported,True,True,False,False,122276,138317,1.131,0.27,high
Fire,37,2,4,not_reported,True,True,False,True,133538,102090,0.765,0.065,high
Collision,40,2,5,not_required,True,True,False,False,249233,199609,0.801,0.371,high
Collision,50,3,4,reported,True,False,False,False,145818,146715,1.006,0.109,high
Hit & Run,38,3,0,not_reported,True,True,False,True,83042,69965,0.843,0.117,high
Collision,50,0,1,not_required,True,True,True,True,164890,170009,1.031,0.201,high
Vandalism,32,1,2,reported,True,False,False,False,62670,53961,0.861,0.036,low
Theft,67,3,7,reported,True,False,False,False,40817,37144,0.91,0.037,high
Collision,36,0,12,reported,True,False,False,False,246965,173904,0.704,0.123,low
Collision,65,1,7,reported,True,True,False,True,83383,72015,0.864,0.071,medium
Vandalism,48,2,3,not_required,True,False,False,False,198628,164842,0.83,0.612,medium
Hit & Run,73,1,3,reported,True,False,False,False,102292,95693,0.935,0.103,high
Vandalism,63,1,1,not_reported,True,True,True,True,304715,218548,0.717,0.175,high
Hit & Run,33,1,4,reported,True,True,False,False,69105,53419,0.773,0.073,medium
Natural Disaster,28,1,19,not_required,True,False,False,False,42499,33573,0.79,0.041,medium
Collision,39,0,6,reported,False,False,False,False,177253,145623,0.822,0.236,high
Collision,47,1,3,not_required,True,False,False,False,91911,99836,1.086,0.168,medium
Hit & Run,48,1,0,not_reported,True,False,False,False,21910,20814,0.95,0.039,medium
Hail/Weather,51,1,4,not_required,True,True,False,False,153620,117430,0.764,0.063,medium
Fire,74,1,2,reported,True,False,False,False,286261,284616,0.994,0.211,medium
Collision,44,2,0,reported,True,False,False,False,144953,142054,0.98,0.308,medium
Collision,39,1,14,reported,True,False,False,False,80177,54707,0.682,0.035,medium
Other,32,1,1,not_required,True,True,False,True,65505,42238,0.645,0.023,low
Natural Disaster,30,0,5,not_required,True,False,False,False,48961,46928,0.958,0.086,medium
Hit & Run,70,0,3,reported,True,False,False,False,198102,219313,1.107,0.179,medium
Fire,67,0,1,not_required,True,False,False,False,34952,26185,0.749,0.028,low
Hit & Run,33,0,1,reported,True,True,False,True,23003,22430,0.975,0.009,high
Natural Disaster,33,0,2,not_required,True,True,False,False,92022,78372,0.852,0.082,low
Theft,73,1,8,reported,False,False,False,False,260353,215695,0.828,0.284,high
Hail/Weather,40,0,3,not_required,True,False,False,False,60345,50138,0.831,0.046,low
Theft,25,1,1,reported,False,True,False,False,79443,73087,0.92,0.062,high
Theft,33,0,0,not_reported,True,False,False,False,14906,15565,1.044,0.03,medium
Vandalism,38,1,0,reported,True,True,True,True,27557,23894,0.867,0.028,high
Hit & Run,40,1,11,not_reported,True,False,False,False,144341,83154,0.576,0.146,high
Hit & Run,37,2,0,reported,True,False,False,False,62214,43494,0.699,0.024,low
Theft,49,3,17,reported,True,False,False,False,35471,34135,0.962,0.028,high
Collision,64,1,28,reported,True,False,False,False,94803,115660,1.22,0.124,high
Hit & Run,36,0,11,reported,True,True,False,True,40117,39315,0.98,0.08,high
Collision,25,2,10,reported,True,True,False,True,51149,54430,1.064,0.05,high
Collision,34,1,5,reported,True,False,False,False,80573,78962,0.98,0.064,high
Theft,31,1,14,reported,True,False,False,False,42806,45606,1.065,0.048,high
Hail/Weather,31,0,5,not_required,True,True,False,True,80005,84431,1.055,0.171,medium
Collision,21,3,4,reported,True,False,False,False,148346,109154,0.736,0.103,high
Vandalism,65,0,4,not_reported,True,True,False,True,90223,75335,0.835,0.08,medium
Collision,31,1,3,not_reported,True,True,False,True,66628,49069,0.736,0.103,medium
Collision,65,1,2,reported,True,False,False,False,9833,10438,1.061,0.017,low
Collision,48,2,9,reported,True,True,False,False,69417,52415,0.755,0.037,medium
Other,23,0,4,not_required,True,False,False,False,63715,66148,1.038,0.094,medium
Collision,38,2,2,not_required,True,True,False,True,91567,89991,0.983,0.171,high
Other,18,1,11,not_reported,True,False,False,False,54518,48816,0.895,0.118,high
Collision,29,2,2,not_required,True,True,False,False,60770,58432,0.962,0.059,medium
Other,43,1,3,not_required,True,False,False,False,131700,126137,0.958,0.355,medium
Fire,34,1,5,reported,True,False,False,False,166267,111910,0.673,0.13,low
Collision,43,1,3,reported,True,False,False,False,36292,28116,0.775,0.021,low
Hit & Run,66,0,0,reported,True,False,False,False,41375,32103,0.776,0.025,low
Hail/Weather,21,1,0,not_required,True,True,False,True,84665,61028,0.721,0.124,high
Collision,43,2,5,reported,True,True,True,True,143171,114872,0.802,0.151,high
Theft,33,1,5,reported,True,False,False,False,36957,25829,0.699,0.059,medium
Natural Disaster,25,0,5,reported,True,False,False,False,123620,128075,1.036,0.069,low
Collision,42,0,2,not_required,True,False,False,False,172360,124528,0.722,0.137,low
Collision,42,1,7,not_required,True,True,False,False,62101,45746,0.737,0.06,medium
Hail/Weather,24,2,5,not_required,True,False,False,False,31083,27831,0.895,0.036,medium
Collision,40,0,18,reported,True,True,True,False,47915,44136,0.921,0.056,medium
Theft,32,2,4,reported,True,True,False,False,47495,57263,1.206,0.104,high
Theft,54,2,10,not_reported,True,True,False,True,109301,80103,0.733,0.062,high
Collision,59,2,1,reported,True,True,True,False,48591,53140,1.094,0.03,high
Collision,44,1,5,not_required,True,True,False,True,97133,67965,0.7,0.058,medium
Collision,40,1,8,reported,True,True,False,True,131154,103850,0.792,0.152,medium
Natural Disaster,46,1,4,reported,False,True,False,True,120876,106200,0.879,0.104,high
Collision,65,1,4,not_reported,True,False,False,False,103548,64471,0.623,0.112,medium
Collision,36,0,2,not_reported,True,False,False,False,96918,86779,0.895,0.085,low
Hit & Run,22,1,6,not_reported,True,False,False,False,130339,83818,0.643,0.108,high
Collision,67,1,0,reported,True,False,False,False,47713,33946,0.711,0.04,low
Collision,24,2,4,not_reported,True,False,False,False,9528,7669,0.805,0.011,low
Hail/Weather,22,1,3,not_required,True,False,False,False,86253,67526,0.783,0.066,low
Collision,36,2,6,reported,True,False,False,False,30240,27975,0.925,0.023,low
Hit & Run,24,0,5,reported,True,True,False,False,216741,208629,0.963,0.197,high
Collision,37,0,0,reported,True,False,False,False,83014,69727,0.84,0.11,low
Theft,51,1,2,not_required,False,True,False,False,364910,396689,1.087,0.448,high
Other,29,2,10,not_required,True,True,False,False,170736,135167,0.792,0.218,high
Vandalism,19,2,1,not_reported,True,False,False,False,82855,54821,0.662,0.062,high
Vandalism,73,1,2,not_reported,True,False,False,False,51205,51635,1.008,0.089,high
Hail/Weather,40,2,0,not_required,True,False,False,False,98875,94381,0.955,0.2,high
Collision,38,0,2,not_reported,True,True,False,True,134029,131348,0.98,0.085,high
Collision,47,0,0,reported,True,False,False,False,88157,75782,0.86,0.069,low
Collision,47,1,0,reported,True,True,False,False,44740,37453,0.837,0.07,low
Collision,22,1,6,reported,True,False,False,False,67802,50744,0.748,0.06,low
Hail/Weather,19,1,1,not_required,True,False,False,False,49583,40463,0.816,0.035,low
Natural Disaster,74,0,0,not_required,True,False,False,False,74592,55188,0.74,0.097,low
Collision,36,1,3,reported,True,False,False,False,54361,31615,0.582,0.039,low
Vandalism,18,1,12,reported,True,True,False,True,29336,26436,0.901,0.05,medium
Theft,50,1,2,reported,True,True,False,True,132591,82230,0.62,0.046,medium
Fire,45,1,4,not_reported,True,True,False,False,26670,27898,1.046,0.052,medium
Vandalism,29,0,14,not_reported,True,False,False,False,76133,68431,0.899,0.099,high
Vandalism,35,1,5,reported,True,True,False,True,173109,169647,0.98,0.273,medium
Theft,31,1,5,reported,True,False,False,False,147290,160634,1.091,0.102,high
Natural Disaster,27,1,0,reported,True,True,False,True,30124,23486,0.78,0.051,low
Hit & Run,68,1,0,reported,True,False,False,False,63772,38205,0.599,0.032,low
Collision,24,0,1,reported,True,False,False,False,183655,140252,0.764,0.228,low
Theft,37,2,7,reported,True,False,False,False,25707,23376,0.909,0.035,high
Collision,25,1,1,reported,True,False,False,False,63758,65727,1.031,0.058,low
Theft,39,1,3,reported,True,False,False,False,92509,84090,0.909,0.208,medium
Collision,66,0,9,reported,True,False,False,False,28485,27158,0.953,0.039,low
Collision,39,1,0,reported,True,False,False,False,91904,89101,0.97,0.163,low
Collision,39,0,14,reported,True,True,False,False,123394,120926,0.98,0.204,high
Collision,31,0,5,reported,True,True,False,False,81011,56499,0.697,0.078,low
Hit & Run,40,1,4,not_reported,True,False,False,False,51991,45862,0.882,0.047,medium
Hit & Run,47,1,12,reported,True,False,False,False,129547,126956,0.98,0.13,medium
Collision,75,0,3,not_required,True,False,False,False,174422,172876,0.991,0.162,medium
Other,21,1,1,not_required,True,False,False,False,135896,91531,0.674,0.095,medium
Natural Disaster,51,1,14,reported,True,True,False,True,71218,56667,0.796,0.032,medium
Hail/Weather,54,1,4,not_required,True,False,False,False,113878,104977,0.922,0.099,low
Natural Disaster,60,0,2,not_required,True,False,False,False,111761,95030,0.85,0.194,low
Collision,37,1,1,reported,True,False,False,False,73271,67961,0.928,0.033,low
Fire,23,0,5,not_required,True,True,False,False,55522,54009,0.973,0.093,medium
Collision,44,3,0,reported,True,True,False,False,181348,166442,0.918,0.125,medium
Collision,22,1,12,not_required,True,False,False,False,107397,119004,1.108,0.188,high
Theft,52,3,5,reported,True,True,False,True,157710,93918,0.596,0.12,high
Hail/Weather,55,0,5,not_required,True,False,False,False,127378,95076,0.746,0.263,low
Hit & Run,40,2,5,reported,True,True,False,True,117892,143829,1.22,0.169,high
Vandalism,32,0,1,not_reported,True,False,False,False,89223,58943,0.661,0.067,low
Collision,72,1,21,not_reported,True,False,False,False,150892,116406,0.771,0.1,high
Fire,68,0,8,not_reported,True,False,False,False,112979,108959,0.964,0.137,medium
Collision,24,3,1,reported,True,True,False,True,38715,37941,0.98,0.045,high
Vandalism,55,1,14,not_reported,False,False,False,False,132348,96225,0.727,0.131,high
Other,25,1,3,not_reported,True,False,False,False,70634,76540,1.084,0.066,medium
Collision,30,2,0,reported,True,False,False,False,47482,55694,1.173,0.061,high
Collision,37,0,5,reported,True,False,False,False,150006,110611,0.737,0.137,low
Collision,54,1,8,not_reported,True,False,False,False,196365,162848,0.829,0.54,high
Vandalism,55,2,5,not_reported,True,False,False,False,35273,23898,0.677,0.058,high
Theft,40,0,0,not_reported,True,False,False,False,170515,167104,0.98,0.173,medium
Hit & Run,23,3,0,reported,True,False,False,False,42665,32832,0.77,0.053,medium
Vandalism,49,0,4,reported,True,True,False,True,324444,211226,0.651,0.228,medium
Other,36,1,4,not_required,True,False,False,False,304324,204869,0.673,0.132,low
Collision,55,1,0,not_reported,True,True,False,True,161542,138443,0.857,0.172,medium
Collision,25,0,2,not_reported,True,False,False,False,67268,50097,0.745,0.062,medium
Collision,51,0,5,reported,True,False,False,False,59848,45949,0.768,0.031,low
Collision,45,0,1,reported,True,False,False,False,75960,75973,1.0,0.08,low
Hail/Weather,32,0,9,not_required,True,False,False,False,178190,109283,0.613,0.077,low
Collision,52,0,12,not_required,True,True,True,False,241158,258047,1.07,0.234,high
Natural Disaster,37,1,23,not_required,True,False,False,False,236443,176732,0.747,0.192,low
Collision,44,0,1,reported,True,False,False,False,203545,174361,0.857,0.258,low
Other,44,2,2,not_reported,True,True,True,False,92315,68274,0.74,0.112,high
Natural Disaster,18,0,2,not_required,True,False,False,False,33109,29669,0.896,0.035,low
Fire,37,0,2,reported,True,False,False,False,144892,154646,1.067,0.372,high
Vandalism,43,1,2,not_reported,True,False,False,False,53777,40613,0.755,0.029,low
Collision,56,2,6,not_required,True,False,False,False,29143,23077,0.792,0.025,medium
Theft,45,1,3,reported,True,False,False,False,208026,203865,0.98,0.35,medium
Hail/Weather,22,0,0,not_required,True,False,False,False,81798,82411,1.008,0.061,low
Theft,30,2,3,reported,True,True,False,True,66123,48049,0.727,0.035,high
Collision,32,3,2,not_reported,True,False,False,False,44128,35274,0.799,0.039,high
Other,72,3,1,not_reported,True,False,False,False,144646,87252,0.603,0.092,medium
Natural Disaster,25,0,3,not_reported,True,False,False,False,53345,57612,1.08,0.037,high
Collision,25,1,12,reported,True,False,False,False,70655,83793,1.186,0.073,medium
Vandalism,25,1,4,not_reported,True,False,False,False,81357,87566,1.076,0.105,high
Hail/Weather,60,4,13,reported,True,True,False,False,102655,70576,0.688,0.072,high
Hit & Run,35,1,5,reported,True,False,False,False,28643,26668,0.931,0.025,medium
Hail/Weather,24,1,0,not_reported,True,False,False,False,74489,62668,0.841,0.1,low
Natural Disaster,19,1,0,not_required,True,False,False,False,96508,108768,1.127,0.148,medium
Hit & Run,32,1,1,not_required,True,False,False,False,84693,79959,0.944,0.181,high
Collision,18,2,3,reported,True,False,False,False,74443,55209,0.742,0.119,medium
Collision,49,1,10,reported,True,False,False,False,93004,81570,0.877,0.083,low
Collision,29,0,1,not_required,True,False,False,False,51442,54937,1.068,0.07,low
Hail/Weather,22,2,4,not_required,True,False,False,False,137738,107473,0.78,0.188,high
Natural Disaster,45,0,3,not_required,True,True,False,True,332954,362797,1.09,0.369,high
Collision,38,0,0,not_reported,True,True,False,False,94261,94827,1.006,0.069,medium
Collision,50,1,4,reported,True,False,False,False,76106,69354,0.911,0.061,medium
Collision,39,1,4,not_required,False,False,False,False,272217,262586,0.965,0.264,high
Collision,26,1,4,reported,True,False,False,False,50164,33350,0.665,0.065,low
Collision,64,1,1,not_reported,True,False,False,False,158131,167904,1.062,0.148,medium
Fire,59,2,4,reported,True,True,False,True,76249,49881,0.654,0.033,high
Collision,20,0,14,reported,True,False,False,False,162217,122092,0.753,0.132,low
Theft,71,0,2,reported,True,False,False,False,68508,52497,0.766,0.046,low
Collision,30,0,4,not_reported,True,False,False,False,230771,170363,0.738,0.122,low
Hit & Run,38,1,5,reported,True,False,False,False,190088,153408,0.807,0.098,high
Vandalism,25,2,0,not_reported,True,False,False,False,47425,35469,0.748,0.033,high
Theft,28,1,0,reported,True,False,False,False,113418,117124,1.033,0.22,medium
Collision,32,2,0,not_required,True,True,False,True,92105,90709,0.985,0.142,high
Vandalism,21,1,3,not_reported,True,False,False,False,148060,145544,0.983,0.098,high
Collision,44,1,1,reported,True,False,False,False,104196,105490,1.012,0.154,low
Collision,50,0,4,reported,True,False,False,False,340890,260772,0.765,0.372,low
Collision,75,1,2,reported,True,True,False,False,37039,27009,0.729,0.046,low
Collision,47,0,2,reported,True,True,False,False,85801,74737,0.871,0.071,low
Collision,28,2,0,reported,True,False,False,False,396877,388374,0.979,0.498,high
Hail/Weather,51,2,4,not_required,True,False,False,False,34744,30506,0.878,0.074,low
Collision,65,0,8,reported,True,True,False,True,127070,124529,0.98,0.161,high
Collision,44,1,1,not_required,True,True,False,True,242656,193088,0.796,0.336,medium
Other,34,2,1,not_required,True,False,False,False,60487,45770,0.757,0.078,low
Other,37,2,3,reported,True,True,True,True,183254,146052,0.797,0.084,high
Collision,51,1,1,reported,True,False,False,False,67281,54597,0.811,0.04,low
Theft,24,2,11,reported,True,True,False,False,95149,103927,1.092,0.2,high
Collision,45,1,1,not_required,True,False,False,False,206272,148974,0.722,0.348,medium
Vandalism,68,1,14,reported,True,False,False,False,39731,35681,0.898,0.049,high
Collision,69,0,0,reported,True,True,False,False,43810,35527,0.811,0.089,medium
Vandalism,43,0,11,reported,True,False,False,False,37521,28096,0.749,0.022,low
Natural Disaster,65,3,0,not_reported,True,False,False,False,142018,132027,0.93,0.097,medium
Hail/Weather,55,1,2,not_reported,True,True,False,True,120255,81240,0.676,0.044,low
Hit & Run,71,2,0,reported,True,True,False,True,212223,172547,0.813,0.378,high
Fire,23,0,9,not_required,True,False,False,False,227950,171199,0.751,0.256,low
Hit & Run,48,1,2,reported,True,False,False,False,365683,285200,0.78,0.473,low
Collision,35,0,2,reported,True,False,False,False,120029,113031,0.942,0.128,low
Collision,47,1,3,reported,True,False,False,False,237161,250581,1.057,0.248,medium
Vandalism,43,1,1,not_required,True,True,False,True,48016,36911,0.769,0.049,medium
Collision,66,0,4,reported,True,False,False,False,128978,97566,0.756,0.063,low
Theft,36,0,3,reported,True,False,False,False,160510,167261,1.042,0.357,medium
Collision,19,1,5,reported,True,False,False,False,190376,194881,1.024,0.531,medium
Fire,24,1,9,reported,True,False,False,False,78422,75849,0.967,0.142,low
Hit & Run,18,0,4,not_reported,True,False,False,False,106570,106663,1.001,0.113,high
Vandalism,68,1,4,reported,True,False,False,False,78677,65259,0.829,0.082,low
Vandalism,36,0,2,not_reported,True,True,False,True,134787,106390,0.789,0.179,medium
Hail/Weather,22,0,3,not_required,True,False,False,False,127064,99805,0.785,0.047,low
Collision,18,0,2,reported,True,True,False,False,145115,143894,0.992,0.155,low
Other,19,1,2,reported,True,False,False,False,27910,19163,0.687,0.026,low
Hail/Weather,37,1,10,not_required,True,False,False,False,80940,75430,0.932,0.067,medium
Collision,74,3,5,reported,True,True,False,True,71422,51509,0.721,0.054,high
Theft,42,0,2,not_required,False,False,False,False,103432,77438,0.749,0.138,high
Hit & Run,18,0,8,reported,True,False,False,False,138323,80812,0.584,0.07,medium
Collision,47,1,0,reported,False,True,False,False,39383,39205,0.995,0.039,medium
Other,34,1,9,not_reported,True,False,False,False,151925,148886,0.98,0.088,high
Theft,54,0,0,reported,True,False,False,False,98496,82461,0.837,0.149,low
Collision,37,0,3,reported,True,True,False,True,75061,49305,0.657,0.075,low
Fire,36,2,4,not_reported,True,False,False,False,42949,29721,0.692,0.05,high
Collision,39,0,3,reported,True,False,False,False,133323,122657,0.92,0.225,low
Natural Disaster,52,0,3,reported,True,False,False,False,45924,34566,0.753,0.124,low
Collision,47,1,1,not_required,False,False,False,False,32339,30697,0.949,0.031,high
Hail/Weather,63,3,0,not_required,True,False,False,False,195224,168410,0.863,0.181,medium
Hail/Weather,53,2,1,not_required,True,False,False,False,54809,40084,0.731,0.076,low
Hail/Weather,25,0,5,not_required,True,False,False,False,86519,67674,0.782,0.127,medium
Collision,39,1,1,not_reported,True,False,False,False,75431,55843,0.74,0.088,low
Collision,39,1,7,reported,True,False,False,False,97814,80933,0.827,0.097,low
Theft,34,2,26,reported,True,False,False,False,159479,158580,0.994,0.222,high
Vandalism,23,3,1,reported,True,False,False,False,108947,101109,0.928,0.108,medium
Hit & Run,51,0,4,reported,True,False,False,False,69317,62414,0.9,0.094,low
Vandalism,42,2,1,not_reported,True,True,False,True,40135,43179,1.076,0.03,high
Vandalism,74,1,3,reported,False,False,False,False,120504,91225,0.757,0.09,high
Hit & Run,43,1,4,reported,True,False,False,False,198340,163467,0.824,0.111,medium
Natural Disaster,42,2,15,reported,True,False,False,False,144073,121481,0.843,0.115,high
Collision,65,2,3,reported,True,False,False,False,27446,24188,0.881,0.033,low
Collision,20,0,9,reported,True,True,False,True,170461,142002,0.833,0.114,high
Collision,41,1,1,reported,True,False,False,False,161468,163005,1.01,0.197,medium
Collision,45,1,14,reported,True,False,False,False,234087,229405,0.98,0.176,medium
Other,32,1,0,not_reported,True,True,False,True,73213,57267,0.782,0.087,medium
Collision,40,1,5,reported,True,False,False,False,276988,171044,0.618,0.357,low
Theft,46,2,2,reported,True,False,False,False,209516,159005,0.759,0.176,medium
Collision,19,0,0,reported,True,False,False,False,90240,75459,0.836,0.089,low
Collision,67,2,1,reported,True,True,False,True,98471,74293,0.754,0.083,medium
Collision,38,1,0,not_required,False,False,False,False,107877,86719,0.804,0.139,medium
Collision,53,1,13,not_reported,True,False,False,False,46365,44065,0.95,0.061,high
Collision,32,0,17,reported,True,False,False,False,100818,91032,0.903,0.092,low
Collision,41,0,9,reported,True,True,False,True,118637,109103,0.92,0.09,low
Collision,45,1,4,reported,True,False,False,False,70402,49823,0.708,0.072,medium
Collision,25,1,0,not_required,True,True,False,True,127688,122615,0.96,0.165,high
Other,37,0,0,reported,True,True,False,False,63082,46857,0.743,0.044,low
Hit & Run,48,0,0,not_required,True,False,False,False,165734,149476,0.902,0.14,medium
Hail/Weather,32,1,0,not_required,True,False,False,False,343385,293258,0.854,0.572,medium
Collision,18,5,3,not_reported,False,True,False,True,95051,70075,0.737,0.039,high
Collision,28,1,6,reported,True,False,False,False,96478,106371,1.103,0.189,medium
Theft,64,3,3,reported,True,True,False,True,83857,102305,1.22,0.101,high
Theft,32,0,0,reported,True,False,False,False,44273,40813,0.922,0.068,low
Fire,64,3,2,not_reported,True,True,False,True,163393,147670,0.904,0.232,high
Hail/Weather,31,1,7,reported,True,False,False,False,371284,416146,1.121,0.379,medium
Theft,48,0,4,not_reported,True,True,False,False,54997,47678,0.867,0.031,low
Hit & Run,61,2,12,not_reported,True,False,False,False,85270,70692,0.829,0.057,high
Other,18,1,3,not_required,True,True,True,True,154548,101569,0.657,0.085,high
Collision,18,1,1,reported,True,False,False,False,155087,124261,0.801,0.135,low
Collision,23,3,9,reported,True,False,False,False,109850,107653,0.98,0.065,high
Collision,46,0,9,reported,True,True,True,False,173935,175779,1.011,0.288,medium
Collision,39,1,4,reported,True,False,False,False,96005,81885,0.853,0.066,medium
Natural Disaster,44,1,4,reported,True,False,False,False,41956,30983,0.738,0.037,low
Collision,75,2,0,not_reported,True,False,False,False,62246,50271,0.808,0.065,high
Hail/Weather,27,1,1,not_required,True,False,False,False,136640,128959,0.944,0.26,medium
Hit & Run,60,1,0,reported,True,False,False,False,69631,71433,1.026,0.088,medium
Collision,47,1,12,reported,True,False,False,False,31312,27886,0.891,0.026,low
Other,58,0,2,reported,False,False,False,False,124161,101644,0.819,0.3,medium
Theft,70,1,2,reported,True,False,False,False,61778,57311,0.928,0.05,low
Vandalism,65,1,13,reported,True,False,False,False,34851,29222,0.838,0.013,low
Hit & Run,31,2,5,not_reported,True,False,False,False,175731,163379,0.93,0.162,high
Collision,37,1,1,reported,True,False,False,False,102916,86137,0.837,0.087,medium
Collision,32,1,24,reported,True,False,False,False,70026,66343,0.947,0.097,medium
Other,43,2,2,not_reported,True,True,False,True,145744,134086,0.92,0.151,high
Collision,69,1,12,not_required,True,False,False,False,177346,182322,1.028,0.434,high
Natural Disaster,52,0,5,not_reported,True,False,False,False,74017,74991,1.013,0.112,low
Collision,35,1,13,reported,True,True,True,False,121867,97564,0.801,0.159,medium
Natural Disaster,46,2,10,not_required,True,False,False,False,110730,81306,0.734,0.175,medium
